{
"type": "FeatureCollection",
"name": "aadt_clipped",
"crs": { "type": "name", "properties": { "name": "urn:ogc:def:crs:OGC:1.3:CRS84" } },
"features": [
{ "type": "Feature", "properties": { "ROUTEID": "11000102", "FROMMEASURE": 0.0, "TOMEASURE": 70.7396, "FROMDATE": 1704085200000, "TODATE": null, "EVENTID": "{55C9247C-DE8F-4983-AC15-0ACAF9948E0C}", "AADT": 4527.0, "AADT_YEAR": 2024, "SE_ANNO_CAD_DATA": null, "OBJECTID": 158499, "SHAPE": null, "SHAPE.LEN": 0, "GLOBALID": "{EA023A12-5C16-4E29-A833-2D08B14B8EA7}", "CREATED": null, "EDITED": null }, "geometry": { "type": "LineString", "coordinates": [ [ -77.012515732636473, 38.889798370494084 ], [ -77.012515738342287, 38.889830890733258 ], [ -77.012514937173307, 38.889863320974925 ], [ -77.012513098613042, 38.889895751327572 ], [ -77.012510453191283, 38.889928181766436 ], [ -77.012506770375666, 38.889960612316138 ], [ -77.012503892490656, 38.889982052560192 ], [ -77.012499173713209, 38.890022680842733 ], [ -77.012493648069267, 38.890063309211136 ], [ -77.012487315525647, 38.890103757497691 ], [ -77.012480176112746, 38.890144205869895 ], [ -77.012472114547222, 38.890184564256096 ], [ -77.012463246078099, 38.890224742559994 ], [ -77.012453570719615, 38.890264830865256 ], [ -77.012444562835555, 38.890298847452932 ], [ -77.012442973204301, 38.890304829183897 ], [ -77.012435600763496, 38.890331224510476 ], [ -77.012400922277706, 38.890427167399835 ] ] } },
{ "type": "Feature", "properties": { "ROUTEID": "11000102", "FROMMEASURE": 70.74, "TOMEASURE": 210.433, "FROMDATE": 1704085200000, "TODATE": null, "EVENTID": "{27130D45-7A7D-4393-8B53-3DD17EF07A49}", "AADT": 7725.0, "AADT_YEAR": 2024, "SE_ANNO_CAD_DATA": null, "OBJECTID": 158500, "SHAPE": null, "SHAPE.LEN": 0, "GLOBALID": "{9382CF34-648B-45C2-A6EB-531EA6B61CB3}", "CREATED": null, "EDITED": null }, "geometry": { "type": "LineString", "coordinates": [ [ -77.01222901578889, 38.890841931128584 ], [ -77.012202054971254, 38.890910307514638 ], [ -77.012178207751305, 38.890987061357599 ], [ -77.012176682416211, 38.891032292566329 ], [ -77.012174767149986, 38.891089126601898 ], [ -77.012173696125814, 38.891567561470545 ], [ -77.012175155230139, 38.89194461580302 ], [ -77.012175745701043, 38.892094902430912 ] ] } },
{ "type": "Feature", "properties": { "ROUTEID": "11000302", "FROMMEASURE": 0.0, "TOMEASURE": 92.635, "FROMDATE": 1704085200000, "TODATE": null, "EVENTID": "{F45945FD-3680-47AB-89D8-C0327785349E}", "AADT": 8893.0, "AADT_YEAR": 2024, "SE_ANNO_CAD_DATA": null, "OBJECTID": 158649, "SHAPE": null, "SHAPE.LEN": 0, "GLOBALID": "{DCB15B4A-A3C4-4C30-97E6-FCE6B140B751}", "CREATED": null, "EDITED": null }, "geometry": { "type": "LineString", "coordinates": [ [ -77.015194135360005, 38.889808124116037 ], [ -77.015193964456941, 38.889979841812675 ], [ -77.015200113192023, 38.890490489816905 ], [ -77.015201943763799, 38.89064258699085 ] ] } },
{ "type": "Feature", "properties": { "ROUTEID": "11000302", "FROMMEASURE": 92.635, "TOMEASURE": 182.893, "FROMDATE": 1704085200000, "TODATE": null, "EVENTID": "{3C1B85C4-A9A2-4CFD-BADF-BDD70839578F}", "AADT": 8893.0, "AADT_YEAR": 2024, "SE_ANNO_CAD_DATA": null, "OBJECTID": 158650, "SHAPE": null, "SHAPE.LEN": 0, "GLOBALID": "{0F907F4C-8650-43F3-B576-6A5D635102F6}", "CREATED": null, "EDITED": null }, "geometry": { "type": "LineString", "coordinates": [ [ -77.015201943763799, 38.89064258699085 ], [ -77.015197782458998, 38.890749985382826 ], [ -77.015189563022929, 38.890962295835422 ], [ -77.015192049283399, 38.891216412753558 ], [ -77.015192155309293, 38.89122714171377 ], [ -77.015183558814485, 38.891455415036013 ] ] } },
{ "type": "Feature", "properties": { "ROUTEID": "11000302", "FROMMEASURE": 182.893, "TOMEASURE": 254.48, "FROMDATE": 1704085200000, "TODATE": null, "EVENTID": "{36207BB3-A8E2-448C-9E6D-16931584D653}", "AADT": 17923.0, "AADT_YEAR": 2024, "SE_ANNO_CAD_DATA": null, "OBJECTID": 158651, "SHAPE": null, "SHAPE.LEN": 0, "GLOBALID": "{A46D3384-F358-48E4-83A8-778A4A5B3205}", "CREATED": null, "EDITED": null }, "geometry": { "type": "LineString", "coordinates": [ [ -77.015183558814485, 38.891455415036013 ], [ -77.015188654219017, 38.891999367000814 ], [ -77.0152340673352, 38.892093831895572 ] ] } },
{ "type": "Feature", "properties": { "ROUTEID": "11000302", "FROMMEASURE": 254.48, "TOMEASURE": 420.683, "FROMDATE": 1704085200000, "TODATE": null, "EVENTID": "{36E49EEC-9DCC-4C79-8F70-7B3F4462EA9D}", "AADT": 17923.0, "AADT_YEAR": 2024, "SE_ANNO_CAD_DATA": null, "OBJECTID": 158652, "SHAPE": null, "SHAPE.LEN": 0, "GLOBALID": "{9228664C-3CA2-40AD-B531-692F81F6FF04}", "CREATED": null, "EDITED": null }, "geometry": { "type": "LineString", "coordinates": [ [ -77.0152340673352, 38.892093831895572 ], [ -77.015231105133907, 38.892418755281547 ], [ -77.015229449290686, 38.89259965262417 ], [ -77.015227568007248, 38.892966473776916 ], [ -77.015230513610433, 38.893265461241604 ], [ -77.015229982764325, 38.893424621211295 ], [ -77.015229430407757, 38.893591023909401 ] ] } },
{ "type": "Feature", "properties": { "ROUTEID": "11000402", "FROMMEASURE": 99.006, "TOMEASURE": 267.0159, "FROMDATE": 1704085200000, "TODATE": null, "EVENTID": "{E1B5FE26-352B-4118-8DFF-0B8F7A972ED5}", "AADT": 7028.0, "AADT_YEAR": 2024, "SE_ANNO_CAD_DATA": null, "OBJECTID": 158749, "SHAPE": null, "SHAPE.LEN": 0, "GLOBALID": "{23E0A73C-C6B3-4049-A27A-B9B4C57248A8}", "CREATED": null, "EDITED": null }, "geometry": { "type": "LineString", "coordinates": [ [ -77.017570206564599, 38.890603788961826 ], [ -77.017568600255473, 38.890727546264692 ], [ -77.017556971840534, 38.891625610892767 ], [ -77.017562304254554, 38.891888195175035 ], [ -77.01756694833999, 38.892117160300174 ] ] } },
{ "type": "Feature", "properties": { "ROUTEID": "11000602", "FROMMEASURE": 0.0, "TOMEASURE": 75.805, "FROMDATE": 1704085200000, "TODATE": null, "EVENTID": "{0BDE87FD-427A-40BF-BF72-E1630C44ECD3}", "AADT": 9301.0, "AADT_YEAR": 2024, "SE_ANNO_CAD_DATA": null, "OBJECTID": 158952, "SHAPE": null, "SHAPE.LEN": 0, "GLOBALID": "{5F85F5AD-9524-46AB-A065-8A9A4D7B8251}", "CREATED": null, "EDITED": null }, "geometry": { "type": "LineString", "coordinates": [ [ -77.019913094028794, 38.892083633052025 ], [ -77.019901723030415, 38.892766451620233 ] ] } },
{ "type": "Feature", "properties": { "ROUTEID": "11000602", "FROMMEASURE": 75.806, "TOMEASURE": 169.05, "FROMDATE": 1704085200000, "TODATE": null, "EVENTID": "{3D788883-F5A9-4417-9C5E-4DCFB1868126}", "AADT": 9301.0, "AADT_YEAR": 2024, "SE_ANNO_CAD_DATA": null, "OBJECTID": 158953, "SHAPE": null, "SHAPE.LEN": 0, "GLOBALID": "{B04E703E-D58C-4376-8674-E6A903013DC2}", "CREATED": null, "EDITED": null }, "geometry": { "type": "LineString", "coordinates": [ [ -77.019901723030415, 38.892766451620233 ], [ -77.019904406198904, 38.892839653194237 ], [ -77.019925687342962, 38.893012709397333 ], [ -77.019927281699253, 38.893025672172236 ], [ -77.019926990121036, 38.893302346335005 ], [ -77.01992667136993, 38.893605550140855 ] ] } },
{ "type": "Feature", "properties": { "ROUTEID": "11000602", "FROMMEASURE": 169.05, "TOMEASURE": 259.351, "FROMDATE": 1704085200000, "TODATE": null, "EVENTID": "{E245A68B-F75F-480B-8406-6B527796B3C6}", "AADT": 9301.0, "AADT_YEAR": 2024, "SE_ANNO_CAD_DATA": null, "OBJECTID": 158954, "SHAPE": null, "SHAPE.LEN": 0, "GLOBALID": "{1A6ED521-A80E-4728-95A5-ED7A01381DBD}", "CREATED": null, "EDITED": null }, "geometry": { "type": "LineString", "coordinates": [ [ -77.01992667136993, 38.893605550140855 ], [ -77.019903498146704, 38.894418811729501 ] ] } },
{ "type": "Feature", "properties": { "ROUTEID": "11000702", "FROMMEASURE": 271.787, "TOMEASURE": 406.926, "FROMDATE": 1704085200000, "TODATE": null, "EVENTID": "{B234633A-54CA-4C19-885C-6C3D85046A42}", "AADT": 11707.0, "AADT_YEAR": 2024, "SE_ANNO_CAD_DATA": null, "OBJECTID": 159013, "SHAPE": null, "SHAPE.LEN": 0, "GLOBALID": "{B8B7C3F5-744D-40D2-B0E5-5AD9F83C6078}", "CREATED": null, "EDITED": null }, "geometry": { "type": "LineString", "coordinates": [ [ -77.021902386872441, 38.892085871368501 ], [ -77.021921251354414, 38.892256891792798 ], [ -77.02192273093091, 38.892270322999153 ], [ -77.021924881394426, 38.892516341255217 ], [ -77.02192449506893, 38.892759567381361 ], [ -77.0219242760284, 38.893097030041957 ], [ -77.021924262523385, 38.893128099918101 ], [ -77.021922107701968, 38.893243047142711 ], [ -77.021921353673406, 38.893302556585326 ] ] } },
{ "type": "Feature", "properties": { "ROUTEID": "11000702", "FROMMEASURE": 406.926, "TOMEASURE": 471.557, "FROMDATE": 1704085200000, "TODATE": null, "EVENTID": "{3FF30509-5065-45D2-B133-8E81072F0A49}", "AADT": 9469.0, "AADT_YEAR": 2024, "SE_ANNO_CAD_DATA": null, "OBJECTID": 159014, "SHAPE": null, "SHAPE.LEN": 0, "GLOBALID": "{FEB88AA3-FF42-43EE-8732-EEBB207A9C33}", "CREATED": null, "EDITED": null }, "geometry": { "type": "LineString", "coordinates": [ [ -77.021921353673406, 38.893302556585326 ], [ -77.021920194422179, 38.893393811603417 ], [ -77.021917341670402, 38.893563331664538 ], [ -77.021917137851688, 38.89357527680253 ], [ -77.021916677319794, 38.893652118291875 ], [ -77.021915809964355, 38.893793027387972 ], [ -77.021913163824024, 38.893884724087137 ] ] } },
{ "type": "Feature", "properties": { "ROUTEID": "11000702", "FROMMEASURE": 471.557, "TOMEASURE": 573.422, "FROMDATE": 1704085200000, "TODATE": null, "EVENTID": "{B13C1031-E6B5-409A-8705-F17333856060}", "AADT": 9469.0, "AADT_YEAR": 2024, "SE_ANNO_CAD_DATA": null, "OBJECTID": 159015, "SHAPE": null, "SHAPE.LEN": 0, "GLOBALID": "{B3FC7E92-C560-42BD-8D35-DEE6829B0FE6}", "CREATED": null, "EDITED": null }, "geometry": { "type": "LineString", "coordinates": [ [ -77.021913163824024, 38.893884724087137 ], [ -77.02191262782604, 38.893903542673371 ], [ -77.021914575936179, 38.894016146935961 ], [ -77.021916265803341, 38.894113617183159 ], [ -77.021916343464881, 38.894366392025177 ], [ -77.021911377621407, 38.894712008054277 ], [ -77.021910079713038, 38.894802308188318 ] ] } },
{ "type": "Feature", "properties": { "ROUTEID": "11000902", "FROMMEASURE": 273.353, "TOMEASURE": 472.856, "FROMDATE": 1704085200000, "TODATE": null, "EVENTID": "{F1CCBEDF-385E-408A-A962-D3750F522846}", "AADT": 26877.0, "AADT_YEAR": 2024, "SE_ANNO_CAD_DATA": null, "OBJECTID": 159221, "SHAPE": null, "SHAPE.LEN": 0, "GLOBALID": "{8D93B199-C27A-47C7-9156-66A8980EB652}", "CREATED": null, "EDITED": null }, "geometry": { "type": "LineString", "coordinates": [ [ -77.023964322185094, 38.892087223146923 ], [ -77.023966787113622, 38.892253319025329 ], [ -77.023966916854832, 38.892262084145621 ], [ -77.023972884811144, 38.892527559667151 ], [ -77.023973545897334, 38.892779703874403 ], [ -77.023974437378214, 38.893031397604609 ], [ -77.023974418806816, 38.893319124995699 ], [ -77.02397450901222, 38.89334743828821 ], [ -77.023975313991286, 38.893581808913581 ], [ -77.023975936898694, 38.893651713743488 ], [ -77.023977432936974, 38.89388435460728 ] ] } },
{ "type": "Feature", "properties": { "ROUTEID": "11000902", "FROMMEASURE": 472.856, "TOMEASURE": 575.039, "FROMDATE": 1704085200000, "TODATE": null, "EVENTID": "{5D0EE4D6-CF42-444A-9EF4-4C4C70AC286F}", "AADT": 14282.0, "AADT_YEAR": 2024, "SE_ANNO_CAD_DATA": null, "OBJECTID": 159222, "SHAPE": null, "SHAPE.LEN": 0, "GLOBALID": "{0789534D-1BCC-46B8-B5F1-95B53544BA22}", "CREATED": null, "EDITED": null }, "geometry": { "type": "LineString", "coordinates": [ [ -77.023977432936974, 38.89388435460728 ], [ -77.023955850288459, 38.894147889897837 ], [ -77.023966525003161, 38.894698281071307 ], [ -77.02397469885733, 38.89480406467144 ] ] } },
{ "type": "Feature", "properties": { "ROUTEID": "11000902", "FROMMEASURE": 575.039, "TOMEASURE": 723.412, "FROMDATE": 1704085200000, "TODATE": null, "EVENTID": "{4C98B87D-D2DB-459B-BF94-DFE16E71AD39}", "AADT": 14282.0, "AADT_YEAR": 2024, "SE_ANNO_CAD_DATA": null, "OBJECTID": 159223, "SHAPE": null, "SHAPE.LEN": 0, "GLOBALID": "{6842C8CE-5609-41AD-8E2F-F81B18E06E37}", "CREATED": null, "EDITED": null }, "geometry": { "type": "LineString", "coordinates": [ [ -77.02397469885733, 38.89480406467144 ], [ -77.023974688298793, 38.894806947351633 ], [ -77.023977349343966, 38.89490455248211 ], [ -77.023979123413497, 38.894969727665732 ], [ -77.023980233694573, 38.895529237189066 ], [ -77.023970522932828, 38.895995719472133 ], [ -77.023967641569612, 38.896134511972662 ], [ -77.023967678180256, 38.896140547570916 ] ] } },
{ "type": "Feature", "properties": { "ROUTEID": "11001002", "FROMMEASURE": 0.0, "TOMEASURE": 262.294, "FROMDATE": 1704085200000, "TODATE": null, "EVENTID": "{C74CF63E-A664-4FF9-9673-4A4B88FA4438}", "AADT": 4965.0, "AADT_YEAR": 2024, "SE_ANNO_CAD_DATA": null, "OBJECTID": 159320, "SHAPE": null, "SHAPE.LEN": 0, "GLOBALID": "{75A65A8F-AC8B-49DA-B309-94A2F2DE0364}", "CREATED": null, "EDITED": null }, "geometry": { "type": "LineString", "coordinates": [ [ -77.025992726205288, 38.892089726091882 ], [ -77.025982349955584, 38.894299545006085 ], [ -77.026004099719472, 38.894451610454702 ] ] } },
{ "type": "Feature", "properties": { "ROUTEID": "11001002", "FROMMEASURE": 262.294, "TOMEASURE": 449.818, "FROMDATE": 1704085200000, "TODATE": null, "EVENTID": "{9CE7D7CE-E063-4ADA-A180-A833CE046C8B}", "AADT": 4965.0, "AADT_YEAR": 2024, "SE_ANNO_CAD_DATA": null, "OBJECTID": 159321, "SHAPE": null, "SHAPE.LEN": 0, "GLOBALID": "{2B4F3517-298C-4C81-ABB2-C98CF7E383E8}", "CREATED": null, "EDITED": null }, "geometry": { "type": "LineString", "coordinates": [ [ -77.026004099719472, 38.894451610454702 ], [ -77.02598713597223, 38.896140836412854 ] ] } },
{ "type": "Feature", "properties": { "ROUTEID": "11001102", "FROMMEASURE": 0.0, "TOMEASURE": 154.651, "FROMDATE": 1704085200000, "TODATE": null, "EVENTID": "{96DB433A-ACDB-4FC1-8C0A-4ADD34A9DD75}", "AADT": 16748.0, "AADT_YEAR": 2024, "SE_ANNO_CAD_DATA": null, "OBJECTID": 159366, "SHAPE": null, "SHAPE.LEN": 0, "GLOBALID": "{7D7517BD-2A79-4633-8E6B-D7A6A8C91F3A}", "CREATED": null, "EDITED": null }, "geometry": { "type": "LineString", "coordinates": [ [ -77.027055800130924, 38.894744341771371 ], [ -77.027043371534333, 38.896137461737958 ] ] } },
{ "type": "Feature", "properties": { "ROUTEID": "11001202", "FROMMEASURE": 180.832, "TOMEASURE": 506.484, "FROMDATE": 1732251600000, "TODATE": null, "EVENTID": "{8E708A2D-87D5-4F50-BDFD-844853D6E212}", "AADT": 18057.0, "AADT_YEAR": 2024, "SE_ANNO_CAD_DATA": null, "OBJECTID": 159432, "SHAPE": null, "SHAPE.LEN": 0, "GLOBALID": "{BFEAC668-B06B-4368-A5EA-78C2096EE8D2}", "CREATED": null, "EDITED": null }, "geometry": { "type": "LineString", "coordinates": [ [ -77.028139708161532, 38.892093183252776 ], [ -77.028132034551106, 38.893650786696355 ], [ -77.028124924288548, 38.893743574628211 ], [ -77.028118186654666, 38.894196877448813 ], [ -77.028108805494, 38.894670089364851 ], [ -77.028101475092399, 38.894789632187752 ], [ -77.028101295406472, 38.894801694437156 ], [ -77.028099229342416, 38.894941243577726 ], [ -77.028098329153337, 38.895026363870876 ] ] } },
{ "type": "Feature", "properties": { "ROUTEID": "11001202", "FROMMEASURE": 506.484, "TOMEASURE": 630.121, "FROMDATE": 1732251600000, "TODATE": null, "EVENTID": "{7F4B61C7-69D0-4E4C-86CF-F6D870E781F2}", "AADT": 14693.0, "AADT_YEAR": 2024, "SE_ANNO_CAD_DATA": null, "OBJECTID": 159433, "SHAPE": null, "SHAPE.LEN": 0, "GLOBALID": "{10A3BE84-2456-4231-946A-BAD2530A07D0}", "CREATED": null, "EDITED": null }, "geometry": { "type": "LineString", "coordinates": [ [ -77.028098329153337, 38.895026363870876 ], [ -77.028101486047731, 38.895110059864471 ], [ -77.02809819419663, 38.895239781162381 ], [ -77.028098566379072, 38.895277436052524 ], [ -77.028088718198376, 38.895472829926327 ], [ -77.028084169027395, 38.896010477421541 ], [ -77.028083210628409, 38.896123505633213 ], [ -77.028083355413912, 38.896139900826256 ] ] } },
{ "type": "Feature", "properties": { "ROUTEID": "11001302", "FROMMEASURE": 0.0, "TOMEASURE": 75.376, "FROMDATE": 1727755200000, "TODATE": null, "EVENTID": "{0A46D431-59EF-4CAE-8992-7F8A983871EC}", "AADT": 13953.0, "AADT_YEAR": 2024, "SE_ANNO_CAD_DATA": null, "OBJECTID": 159492, "SHAPE": null, "SHAPE.LEN": 0, "GLOBALID": "{5F445B52-7381-4D58-AABB-E0323280E675}", "CREATED": null, "EDITED": null }, "geometry": { "type": "LineString", "coordinates": [ [ -77.029635384989604, 38.895454394991411 ], [ -77.029636594712812, 38.895674775396692 ], [ -77.029640170911108, 38.89598638292847 ], [ -77.029641857382202, 38.896133390043261 ] ] } },
{ "type": "Feature", "properties": { "ROUTEID": "11001302", "FROMMEASURE": 75.376, "TOMEASURE": 210.08, "FROMDATE": 1727755200000, "TODATE": null, "EVENTID": "{24127CAD-D6C7-4468-A9B8-CF7B86FAD006}", "AADT": 13953.0, "AADT_YEAR": 2024, "SE_ANNO_CAD_DATA": null, "OBJECTID": 159493, "SHAPE": null, "SHAPE.LEN": 0, "GLOBALID": "{116260B5-9BC4-4DA5-B288-10DAE28BA0CB}", "CREATED": null, "EDITED": null }, "geometry": { "type": "LineString", "coordinates": [ [ -77.029641857382202, 38.896133390043261 ], [ -77.02963877741341, 38.896267038955813 ], [ -77.029630307795273, 38.896635429243183 ], [ -77.029621543480246, 38.897182689684804 ], [ -77.029621534026319, 38.897215444103345 ], [ -77.029621496322974, 38.897346732026506 ] ] } },
{ "type": "Feature", "properties": { "ROUTEID": "11001352", "FROMMEASURE": 0.0, "TOMEASURE": 96.726, "FROMDATE": 1704085200000, "TODATE": null, "EVENTID": "{53DE475D-A578-4F2E-96F8-4DF72231CAFA}", "AADT": null, "AADT_YEAR": 2024, "SE_ANNO_CAD_DATA": null, "OBJECTID": 159647, "SHAPE": null, "SHAPE.LEN": 0, "GLOBALID": "{A8A7D462-F069-4B58-B89F-D470C1547619}", "CREATED": null, "EDITED": null }, "geometry": { "type": "LineString", "coordinates": [ [ -77.030787468642743, 38.894640596274364 ], [ -77.030784896269878, 38.894716609572896 ], [ -77.030777881831767, 38.895023742755605 ], [ -77.03076955930392, 38.895238117096461 ], [ -77.030770086279034, 38.895310670356686 ], [ -77.030771533262183, 38.895511763778387 ] ] } },
{ "type": "Feature", "properties": { "ROUTEID": "11001402", "FROMMEASURE": 284.883, "TOMEASURE": 566.634, "FROMDATE": 1704085200000, "TODATE": null, "EVENTID": "{D4D2A80F-AF93-42DF-86DA-0EE5D7794777}", "AADT": 35344.0, "AADT_YEAR": 2024, "SE_ANNO_CAD_DATA": null, "OBJECTID": 159650, "SHAPE": null, "SHAPE.LEN": 0, "GLOBALID": "{077BB881-E228-4D50-AA96-3A16339D959E}", "CREATED": null, "EDITED": null }, "geometry": { "type": "LineString", "coordinates": [ [ -77.031966129770709, 38.892100990901078 ], [ -77.031966085398764, 38.892104864513826 ], [ -77.031958527073584, 38.892292420915219 ], [ -77.031941199160642, 38.893650383701271 ], [ -77.031965941325794, 38.894638757299347 ] ] } },
{ "type": "Feature", "properties": { "ROUTEID": "11001402", "FROMMEASURE": 566.634, "TOMEASURE": 662.964, "FROMDATE": 1704085200000, "TODATE": null, "EVENTID": "{46C4C0FC-A5BD-4F76-832D-D0FFD15839D3}", "AADT": 35344.0, "AADT_YEAR": 2024, "SE_ANNO_CAD_DATA": null, "OBJECTID": 159651, "SHAPE": null, "SHAPE.LEN": 0, "GLOBALID": "{EDA1D357-25F3-4B74-8812-C2A3346052F6}", "CREATED": null, "EDITED": null }, "geometry": { "type": "LineString", "coordinates": [ [ -77.031965941325794, 38.894638757299347 ], [ -77.031966340400047, 38.89465470200404 ], [ -77.03196092840615, 38.894744949329208 ], [ -77.031958192033542, 38.895326953762265 ], [ -77.031957350241058, 38.895506427712448 ] ] } },
{ "type": "Feature", "properties": { "ROUTEID": "11001402", "FROMMEASURE": 662.964, "TOMEASURE": 730.224, "FROMDATE": 1704085200000, "TODATE": null, "EVENTID": "{61DB33BF-EB14-4AD6-9E54-C85CB1AED8B6}", "AADT": 29858.0, "AADT_YEAR": 2024, "SE_ANNO_CAD_DATA": null, "OBJECTID": 159652, "SHAPE": null, "SHAPE.LEN": 0, "GLOBALID": "{CD918672-4ABD-4D04-94D4-4308E5E6B52A}", "CREATED": null, "EDITED": null }, "geometry": { "type": "LineString", "coordinates": [ [ -77.031957350241058, 38.895506427712448 ], [ -77.03195847446726, 38.895700071281482 ], [ -77.031959724258613, 38.895916668129701 ], [ -77.031961406442846, 38.895991986628829 ], [ -77.031964077108185, 38.896112301650312 ] ] } },
{ "type": "Feature", "properties": { "ROUTEID": "11001402", "FROMMEASURE": 730.224, "TOMEASURE": 868.369, "FROMDATE": 1704085200000, "TODATE": null, "EVENTID": "{14A63D12-B75B-4C2C-83BC-277B78E48CEC}", "AADT": 29858.0, "AADT_YEAR": 2024, "SE_ANNO_CAD_DATA": null, "OBJECTID": 159653, "SHAPE": null, "SHAPE.LEN": 0, "GLOBALID": "{07A1FA74-EE0A-455D-B849-C4D7DC9B862D}", "CREATED": null, "EDITED": null }, "geometry": { "type": "LineString", "coordinates": [ [ -77.031964077108185, 38.896112301650312 ], [ -77.031967747307874, 38.896276532184061 ], [ -77.031970194351189, 38.896386541689054 ], [ -77.031968725243459, 38.896966770957526 ], [ -77.031966648211736, 38.897219447170514 ], [ -77.03196552236281, 38.897356707939331 ] ] } },
{ "type": "Feature", "properties": { "ROUTEID": "11001502", "FROMMEASURE": 303.215, "TOMEASURE": 679.525, "FROMDATE": 1704085200000, "TODATE": null, "EVENTID": "{5C1C2E05-63C2-4537-A144-785DE6F2AE97}", "AADT": 12214.0, "AADT_YEAR": 2024, "SE_ANNO_CAD_DATA": null, "OBJECTID": 159798, "SHAPE": null, "SHAPE.LEN": 0, "GLOBALID": "{19ADF1FA-BF5D-49CC-845D-3659FC2E1441}", "CREATED": null, "EDITED": null }, "geometry": { "type": "LineString", "coordinates": [ [ -77.033655294342907, 38.892097300416332 ], [ -77.033643403807815, 38.892279516211083 ], [ -77.033642419584965, 38.892294560477914 ], [ -77.033638359001202, 38.892483557315131 ], [ -77.033637986359608, 38.892671111744207 ], [ -77.033637729241264, 38.892859206636167 ], [ -77.033637692978246, 38.893026762369949 ], [ -77.033637316126743, 38.893205398494139 ], [ -77.033647150639169, 38.893649328206649 ], [ -77.033650201229662, 38.89388498631083 ], [ -77.033643375855377, 38.894322254574654 ], [ -77.033647570598617, 38.895150663012622 ], [ -77.033647655788869, 38.895331271769166 ], [ -77.033647729171207, 38.895486846268277 ] ] } },
{ "type": "Feature", "properties": { "ROUTEID": "11001502", "FROMMEASURE": 679.525, "TOMEASURE": 782.038, "FROMDATE": 1704085200000, "TODATE": null, "EVENTID": "{0A8B8A4E-B5F5-4240-B223-26A4F2EA70D5}", "AADT": 12251.0, "AADT_YEAR": 2024, "SE_ANNO_CAD_DATA": null, "OBJECTID": 159799, "SHAPE": null, "SHAPE.LEN": 0, "GLOBALID": "{B20CD1A1-E0F8-4689-AD04-E98CBF9C4B33}", "CREATED": null, "EDITED": null }, "geometry": { "type": "LineString", "coordinates": [ [ -77.033647729171207, 38.895486846268277 ], [ -77.033647813478424, 38.895665581273782 ], [ -77.033648143536226, 38.895705470231512 ], [ -77.033652944539298, 38.896279265815046 ], [ -77.033651530822937, 38.896410301925592 ] ] } },
{ "type": "Feature", "properties": { "ROUTEID": "11001502", "FROMMEASURE": 782.038, "TOMEASURE": 886.681, "FROMDATE": 1704085200000, "TODATE": null, "EVENTID": "{ED84C5DB-31AF-4BCB-97D2-E98E1D3C56FC}", "AADT": 10408.0, "AADT_YEAR": 2024, "SE_ANNO_CAD_DATA": null, "OBJECTID": 159800, "SHAPE": null, "SHAPE.LEN": 0, "GLOBALID": "{F7BBA3CB-F6CC-449B-B566-1196F7FD8956}", "CREATED": null, "EDITED": null }, "geometry": { "type": "LineString", "coordinates": [ [ -77.033651530822937, 38.896410301925592 ], [ -77.033652367127942, 38.896545868593179 ], [ -77.033653003617502, 38.89664884304586 ], [ -77.033648312640082, 38.896968190973361 ], [ -77.033647893818952, 38.897204471515153 ], [ -77.033647641073642, 38.897352938456216 ] ] } },
{ "type": "Feature", "properties": { "ROUTEID": "11001502", "FROMMEASURE": 886.681, "TOMEASURE": 994.261, "FROMDATE": 1704085200000, "TODATE": null, "EVENTID": "{E3F8CC28-DEFC-49D7-B727-4FAA5DCF6A96}", "AADT": 10408.0, "AADT_YEAR": 2024, "SE_ANNO_CAD_DATA": null, "OBJECTID": 159801, "SHAPE": null, "SHAPE.LEN": 0, "GLOBALID": "{4729974F-9617-4BF7-8FCD-CF4CFA570DF2}", "CREATED": null, "EDITED": null }, "geometry": { "type": "LineString", "coordinates": [ [ -77.033647641073642, 38.897352938456216 ], [ -77.033647367566189, 38.897506269916384 ], [ -77.03364619504309, 38.898173168477797 ], [ -77.033645930962564, 38.898322058789574 ] ] } },
{ "type": "Feature", "properties": { "ROUTEID": "11001502", "FROMMEASURE": 994.261, "TOMEASURE": 1046.16, "FROMDATE": 1704085200000, "TODATE": null, "EVENTID": "{450670A9-E604-4354-B149-6E60FF8F713A}", "AADT": 10408.0, "AADT_YEAR": 2024, "SE_ANNO_CAD_DATA": null, "OBJECTID": 159802, "SHAPE": null, "SHAPE.LEN": 0, "GLOBALID": "{8BE27322-2123-4E3E-A440-76813F87BBF4}", "CREATED": null, "EDITED": null }, "geometry": { "type": "LineString", "coordinates": [ [ -77.033645930962564, 38.898322058789574 ], [ -77.033645721623046, 38.898440365687868 ], [ -77.033645495320044, 38.898571590581412 ], [ -77.033645140918054, 38.898626757899521 ], [ -77.033644474051968, 38.898728246309524 ], [ -77.033644076446876, 38.898789584367073 ] ] } },
{ "type": "Feature", "properties": { "ROUTEID": "11001502", "FROMMEASURE": 1046.161, "TOMEASURE": 1119.537, "FROMDATE": 1704085200000, "TODATE": null, "EVENTID": "{CBD36EF0-6AF0-4291-9363-8C448D3F0193}", "AADT": 10408.0, "AADT_YEAR": 2024, "SE_ANNO_CAD_DATA": null, "OBJECTID": 159803, "SHAPE": null, "SHAPE.LEN": 0, "GLOBALID": "{45D13011-88ED-40E2-97A3-6B4ADD919752}", "CREATED": null, "EDITED": null }, "geometry": { "type": "LineString", "coordinates": [ [ -77.033644076446876, 38.898789584367073 ], [ -77.033643883431466, 38.898820302939917 ], [ -77.033643614699429, 38.898861579335531 ], [ -77.033642776712981, 38.898991336032253 ], [ -77.03364098193903, 38.899267848230167 ], [ -77.033641563828766, 38.899450582684501 ] ] } },
{ "type": "Feature", "properties": { "ROUTEID": "11001502", "FROMMEASURE": 1119.537, "TOMEASURE": 1204.294, "FROMDATE": 1704085200000, "TODATE": null, "EVENTID": "{CF7BEE2B-8967-4F84-ACB7-DA165FC82F09}", "AADT": 10408.0, "AADT_YEAR": 2024, "SE_ANNO_CAD_DATA": null, "OBJECTID": 159804, "SHAPE": null, "SHAPE.LEN": 0, "GLOBALID": "{D193D8AA-9B62-4DBB-ABB0-D6D4D72DF462}", "CREATED": null, "EDITED": null }, "geometry": { "type": "LineString", "coordinates": [ [ -77.033641563828766, 38.899450582684501 ], [ -77.033643571103795, 38.900089004670022 ], [ -77.033643964422566, 38.90021409465286 ] ] } },
{ "type": "Feature", "properties": { "ROUTEID": "11001702", "FROMMEASURE": 830.06, "TOMEASURE": 937.243, "FROMDATE": 1704085200000, "TODATE": null, "EVENTID": "{BD2B6C0F-3546-4138-BA2A-73112DC98755}", "AADT": 23358.0, "AADT_YEAR": 2024, "SE_ANNO_CAD_DATA": null, "OBJECTID": 160005, "SHAPE": null, "SHAPE.LEN": 0, "GLOBALID": "{EE4EE3C8-F5D4-4FD7-8BD4-254A9AF29386}", "CREATED": null, "EDITED": null }, "geometry": { "type": "LineString", "coordinates": [ [ -77.039474807291938, 38.89736402360132 ], [ -77.039479540767942, 38.897460150267754 ], [ -77.039480276137226, 38.897476626319204 ], [ -77.039475783891106, 38.897837241693004 ], [ -77.039473453937717, 38.898168155736471 ], [ -77.039473847598472, 38.898233745501955 ], [ -77.039474257930024, 38.898329459229771 ] ] } },
{ "type": "Feature", "properties": { "ROUTEID": "11001702", "FROMMEASURE": 937.244, "TOMEASURE": 991.866, "FROMDATE": 1704085200000, "TODATE": null, "EVENTID": "{8E21D148-42DC-436E-A412-87A8FFC345C9}", "AADT": 23358.0, "AADT_YEAR": 2024, "SE_ANNO_CAD_DATA": null, "OBJECTID": 160006, "SHAPE": null, "SHAPE.LEN": 0, "GLOBALID": "{F4883E77-BB2B-4E3E-8CA1-458F144E8000}", "CREATED": null, "EDITED": null }, "geometry": { "type": "LineString", "coordinates": [ [ -77.039474257930024, 38.898329459229771 ], [ -77.039474307237469, 38.898418560938985 ], [ -77.03947515243928, 38.898633491198375 ], [ -77.039474076756036, 38.898647850892999 ], [ -77.039462644715371, 38.898821265746633 ] ] } },
{ "type": "Feature", "properties": { "ROUTEID": "11001702", "FROMMEASURE": 991.866, "TOMEASURE": 1146.659, "FROMDATE": 1704085200000, "TODATE": null, "EVENTID": "{35A11D36-2BCC-4CBD-8214-03F9730B42F5}", "AADT": 23681.0, "AADT_YEAR": 2024, "SE_ANNO_CAD_DATA": null, "OBJECTID": 160007, "SHAPE": null, "SHAPE.LEN": 0, "GLOBALID": "{E7D6A709-41D9-4588-B9C1-925E1C744055}", "CREATED": null, "EDITED": null }, "geometry": { "type": "LineString", "coordinates": [ [ -77.039462644715371, 38.898821265746633 ], [ -77.039459066897507, 38.898876308053111 ], [ -77.03945626383755, 38.899019028492219 ], [ -77.039456264928802, 38.899021001323291 ], [ -77.039454584504284, 38.899234247848923 ], [ -77.039451593687232, 38.899683685047897 ], [ -77.039450385116808, 38.900103979561088 ], [ -77.039450391887598, 38.900116221921365 ], [ -77.039450446846175, 38.900215593131492 ] ] } },
{ "type": "Feature", "properties": { "ROUTEID": "11001802", "FROMMEASURE": 690.026, "TOMEASURE": 832.044, "FROMDATE": 1704085200000, "TODATE": null, "EVENTID": "{30AC5A1D-E3ED-4E79-AE08-BB82E01E801E}", "AADT": 6749.0, "AADT_YEAR": 2024, "SE_ANNO_CAD_DATA": null, "OBJECTID": 160105, "SHAPE": null, "SHAPE.LEN": 0, "GLOBALID": "{7A00CA71-DC38-4C56-A5BB-2D69A70ABAE5}", "CREATED": null, "EDITED": null }, "geometry": { "type": "LineString", "coordinates": [ [ -77.041704550156197, 38.898322351397219 ], [ -77.041706046122513, 38.898416380165109 ], [ -77.041706051057616, 38.898424821000191 ], [ -77.041708054835709, 38.898776146460818 ], [ -77.041707183204068, 38.899138733379282 ], [ -77.0417087823988, 38.899409271948024 ], [ -77.041709182654657, 38.899462898584936 ], [ -77.041707096515864, 38.899601682154511 ] ] } },
{ "type": "Feature", "properties": { "ROUTEID": "11001802", "FROMMEASURE": 832.044, "TOMEASURE": 900.53, "FROMDATE": 1704085200000, "TODATE": null, "EVENTID": "{A1123FCE-5DD4-43F5-BF0E-9834E1D97FE8}", "AADT": 10014.0, "AADT_YEAR": 2024, "SE_ANNO_CAD_DATA": null, "OBJECTID": 160106, "SHAPE": null, "SHAPE.LEN": 0, "GLOBALID": "{8D52D206-F29E-4B1A-8A56-275B215CE496}", "CREATED": null, "EDITED": null }, "geometry": { "type": "LineString", "coordinates": [ [ -77.041707096515864, 38.899601682154511 ], [ -77.041705036875982, 38.89976608549167 ], [ -77.041705046588106, 38.899782696906989 ], [ -77.041703409398494, 38.900078144718499 ], [ -77.04170341194758, 38.900082504764335 ], [ -77.041702776772141, 38.90021861231731 ] ] } },
{ "type": "Feature", "properties": { "ROUTEID": "11001802", "FROMMEASURE": 900.53, "TOMEASURE": 1025.547, "FROMDATE": 1704085200000, "TODATE": null, "EVENTID": "{C25C9FFA-3A11-403C-AB4D-30EF6E728A13}", "AADT": 10014.0, "AADT_YEAR": 2024, "SE_ANNO_CAD_DATA": null, "OBJECTID": 160107, "SHAPE": null, "SHAPE.LEN": 0, "GLOBALID": "{1FBAF968-AF29-4B53-9E5C-8CABCC8B4CDA}", "CREATED": null, "EDITED": null }, "geometry": { "type": "LineString", "coordinates": [ [ -77.041702776772141, 38.90021861231731 ], [ -77.041702478646187, 38.900319956482726 ], [ -77.041702486467088, 38.900333333895553 ], [ -77.041701611249138, 38.90068986709619 ], [ -77.041703147909757, 38.900853422331529 ], [ -77.041701207784612, 38.901242052663065 ], [ -77.041700553093037, 38.90134480224112 ] ] } },
{ "type": "Feature", "properties": { "ROUTEID": "11001902", "FROMMEASURE": 690.625, "TOMEASURE": 829.848, "FROMDATE": 1704085200000, "TODATE": null, "EVENTID": "{4B8A0533-28CB-435E-A245-89B512BE896E}", "AADT": 9911.0, "AADT_YEAR": 2024, "SE_ANNO_CAD_DATA": null, "OBJECTID": 160186, "SHAPE": null, "SHAPE.LEN": 0, "GLOBALID": "{8F6F26BB-A37C-40C7-B6B3-6D8A55A61AAA}", "CREATED": null, "EDITED": null }, "geometry": { "type": "LineString", "coordinates": [ [ -77.043471208522604, 38.898328607726221 ], [ -77.043469467895022, 38.898423340329067 ], [ -77.043466677251303, 38.898573240540031 ], [ -77.043466494474458, 38.898878678176352 ], [ -77.043464902976112, 38.899218185947504 ], [ -77.043466497338684, 38.899469851973876 ], [ -77.043466510293456, 38.899491111703718 ], [ -77.043465851386841, 38.899582745007748 ] ] } },
{ "type": "Feature", "properties": { "ROUTEID": "11001902", "FROMMEASURE": 829.848, "TOMEASURE": 899.458, "FROMDATE": 1704085200000, "TODATE": null, "EVENTID": "{9E5628F4-18AB-476D-B296-F8724ABB0462}", "AADT": 9911.0, "AADT_YEAR": 2024, "SE_ANNO_CAD_DATA": null, "OBJECTID": 160187, "SHAPE": null, "SHAPE.LEN": 0, "GLOBALID": "{3CDD44AD-1DF8-443A-81C8-A3E71F2EEB24}", "CREATED": null, "EDITED": null }, "geometry": { "type": "LineString", "coordinates": [ [ -77.043465851386841, 38.899582745007748 ], [ -77.043465175889523, 38.899666072606855 ], [ -77.043464836955067, 38.899696331820351 ], [ -77.043465733618433, 38.899994877597251 ], [ -77.043465412352518, 38.900054134717259 ], [ -77.043464792461577, 38.900209808436081 ] ] } },
{ "type": "Feature", "properties": { "ROUTEID": "11001902", "FROMMEASURE": 899.458, "TOMEASURE": 958.699, "FROMDATE": 1704085200000, "TODATE": null, "EVENTID": "{CC3808F3-AA4E-448A-8E6B-84F86720B29A}", "AADT": 9911.0, "AADT_YEAR": 2024, "SE_ANNO_CAD_DATA": null, "OBJECTID": 160188, "SHAPE": null, "SHAPE.LEN": 0, "GLOBALID": "{FDEE7B5E-7C7D-4990-936A-B3E7B08E359A}", "CREATED": null, "EDITED": null }, "geometry": { "type": "LineString", "coordinates": [ [ -77.043464792461577, 38.900209808436081 ], [ -77.043464445174394, 38.900245283490712 ], [ -77.043464176562964, 38.900390957793157 ], [ -77.04346384311917, 38.900430234369672 ], [ -77.043462554660621, 38.900680640243529 ], [ -77.043463123248131, 38.900743473344143 ] ] } },
{ "type": "Feature", "properties": { "ROUTEID": "11001902", "FROMMEASURE": 958.699, "TOMEASURE": 1025.35, "FROMDATE": 1704085200000, "TODATE": null, "EVENTID": "{A581951B-F42F-40BC-A203-578BFFC0DA68}", "AADT": 9911.0, "AADT_YEAR": 2024, "SE_ANNO_CAD_DATA": null, "OBJECTID": 160189, "SHAPE": null, "SHAPE.LEN": 0, "GLOBALID": "{796E308D-7701-45A7-A7F0-6B1A3A483F26}", "CREATED": null, "EDITED": null }, "geometry": { "type": "LineString", "coordinates": [ [ -77.043463123248131, 38.900743473344143 ], [ -77.043464100589702, 38.900852780421069 ], [ -77.043462898405636, 38.901244788645542 ], [ -77.043462958784559, 38.901343880574537 ] ] } },
{ "type": "Feature", "properties": { "ROUTEID": "11002002", "FROMMEASURE": 724.734, "TOMEASURE": 849.769, "FROMDATE": 1737003600000, "TODATE": null, "EVENTID": "{D9339E9D-358E-44FF-A91A-DB0A50CF182A}", "AADT": 4616.0, "AADT_YEAR": 2024, "SE_ANNO_CAD_DATA": null, "OBJECTID": 160246, "SHAPE": null, "SHAPE.LEN": 0, "GLOBALID": "{0CB71218-4162-4FF1-BE5E-8F1D0B2B1F6A}", "CREATED": null, "EDITED": null }, "geometry": { "type": "LineString", "coordinates": [ [ -77.044907584668564, 38.899586559714315 ], [ -77.044908360298621, 38.899664959190538 ], [ -77.044909895963656, 38.899815290141888 ], [ -77.044906793000479, 38.900050346511151 ], [ -77.044905522022333, 38.900320462706809 ], [ -77.044902425061792, 38.90054679895939 ], [ -77.04490181485788, 38.900712886333991 ] ] } },
{ "type": "Feature", "properties": { "ROUTEID": "11002002", "FROMMEASURE": 849.769, "TOMEASURE": 919.973, "FROMDATE": 1737003600000, "TODATE": null, "EVENTID": "{E4626FCF-2BB5-45E9-AE9C-E3E6B7823EBB}", "AADT": 4616.0, "AADT_YEAR": 2024, "SE_ANNO_CAD_DATA": null, "OBJECTID": 160247, "SHAPE": null, "SHAPE.LEN": 0, "GLOBALID": "{1C8C512C-E9A2-4F0F-B1AA-8394FE569575}", "CREATED": null, "EDITED": null }, "geometry": { "type": "LineString", "coordinates": [ [ -77.04490181485788, 38.900712886333991 ], [ -77.044901176292655, 38.900852236902118 ], [ -77.044901195430896, 38.900882640109693 ], [ -77.04490359172047, 38.901246351710014 ], [ -77.04490436877154, 38.901345299229796 ] ] } },
{ "type": "Feature", "properties": { "ROUTEID": "11002002", "FROMMEASURE": 919.973, "TOMEASURE": 1037.896, "FROMDATE": 1737003600000, "TODATE": null, "EVENTID": "{EFDC6078-4CEA-46EB-8996-30B7AF42060C}", "AADT": 4616.0, "AADT_YEAR": 2024, "SE_ANNO_CAD_DATA": null, "OBJECTID": 160248, "SHAPE": null, "SHAPE.LEN": 0, "GLOBALID": "{FB230C36-DD25-4313-A55C-22EE94278A8D}", "CREATED": null, "EDITED": null }, "geometry": { "type": "LineString", "coordinates": [ [ -77.04490436877154, 38.901345299229796 ], [ -77.044904044356215, 38.901397664946273 ], [ -77.044904077316062, 38.901450021516638 ], [ -77.044904137309658, 38.901545320923049 ], [ -77.044903840000558, 38.901640746582181 ], [ -77.044903899988327, 38.90173603697697 ], [ -77.044903591070295, 38.901831336520289 ], [ -77.044903293759361, 38.901926762174504 ], [ -77.044902996362481, 38.902022052701788 ], [ -77.044903056355125, 38.902117352098401 ], [ -77.044902759042202, 38.902212777747721 ], [ -77.044902450029852, 38.902307933149167 ], [ -77.044902101150541, 38.902321445819759 ], [ -77.044901071688159, 38.902407584130394 ] ] } },
{ "type": "Feature", "properties": { "ROUTEID": "11002102", "FROMMEASURE": 829.943, "TOMEASURE": 953.774, "FROMDATE": 1704085200000, "TODATE": null, "EVENTID": "{AB784E49-5591-4FD1-A950-4708EF7F59D1}", "AADT": 6659.0, "AADT_YEAR": 2024, "SE_ANNO_CAD_DATA": null, "OBJECTID": 160287, "SHAPE": null, "SHAPE.LEN": 0, "GLOBALID": "{125705AC-217C-4D2A-B985-6851DC9F1CFE}", "CREATED": null, "EDITED": null }, "geometry": { "type": "LineString", "coordinates": [ [ -77.046654821515915, 38.89958489305689 ], [ -77.046655236700119, 38.899673282939681 ], [ -77.046656034947716, 38.899800949125613 ], [ -77.046651936504205, 38.900144394545094 ], [ -77.046654343810772, 38.900511340158253 ], [ -77.046653676082798, 38.900600865512246 ], [ -77.046653026415484, 38.900700381129262 ] ] } },
{ "type": "Feature", "properties": { "ROUTEID": "11002102", "FROMMEASURE": 953.774, "TOMEASURE": 1023.213, "FROMDATE": 1704085200000, "TODATE": null, "EVENTID": "{63729AA2-8E48-456D-B729-7D946FEE73B0}", "AADT": 6659.0, "AADT_YEAR": 2024, "SE_ANNO_CAD_DATA": null, "OBJECTID": 160288, "SHAPE": null, "SHAPE.LEN": 0, "GLOBALID": "{C0AC5C44-59AE-4822-8857-F40265D2589C}", "CREATED": null, "EDITED": null }, "geometry": { "type": "LineString", "coordinates": [ [ -77.046653026415484, 38.900700381129262 ], [ -77.046652019988713, 38.900818472125607 ], [ -77.046651684244694, 38.900851550958052 ], [ -77.04665404543006, 38.901165572430763 ], [ -77.046654876579453, 38.901325893872084 ] ] } },
{ "type": "Feature", "properties": { "ROUTEID": "11002102", "FROMMEASURE": 1023.213, "TOMEASURE": 1086.276, "FROMDATE": 1704085200000, "TODATE": null, "EVENTID": "{F52C739E-3194-48C3-A081-3EF1CF3B254B}", "AADT": 6659.0, "AADT_YEAR": 2024, "SE_ANNO_CAD_DATA": null, "OBJECTID": 160289, "SHAPE": null, "SHAPE.LEN": 0, "GLOBALID": "{96AA145A-D539-42F1-A253-7A7AF67D008A}", "CREATED": null, "EDITED": null }, "geometry": { "type": "LineString", "coordinates": [ [ -77.046654876579453, 38.901325893872084 ], [ -77.046654572504181, 38.90140739261976 ], [ -77.046654256994131, 38.90148903550454 ], [ -77.04665396110741, 38.901583055865487 ], [ -77.04665366513143, 38.90167694109946 ], [ -77.046653369248958, 38.901770970465563 ], [ -77.046653061737118, 38.901864846692618 ], [ -77.046652977041006, 38.90189398876597 ] ] } },
{ "type": "Feature", "properties": { "ROUTEID": "11002102", "FROMMEASURE": 1086.276, "TOMEASURE": 1094.729, "FROMDATE": 1704085200000, "TODATE": null, "EVENTID": "{B568FD05-EA0D-4C8F-AD94-F0E16973C562}", "AADT": 6659.0, "AADT_YEAR": 2024, "SE_ANNO_CAD_DATA": null, "OBJECTID": 160290, "SHAPE": null, "SHAPE.LEN": 0, "GLOBALID": "{5767CC64-A442-4B44-8366-523CAACF383E}", "CREATED": null, "EDITED": null }, "geometry": { "type": "LineString", "coordinates": [ [ -77.046652977041006, 38.90189398876597 ], [ -77.046652765853167, 38.901958876055538 ], [ -77.046652727103961, 38.901970136518862 ] ] } },
{ "type": "Feature", "properties": { "ROUTEID": "11002102", "FROMMEASURE": 1094.729, "TOMEASURE": 1143.401, "FROMDATE": 1704085200000, "TODATE": null, "EVENTID": "{0E1F6B69-97E4-4B2C-8EDC-742629DE87E7}", "AADT": 6659.0, "AADT_YEAR": 2024, "SE_ANNO_CAD_DATA": null, "OBJECTID": 160291, "SHAPE": null, "SHAPE.LEN": 0, "GLOBALID": "{9AD744DA-BFEA-4E39-8106-CB5B1C6935DE}", "CREATED": null, "EDITED": null }, "geometry": { "type": "LineString", "coordinates": [ [ -77.046652727103961, 38.901970136518862 ], [ -77.04665246987409, 38.902052761283187 ], [ -77.046651805069303, 38.902146781781887 ], [ -77.046651509088264, 38.902240667006389 ], [ -77.046651213200619, 38.902334696362914 ], [ -77.046651261530371, 38.90240859190132 ] ] } },
{ "type": "Feature", "properties": { "ROUTEID": "11002202", "FROMMEASURE": 626.305, "TOMEASURE": 781.304, "FROMDATE": 1704085200000, "TODATE": null, "EVENTID": "{CDB7FCA2-DF93-4962-A0CB-DC52026F0044}", "AADT": 2707.0, "AADT_YEAR": 2024, "SE_ANNO_CAD_DATA": null, "OBJECTID": 160320, "SHAPE": null, "SHAPE.LEN": 0, "GLOBALID": "{A2B6314B-1C39-463E-A48E-3C072FD2B860}", "CREATED": null, "EDITED": null }, "geometry": { "type": "LineString", "coordinates": [ [ -77.048826054619298, 38.900699538143549 ], [ -77.048825373995356, 38.900715717443347 ], [ -77.048825391568869, 38.900741391263196 ], [ -77.048825078646459, 38.900789496038207 ], [ -77.048826289359681, 38.900823529117318 ], [ -77.048826606679754, 38.900832375194433 ], [ -77.048827887313848, 38.900850661630422 ], [ -77.048829077487454, 38.901073618043654 ], [ -77.048831580996861, 38.901362605173595 ], [ -77.048830729432495, 38.901634297641834 ], [ -77.048827465713018, 38.901918900082762 ], [ -77.04882724850566, 38.901938421286324 ], [ -77.048829476909276, 38.901993911842681 ], [ -77.048830648909075, 38.902021882305448 ], [ -77.048833731426384, 38.902095668479404 ] ] } },
{ "type": "Feature", "properties": { "ROUTEID": "11002202", "FROMMEASURE": 781.304, "TOMEASURE": 816.382, "FROMDATE": 1704085200000, "TODATE": null, "EVENTID": "{B033A770-A3F3-4936-96A6-240BDC0A7A67}", "AADT": 7490.0, "AADT_YEAR": 2024, "SE_ANNO_CAD_DATA": null, "OBJECTID": 160321, "SHAPE": null, "SHAPE.LEN": 0, "GLOBALID": "{3464E8CE-EE2D-4536-88AA-34B3E29AFB76}", "CREATED": null, "EDITED": null }, "geometry": { "type": "LineString", "coordinates": [ [ -77.048833731426384, 38.902095668479404 ], [ -77.048834047963624, 38.90210336148494 ], [ -77.048833921944507, 38.902171879109567 ], [ -77.048833879806438, 38.902194526139326 ], [ -77.048832598517492, 38.902276358598684 ], [ -77.048831516624176, 38.902346335974649 ], [ -77.04883122926465, 38.902364424877177 ], [ -77.048830327770787, 38.902411638056805 ] ] } },
{ "type": "Feature", "properties": { "ROUTEID": "11002202", "FROMMEASURE": 816.382, "TOMEASURE": 843.597, "FROMDATE": 1704085200000, "TODATE": null, "EVENTID": "{58042CBF-189E-4A55-B515-209F676A88EB}", "AADT": 7490.0, "AADT_YEAR": 2024, "SE_ANNO_CAD_DATA": null, "OBJECTID": 160322, "SHAPE": null, "SHAPE.LEN": 0, "GLOBALID": "{C76A892A-BBE8-4997-ADFD-6255E76A7612}", "CREATED": null, "EDITED": null }, "geometry": { "type": "LineString", "coordinates": [ [ -77.048830327770787, 38.902411638056805 ], [ -77.048829548983136, 38.902452851618541 ], [ -77.048828013432555, 38.902533774336277 ], [ -77.048827779847912, 38.902546214975544 ], [ -77.048824426759055, 38.902616121230473 ], [ -77.048822483149365, 38.902656713700814 ] ] } },
{ "type": "Feature", "properties": { "ROUTEID": "11002202", "FROMMEASURE": 843.597, "TOMEASURE": 968.177, "FROMDATE": 1704085200000, "TODATE": null, "EVENTID": "{35A378EC-5FAE-4D89-BCE1-C7D2A2190475}", "AADT": 7490.0, "AADT_YEAR": 2024, "SE_ANNO_CAD_DATA": null, "OBJECTID": 160323, "SHAPE": null, "SHAPE.LEN": 0, "GLOBALID": "{1E98066D-8914-4F03-9685-65F0E2998874}", "CREATED": null, "EDITED": null }, "geometry": { "type": "LineString", "coordinates": [ [ -77.048822483149365, 38.902656713700814 ], [ -77.048822096688468, 38.902664767333711 ], [ -77.048818924075988, 38.902728872129551 ], [ -77.048817775553573, 38.90275206012079 ], [ -77.048819720265058, 38.902898355025968 ], [ -77.048819018328089, 38.903220313985358 ], [ -77.04881943399397, 38.903490744663308 ], [ -77.048818601144319, 38.903655129487959 ], [ -77.048820388427686, 38.90367244280062 ], [ -77.048828013688848, 38.903696194647601 ], [ -77.048850840421593, 38.903729452961869 ], [ -77.048885554475234, 38.903764318793478 ] ] } },
{ "type": "Feature", "properties": { "ROUTEID": "11002302", "FROMMEASURE": 1164.382, "TOMEASURE": 1307.377, "FROMDATE": 1704085200000, "TODATE": null, "EVENTID": "{F55199E4-C05B-400B-A5EB-ACC8D63A6CBB}", "AADT": 14326.0, "AADT_YEAR": 2024, "SE_ANNO_CAD_DATA": null, "OBJECTID": 160355, "SHAPE": null, "SHAPE.LEN": 0, "GLOBALID": "{40E30812-F5D8-4F2E-9057-AFD07644E6CF}", "CREATED": null, "EDITED": null }, "geometry": { "type": "LineString", "coordinates": [ [ -77.050130660651746, 38.900706426492668 ], [ -77.050130501528685, 38.900726064786795 ], [ -77.050130635741397, 38.900752999726983 ], [ -77.05013031046748, 38.900782277037891 ], [ -77.050130907294189, 38.900794915511391 ], [ -77.050131129668785, 38.900799662821882 ], [ -77.050131608338845, 38.900824615774638 ], [ -77.050133078825596, 38.90085010880324 ], [ -77.050126943311824, 38.901240353589664 ], [ -77.050125375342191, 38.901633929481548 ], [ -77.050124402413005, 38.901725905243723 ], [ -77.050122193213411, 38.90199448139623 ] ] } },
{ "type": "Feature", "properties": { "ROUTEID": "11002302", "FROMMEASURE": 1307.377, "TOMEASURE": 1384.787, "FROMDATE": 1704085200000, "TODATE": null, "EVENTID": "{08C7EE2D-F99F-4ED9-9ED9-65AAB5DD9476}", "AADT": 10378.0, "AADT_YEAR": 2024, "SE_ANNO_CAD_DATA": null, "OBJECTID": 160356, "SHAPE": null, "SHAPE.LEN": 0, "GLOBALID": "{5CE90C53-1FCC-414A-9EF7-2A261032D82D}", "CREATED": null, "EDITED": null }, "geometry": { "type": "LineString", "coordinates": [ [ -77.050217446615832, 38.903065660320699 ], [ -77.050198911296093, 38.903086045189575 ], [ -77.050188197662223, 38.903097490405642 ], [ -77.050174374825531, 38.903113981635762 ], [ -77.050166082083493, 38.90312524564284 ], [ -77.050155834147205, 38.903143176672636 ], [ -77.050150079423645, 38.903156871845127 ], [ -77.050143599497645, 38.90317214379094 ], [ -77.050137418808731, 38.903186694939414 ], [ -77.050131318976554, 38.903201471261752 ], [ -77.05012637043049, 38.903213995000662 ], [ -77.050119135129037, 38.903253544789592 ], [ -77.05011662090044, 38.90328498503186 ], [ -77.050115717653767, 38.903312100571867 ], [ -77.050114704119167, 38.903346332760464 ], [ -77.050114517152466, 38.903408400414747 ], [ -77.050114423893888, 38.903423345317599 ], [ -77.050113581526674, 38.903553525431555 ], [ -77.050114477664977, 38.903663967489372 ], [ -77.050115133992449, 38.903744853233256 ] ] } },
{ "type": "Feature", "properties": { "ROUTEID": "11002302", "FROMMEASURE": 1384.788, "TOMEASURE": 1469.776, "FROMDATE": 1704085200000, "TODATE": null, "EVENTID": "{DA291B57-D3A3-4986-8F68-8B8AF0186EEB}", "AADT": 10378.0, "AADT_YEAR": 2024, "SE_ANNO_CAD_DATA": null, "OBJECTID": 160357, "SHAPE": null, "SHAPE.LEN": 0, "GLOBALID": "{D9BA5F52-D9B3-4EC8-BB73-26DA6B449915}", "CREATED": null, "EDITED": null }, "geometry": { "type": "LineString", "coordinates": [ [ -77.050115133992449, 38.903744853233256 ], [ -77.050115878130953, 38.903835855321439 ], [ -77.050115979342905, 38.903848638134377 ], [ -77.050117318577037, 38.904442017899655 ], [ -77.050116801746086, 38.90451045458974 ] ] } },
{ "type": "Feature", "properties": { "ROUTEID": "11002402", "FROMMEASURE": 359.946, "TOMEASURE": 502.802, "FROMDATE": 1704085200000, "TODATE": null, "EVENTID": "{04F89F2B-492A-45D3-B4E1-1C108973B390}", "AADT": 3176.0, "AADT_YEAR": 2024, "SE_ANNO_CAD_DATA": null, "OBJECTID": 160377, "SHAPE": null, "SHAPE.LEN": 0, "GLOBALID": "{89913950-7BEC-43B5-B256-FA026B671561}", "CREATED": null, "EDITED": null }, "geometry": { "type": "LineString", "coordinates": [ [ -77.051425453388006, 38.90112495963119 ], [ -77.051420964148775, 38.901310344642702 ], [ -77.051419934108537, 38.901352756452958 ], [ -77.051419559950943, 38.901793265381571 ], [ -77.051416896116777, 38.902256025927549 ], [ -77.051416855895098, 38.902328173884591 ], [ -77.051416812424108, 38.902411807498396 ] ] } },
{ "type": "Feature", "properties": { "ROUTEID": "11002402", "FROMMEASURE": 502.802, "TOMEASURE": 529.367, "FROMDATE": 1704085200000, "TODATE": null, "EVENTID": "{0B4CCEF9-421F-468E-B7C9-4FDC8A730B09}", "AADT": 3176.0, "AADT_YEAR": 2024, "SE_ANNO_CAD_DATA": null, "OBJECTID": 160378, "SHAPE": null, "SHAPE.LEN": 0, "GLOBALID": "{07788CA4-E4A3-48E1-AB03-5DE41132ABC7}", "CREATED": null, "EDITED": null }, "geometry": { "type": "LineString", "coordinates": [ [ -77.051416812424108, 38.902411807498396 ], [ -77.051416783934741, 38.902468244872388 ], [ -77.051416748468583, 38.90253099710759 ], [ -77.051416715755735, 38.90259756888446 ], [ -77.051416696710447, 38.902651114569728 ] ] } },
{ "type": "Feature", "properties": { "ROUTEID": "11002402", "FROMMEASURE": 529.367, "TOMEASURE": 566.457, "FROMDATE": 1704085200000, "TODATE": null, "EVENTID": "{B72F79B0-278D-435D-8360-ADE3F48BBD69}", "AADT": 3176.0, "AADT_YEAR": 2024, "SE_ANNO_CAD_DATA": null, "OBJECTID": 160379, "SHAPE": null, "SHAPE.LEN": 0, "GLOBALID": "{562C362A-4ECC-4BE1-BD76-7E7F07E91046}", "CREATED": null, "EDITED": null }, "geometry": { "type": "LineString", "coordinates": [ [ -77.051416696710447, 38.902651114569728 ], [ -77.051416654254538, 38.902720163647707 ], [ -77.051416655923376, 38.902722478794793 ], [ -77.051417541501195, 38.902831479527528 ], [ -77.051418213002592, 38.902915383069754 ], [ -77.051418782145831, 38.902985233619042 ] ] } },
{ "type": "Feature", "properties": { "ROUTEID": "11002402", "FROMMEASURE": 566.457, "TOMEASURE": 651.108, "FROMDATE": 1704085200000, "TODATE": null, "EVENTID": "{C85F8DC8-6BBE-42E1-B2FA-659B90EB08F2}", "AADT": 3176.0, "AADT_YEAR": 2024, "SE_ANNO_CAD_DATA": null, "OBJECTID": 160380, "SHAPE": null, "SHAPE.LEN": 0, "GLOBALID": "{D46675DE-A4DD-4C32-8FA2-584FF62444EC}", "CREATED": null, "EDITED": null }, "geometry": { "type": "LineString", "coordinates": [ [ -77.051418782145831, 38.902985233619042 ], [ -77.051419288958073, 38.903048580161276 ], [ -77.051419566941533, 38.903082361376768 ], [ -77.051419366034594, 38.903155500313034 ], [ -77.051418747617944, 38.903385132599013 ], [ -77.051416692988639, 38.903669527302647 ], [ -77.051416115321615, 38.903747792151357 ] ] } },
{ "type": "Feature", "properties": { "ROUTEID": "11002402", "FROMMEASURE": 651.108, "TOMEASURE": 734.649, "FROMDATE": 1704085200000, "TODATE": null, "EVENTID": "{D0231F5B-3B6F-404D-92CC-1CC392494175}", "AADT": 3176.0, "AADT_YEAR": 2024, "SE_ANNO_CAD_DATA": null, "OBJECTID": 160381, "SHAPE": null, "SHAPE.LEN": 0, "GLOBALID": "{F5D237D3-4F9A-4FBD-BC15-A3858F59F777}", "CREATED": null, "EDITED": null }, "geometry": { "type": "LineString", "coordinates": [ [ -77.051416115321615, 38.903747792151357 ], [ -77.051415811778867, 38.90379050990731 ], [ -77.051415740785984, 38.903835966100665 ], [ -77.051415099963322, 38.904242459401935 ], [ -77.051412923337921, 38.904421636534956 ], [ -77.051412956235808, 38.904483271682032 ], [ -77.051412957018073, 38.904500351521705 ] ] } },
{ "type": "Feature", "properties": { "ROUTEID": "11002502", "FROMMEASURE": 620.417, "TOMEASURE": 648.978, "FROMDATE": 1704085200000, "TODATE": null, "EVENTID": "{1297E273-8EED-47C6-B25B-7882134AFD98}", "AADT": null, "AADT_YEAR": 2024, "SE_ANNO_CAD_DATA": null, "OBJECTID": 160406, "SHAPE": null, "SHAPE.LEN": 0, "GLOBALID": "{9433C93B-5D69-417F-86F7-AA1419772999}", "CREATED": null, "EDITED": null }, "geometry": { "type": "LineString", "coordinates": [ [ -77.053307071334899, 38.902654915591789 ], [ -77.053306942909757, 38.902729892209642 ], [ -77.053306629540103, 38.902912203486984 ] ] } },
{ "type": "Feature", "properties": { "ROUTEID": "11002502", "FROMMEASURE": 648.978, "TOMEASURE": 730.207, "FROMDATE": 1704085200000, "TODATE": null, "EVENTID": "{6EC945EC-BCC4-4D28-98F0-0558AAF9387E}", "AADT": null, "AADT_YEAR": 2024, "SE_ANNO_CAD_DATA": null, "OBJECTID": 160407, "SHAPE": null, "SHAPE.LEN": 0, "GLOBALID": "{86D83631-D9B2-4146-B430-B6CF7E5EE590}", "CREATED": null, "EDITED": null }, "geometry": { "type": "LineString", "coordinates": [ [ -77.053306629540103, 38.902912203486984 ], [ -77.053306025594239, 38.903261052381005 ], [ -77.053305672069925, 38.903482198682916 ], [ -77.05330541249694, 38.903643943834439 ] ] } },
{ "type": "Feature", "properties": { "ROUTEID": "11002502", "FROMMEASURE": 730.207, "TOMEASURE": 824.015, "FROMDATE": 1704085200000, "TODATE": null, "EVENTID": "{17DE70E7-C216-4B83-BDB2-1533F5EAC5DF}", "AADT": null, "AADT_YEAR": 2024, "SE_ANNO_CAD_DATA": null, "OBJECTID": 160408, "SHAPE": null, "SHAPE.LEN": 0, "GLOBALID": "{B5F5BF43-8606-4E49-9603-33FBD1A3C370}", "CREATED": null, "EDITED": null }, "geometry": { "type": "LineString", "coordinates": [ [ -77.05330541249694, 38.903643943834439 ], [ -77.053305159005291, 38.903798401218737 ], [ -77.053304751599029, 38.903824039184826 ], [ -77.053297476539854, 38.904286405346234 ], [ -77.053297124564651, 38.904309088544359 ], [ -77.053297276449413, 38.904466068064494 ], [ -77.05329729355347, 38.904488958285647 ] ] } },
{ "type": "Feature", "properties": { "ROUTEID": "11002502", "FROMMEASURE": 824.015, "TOMEASURE": 859.263, "FROMDATE": 1704085200000, "TODATE": null, "EVENTID": "{385E0E5A-2A1D-4B72-8781-4F29E4A2E670}", "AADT": null, "AADT_YEAR": 2024, "SE_ANNO_CAD_DATA": null, "OBJECTID": 160409, "SHAPE": null, "SHAPE.LEN": 0, "GLOBALID": "{C3689AB4-99C9-4A66-B66F-14BB5B8CB4D7}", "CREATED": null, "EDITED": null }, "geometry": { "type": "LineString", "coordinates": [ [ -77.05329729355347, 38.904488958285647 ], [ -77.053297669164607, 38.904806484586651 ] ] } },
{ "type": "Feature", "properties": { "ROUTEID": "11002602", "FROMMEASURE": 172.736, "TOMEASURE": 277.408, "FROMDATE": 1704085200000, "TODATE": null, "EVENTID": "{60898A94-AC42-45D3-BBBC-C7CC8523C466}", "AADT": null, "AADT_YEAR": 2024, "SE_ANNO_CAD_DATA": null, "OBJECTID": 160420, "SHAPE": null, "SHAPE.LEN": 0, "GLOBALID": "{D1AF2B65-EE35-4636-BCCC-CF71993B9EB1}", "CREATED": null, "EDITED": null }, "geometry": { "type": "LineString", "coordinates": [ [ -77.054752988802377, 38.902801407395323 ], [ -77.054748034683612, 38.903105982271811 ], [ -77.05474877167093, 38.903315155969466 ], [ -77.05475060708541, 38.903663661388144 ], [ -77.054751037914244, 38.903744312996793 ] ] } },
{ "type": "Feature", "properties": { "ROUTEID": "11002602", "FROMMEASURE": 277.408, "TOMEASURE": 320.756, "FROMDATE": 1704085200000, "TODATE": null, "EVENTID": "{739B6011-3002-49E8-8AB5-BA940E06BA85}", "AADT": null, "AADT_YEAR": 2024, "SE_ANNO_CAD_DATA": null, "OBJECTID": 160421, "SHAPE": null, "SHAPE.LEN": 0, "GLOBALID": "{51DF8720-2379-409C-902B-A6F153AFD581}", "CREATED": null, "EDITED": null }, "geometry": { "type": "LineString", "coordinates": [ [ -77.054751037914244, 38.903744312996793 ], [ -77.054751442913613, 38.903821352265695 ], [ -77.054751605309065, 38.903852683250705 ], [ -77.054753828726689, 38.90398570859535 ], [ -77.054756318110861, 38.904134786701114 ] ] } },
{ "type": "Feature", "properties": { "ROUTEID": "11002602", "FROMMEASURE": 320.757, "TOMEASURE": 445.59, "FROMDATE": 1704085200000, "TODATE": null, "EVENTID": "{05D516CC-EE50-4188-A684-972A1FD81890}", "AADT": null, "AADT_YEAR": 2024, "SE_ANNO_CAD_DATA": null, "OBJECTID": 160422, "SHAPE": null, "SHAPE.LEN": 0, "GLOBALID": "{1E3A97FE-4C6A-480C-AA00-A6B7F97DA959}", "CREATED": null, "EDITED": null }, "geometry": { "type": "LineString", "coordinates": [ [ -77.054756318110861, 38.904134786701114 ], [ -77.054750041571197, 38.904218603379071 ], [ -77.054748414885708, 38.904307273379715 ], [ -77.054747496411039, 38.904357333238302 ], [ -77.054749154341152, 38.904564704786232 ], [ -77.054749419677876, 38.904760185951559 ], [ -77.054755438102703, 38.904940800629731 ], [ -77.054756459383611, 38.90506970969399 ], [ -77.054754947667959, 38.905127940400511 ], [ -77.054751555028332, 38.905259067584019 ] ] } },
{ "type": "Feature", "properties": { "ROUTEID": "11002802", "FROMMEASURE": 0.0, "TOMEASURE": 32.526, "FROMDATE": 1704085200000, "TODATE": null, "EVENTID": "{02694E8F-E312-4623-A085-234DD48F0840}", "AADT": 3360.0, "AADT_YEAR": 2024, "SE_ANNO_CAD_DATA": null, "OBJECTID": 160446, "SHAPE": null, "SHAPE.LEN": 0, "GLOBALID": "{D3B82698-D9D1-4262-B74D-BFBB39B9DE67}", "CREATED": null, "EDITED": null }, "geometry": { "type": "LineString", "coordinates": [ [ -77.05704936903787, 38.904949089682425 ], [ -77.057031541725735, 38.905002409825379 ], [ -77.057023058228737, 38.905062409603374 ], [ -77.057023066626073, 38.905072913339872 ], [ -77.057023087900262, 38.90509952400663 ], [ -77.057021960794117, 38.905117370105579 ], [ -77.057014207360297, 38.905239761382418 ] ] } },
{ "type": "Feature", "properties": { "ROUTEID": "11002802", "FROMMEASURE": 32.526, "TOMEASURE": 72.119, "FROMDATE": 1704085200000, "TODATE": null, "EVENTID": "{8F4E8F5A-E8DF-48A1-8BF1-E3F93DE8962E}", "AADT": 3360.0, "AADT_YEAR": 2024, "SE_ANNO_CAD_DATA": null, "OBJECTID": 160447, "SHAPE": null, "SHAPE.LEN": 0, "GLOBALID": "{C6A6E70A-D027-46D9-A223-6CF86AD13E63}", "CREATED": null, "EDITED": null }, "geometry": { "type": "LineString", "coordinates": [ [ -77.057014207360297, 38.905239761382418 ], [ -77.057020917964707, 38.90534158853503 ], [ -77.057027959443232, 38.905424633107373 ], [ -77.057036293644501, 38.905595994940242 ] ] } },
{ "type": "Feature", "properties": { "ROUTEID": "11002802", "FROMMEASURE": 72.119, "TOMEASURE": 127.514, "FROMDATE": 1704085200000, "TODATE": null, "EVENTID": "{0879FFB2-007A-4BD0-8F7B-F619CB9EF77D}", "AADT": 3360.0, "AADT_YEAR": 2024, "SE_ANNO_CAD_DATA": null, "OBJECTID": 160448, "SHAPE": null, "SHAPE.LEN": 0, "GLOBALID": "{7D6A316D-48FF-42EB-AAFA-4050CABD3FC7}", "CREATED": null, "EDITED": null }, "geometry": { "type": "LineString", "coordinates": [ [ -77.057036293644501, 38.905595994940242 ], [ -77.057037219693299, 38.905615065171396 ], [ -77.057038480126607, 38.905893692905686 ], [ -77.057044820700483, 38.906094936400983 ] ] } },
{ "type": "Feature", "properties": { "ROUTEID": "11002902", "FROMMEASURE": 99.77, "TOMEASURE": 251.97, "FROMDATE": 1704085200000, "TODATE": null, "EVENTID": "{12ED34E2-BC3C-48FD-8A8A-8CB1710EE0BB}", "AADT": null, "AADT_YEAR": 2024, "SE_ANNO_CAD_DATA": null, "OBJECTID": 160471, "SHAPE": null, "SHAPE.LEN": 0, "GLOBALID": "{72B34A08-DF1B-4BD2-B5C2-D169D27C9E68}", "CREATED": null, "EDITED": null }, "geometry": { "type": "LineString", "coordinates": [ [ -77.058065910087265, 38.90345565215393 ], [ -77.058066687614897, 38.903532727265301 ], [ -77.058075196479095, 38.903788380184466 ], [ -77.058077251655277, 38.903905397705806 ], [ -77.058078775858689, 38.903964978212997 ], [ -77.05808162143127, 38.904075725522155 ], [ -77.058083442944934, 38.904146458223593 ], [ -77.058090655076839, 38.904366889089985 ], [ -77.05809352979216, 38.90449922039457 ], [ -77.058096912341639, 38.904688844578438 ], [ -77.058099560802006, 38.904826454883334 ] ] } },
{ "type": "Feature", "properties": { "ROUTEID": "11002902", "FROMMEASURE": 251.97, "TOMEASURE": 298.482, "FROMDATE": 1704085200000, "TODATE": null, "EVENTID": "{D972C4FD-1079-44D2-BF96-1919899D151F}", "AADT": null, "AADT_YEAR": 2024, "SE_ANNO_CAD_DATA": null, "OBJECTID": 160472, "SHAPE": null, "SHAPE.LEN": 0, "GLOBALID": "{5064FD81-199F-432D-81E4-14C092730DD1}", "CREATED": null, "EDITED": null }, "geometry": { "type": "LineString", "coordinates": [ [ -77.058099560802006, 38.904826454883334 ], [ -77.058099921963162, 38.904845228114048 ], [ -77.058105259340152, 38.905028545465882 ], [ -77.058107572473816, 38.905108304280859 ], [ -77.058111546347632, 38.905245346389599 ] ] } },
{ "type": "Feature", "properties": { "ROUTEID": "11002902", "FROMMEASURE": 298.482, "TOMEASURE": 391.553, "FROMDATE": 1704085200000, "TODATE": null, "EVENTID": "{52135B4C-EA3C-4CC2-AD4A-5C0261208052}", "AADT": null, "AADT_YEAR": 2024, "SE_ANNO_CAD_DATA": null, "OBJECTID": 160473, "SHAPE": null, "SHAPE.LEN": 0, "GLOBALID": "{0EA856CB-CBBD-4916-8FB1-AE8D72DB7118}", "CREATED": null, "EDITED": null }, "geometry": { "type": "LineString", "coordinates": [ [ -77.058111546347632, 38.905245346389599 ], [ -77.058114164347472, 38.905359661093549 ], [ -77.058114773856971, 38.905386082290917 ], [ -77.058117942952194, 38.905596605929112 ], [ -77.058119164812553, 38.9058227149781 ], [ -77.0581223150011, 38.906009997059925 ], [ -77.058122504855803, 38.906016609096078 ], [ -77.058124404183445, 38.906083684342462 ] ] } },
{ "type": "Feature", "properties": { "ROUTEID": "11002902", "FROMMEASURE": 391.553, "TOMEASURE": 477.489, "FROMDATE": 1704085200000, "TODATE": null, "EVENTID": "{9FBE2764-274C-4CE5-A91E-9012804A40F1}", "AADT": null, "AADT_YEAR": 2024, "SE_ANNO_CAD_DATA": null, "OBJECTID": 160474, "SHAPE": null, "SHAPE.LEN": 0, "GLOBALID": "{901F6367-FAFC-4F54-82D1-3DB9C9E59EC0}", "CREATED": null, "EDITED": null }, "geometry": { "type": "LineString", "coordinates": [ [ -77.058124404183445, 38.906083684342462 ], [ -77.058124451694937, 38.90608539590577 ], [ -77.058125344650406, 38.906162524972906 ], [ -77.058129534213975, 38.906521667859252 ], [ -77.05813574980148, 38.906777898311688 ], [ -77.058137682639796, 38.906857756381989 ] ] } },
{ "type": "Feature", "properties": { "ROUTEID": "11003002", "FROMMEASURE": 420.805, "TOMEASURE": 467.87, "FROMDATE": 1704085200000, "TODATE": null, "EVENTID": "{23ED7649-0C93-4378-AD00-D61D3DD6A787}", "AADT": null, "AADT_YEAR": 2024, "SE_ANNO_CAD_DATA": null, "OBJECTID": 160506, "SHAPE": null, "SHAPE.LEN": 0, "GLOBALID": "{89D8951A-883B-49A8-92B3-09C3FBF06E03}", "CREATED": null, "EDITED": null }, "geometry": { "type": "LineString", "coordinates": [ [ -77.059158062521433, 38.904802547005552 ], [ -77.059161573269179, 38.904920905994999 ], [ -77.059165407211211, 38.905109205678301 ], [ -77.059165779607994, 38.905127285255972 ], [ -77.059170012288249, 38.905226411037496 ] ] } },
{ "type": "Feature", "properties": { "ROUTEID": "11003002", "FROMMEASURE": 467.87, "TOMEASURE": 518.858, "FROMDATE": 1704085200000, "TODATE": null, "EVENTID": "{DD216B3D-0D05-411A-81BE-6003CD3299BB}", "AADT": 2430.0, "AADT_YEAR": 2024, "SE_ANNO_CAD_DATA": null, "OBJECTID": 160507, "SHAPE": null, "SHAPE.LEN": 0, "GLOBALID": "{8E107BDD-CE14-4517-99A9-93096A9D8CDC}", "CREATED": null, "EDITED": null }, "geometry": { "type": "LineString", "coordinates": [ [ -77.059170012288249, 38.905226411037496 ], [ -77.059168799279618, 38.905348528893441 ], [ -77.059167883628803, 38.905439964144627 ], [ -77.05917403994988, 38.905634271205322 ], [ -77.059173805887696, 38.905685663977756 ] ] } },
{ "type": "Feature", "properties": { "ROUTEID": "11009682", "FROMMEASURE": 0.0, "TOMEASURE": 123.335, "FROMDATE": 1704085200000, "TODATE": null, "EVENTID": "{0432C081-BEF4-4DD8-B720-FFCEA23174A5}", "AADT": null, "AADT_YEAR": 2024, "SE_ANNO_CAD_DATA": null, "OBJECTID": 161396, "SHAPE": null, "SHAPE.LEN": 0, "GLOBALID": "{F30B8FD6-83FA-4B71-BDA7-B4FA9310EA04}", "CREATED": null, "EDITED": null }, "geometry": { "type": "LineString", "coordinates": [ [ -77.033651530822937, 38.896410301925592 ], [ -77.035073279434087, 38.896413622160296 ] ] } },
{ "type": "Feature", "properties": { "ROUTEID": "11019822", "FROMMEASURE": 278.875, "TOMEASURE": 686.371, "FROMDATE": 1704085200000, "TODATE": null, "EVENTID": "{DF9413AD-16BD-4261-9203-9C600FA76EC9}", "AADT": 6523.0, "AADT_YEAR": 2024, "SE_ANNO_CAD_DATA": null, "OBJECTID": 161925, "SHAPE": null, "SHAPE.LEN": 0, "GLOBALID": "{EC163D13-462F-40A7-B775-873C926EF611}", "CREATED": null, "EDITED": null }, "geometry": { "type": "LineString", "coordinates": [ [ -77.015229430407757, 38.893591023909401 ], [ -77.01992667136993, 38.893605550140855 ] ] } },
{ "type": "Feature", "properties": { "ROUTEID": "11025352", "FROMMEASURE": 393.945, "TOMEASURE": 532.138, "FROMDATE": 1704085200000, "TODATE": null, "EVENTID": "{9E1FD557-C259-454C-98A9-63BD5BA3E7D9}", "AADT": 25829.0, "AADT_YEAR": 2024, "SE_ANNO_CAD_DATA": null, "OBJECTID": 162374, "SHAPE": null, "SHAPE.LEN": 0, "GLOBALID": "{59E49D7C-426B-4538-AE33-BBF987E79A54}", "CREATED": null, "EDITED": null }, "geometry": { "type": "LineString", "coordinates": [ [ -77.013641392491067, 38.892090605595506 ], [ -77.01373533684351, 38.892090486484598 ], [ -77.014024673921838, 38.892090127797644 ], [ -77.014119321416771, 38.89209001730184 ], [ -77.014205404412195, 38.892089907771336 ], [ -77.014240596101885, 38.892089966544347 ], [ -77.01467685547756, 38.892090660231808 ], [ -77.014999585397462, 38.892087286132409 ], [ -77.015051709999412, 38.892086738924156 ], [ -77.0152340673352, 38.892093831895572 ] ] } },
{ "type": "Feature", "properties": { "ROUTEID": "11025352", "FROMMEASURE": 532.138, "TOMEASURE": 585.837, "FROMDATE": 1704085200000, "TODATE": null, "EVENTID": "{5579A0B2-AE9B-476F-9DEE-7F27863A8807}", "AADT": 25829.0, "AADT_YEAR": 2024, "SE_ANNO_CAD_DATA": null, "OBJECTID": 162375, "SHAPE": null, "SHAPE.LEN": 0, "GLOBALID": "{740FBE42-0393-4DE1-AAEF-C15DF83EDA42}", "CREATED": null, "EDITED": null }, "geometry": { "type": "LineString", "coordinates": [ [ -77.0152340673352, 38.892093831895572 ], [ -77.015574118755353, 38.892074680286896 ], [ -77.015845001884117, 38.89202563830176 ] ] } },
{ "type": "Feature", "properties": { "ROUTEID": "11025352", "FROMMEASURE": 585.837, "TOMEASURE": 640.7459, "FROMDATE": 1704085200000, "TODATE": null, "EVENTID": "{041F1DC8-77C8-4B61-B9C2-81773E26EC40}", "AADT": 25829.0, "AADT_YEAR": 2024, "SE_ANNO_CAD_DATA": null, "OBJECTID": 162376, "SHAPE": null, "SHAPE.LEN": 0, "GLOBALID": "{A94613B2-1AD2-4E09-9B0F-9CFD7A0C6359}", "CREATED": null, "EDITED": null }, "geometry": { "type": "LineString", "coordinates": [ [ -77.015845001884117, 38.89202563830176 ], [ -77.016260089960085, 38.891892194267733 ], [ -77.016390228171318, 38.891790453523917 ] ] } },
{ "type": "Feature", "properties": { "ROUTEID": "11025352", "FROMMEASURE": 640.746, "TOMEASURE": 769.395, "FROMDATE": 1704085200000, "TODATE": null, "EVENTID": "{0536691C-BE43-4773-AFF4-119CAA819785}", "AADT": 19413.0, "AADT_YEAR": 2024, "SE_ANNO_CAD_DATA": null, "OBJECTID": 162377, "SHAPE": null, "SHAPE.LEN": 0, "GLOBALID": "{4CF9DC43-98EF-4107-8F3E-1BE7FB5C125B}", "CREATED": null, "EDITED": null }, "geometry": { "type": "LineString", "coordinates": [ [ -77.018586901220644, 38.892400820236666 ], [ -77.018680477051035, 38.892268418261615 ], [ -77.018923837848661, 38.892152810668613 ], [ -77.019176431681288, 38.892082945569726 ], [ -77.019516360525643, 38.892083267615803 ], [ -77.019913094028794, 38.892083633052025 ] ] } },
{ "type": "Feature", "properties": { "ROUTEID": "11025352", "FROMMEASURE": 769.396, "TOMEASURE": 803.548, "FROMDATE": 1704085200000, "TODATE": null, "EVENTID": "{74F84CFB-4D89-417B-9F98-8ADD00B7455E}", "AADT": 28082.0, "AADT_YEAR": 2024, "SE_ANNO_CAD_DATA": null, "OBJECTID": 162378, "SHAPE": null, "SHAPE.LEN": 0, "GLOBALID": "{0BD89D3B-4ABD-4A9D-AC4D-6BA622D0E784}", "CREATED": null, "EDITED": null }, "geometry": { "type": "LineString", "coordinates": [ [ -77.019913094028794, 38.892083633052025 ], [ -77.020306772641661, 38.89208307881789 ] ] } },
{ "type": "Feature", "properties": { "ROUTEID": "11025352", "FROMMEASURE": 803.548, "TOMEASURE": 941.975, "FROMDATE": 1704085200000, "TODATE": null, "EVENTID": "{4A0FC361-7311-4BB7-8105-5726CE0A7874}", "AADT": 28082.0, "AADT_YEAR": 2024, "SE_ANNO_CAD_DATA": null, "OBJECTID": 162379, "SHAPE": null, "SHAPE.LEN": 0, "GLOBALID": "{D104DBFB-9B77-47ED-B930-F83D8DBBFEA6}", "CREATED": null, "EDITED": null }, "geometry": { "type": "LineString", "coordinates": [ [ -77.020306772641661, 38.89208307881789 ], [ -77.020833955936283, 38.892082337368777 ], [ -77.021069220493601, 38.892083015836604 ], [ -77.021309787167382, 38.892082792026017 ], [ -77.021618132648712, 38.892084356869312 ], [ -77.021714993483599, 38.89208487039545 ], [ -77.021902386872441, 38.892085871368501 ] ] } },
{ "type": "Feature", "properties": { "ROUTEID": "11026912", "FROMMEASURE": 968.418, "TOMEASURE": 1056.031, "FROMDATE": 1704085200000, "TODATE": null, "EVENTID": "{CA7BEE1A-41E0-4EB9-895A-C32714652C3D}", "AADT": 3921.0, "AADT_YEAR": 2024, "SE_ANNO_CAD_DATA": null, "OBJECTID": 162485, "SHAPE": null, "SHAPE.LEN": 0, "GLOBALID": "{C4C12F4B-4E57-45C2-95BB-EA70A332AE94}", "CREATED": null, "EDITED": null }, "geometry": { "type": "LineString", "coordinates": [ [ -77.022964775439405, 38.894803321717568 ], [ -77.023111910739232, 38.894803725098605 ], [ -77.02384033654775, 38.894805713678942 ], [ -77.023869904244549, 38.894805797724025 ], [ -77.02397469885733, 38.89480406467144 ] ] } },
{ "type": "Feature", "properties": { "ROUTEID": "11026912", "FROMMEASURE": 1056.032, "TOMEASURE": 1158.267, "FROMDATE": 1704085200000, "TODATE": null, "EVENTID": "{57503650-23D7-4B12-A422-1D0DF866DF1D}", "AADT": null, "AADT_YEAR": 2024, "SE_ANNO_CAD_DATA": null, "OBJECTID": 162486, "SHAPE": null, "SHAPE.LEN": 0, "GLOBALID": "{849F9332-06ED-4F1C-9E6E-314488627F07}", "CREATED": null, "EDITED": null }, "geometry": { "type": "LineString", "coordinates": [ [ -77.030787468642743, 38.894640596274364 ], [ -77.031175422015366, 38.894643087785653 ], [ -77.031750230599059, 38.894639185475462 ], [ -77.031965941325794, 38.894638757299347 ] ] } },
{ "type": "Feature", "properties": { "ROUTEID": "11031332", "FROMMEASURE": 1650.21, "TOMEASURE": 1785.4128, "FROMDATE": 1704085200000, "TODATE": null, "EVENTID": "{AC263D31-6CFC-4FA0-B089-73DB3623FECB}", "AADT": 6023.0, "AADT_YEAR": 2024, "SE_ANNO_CAD_DATA": null, "OBJECTID": 162696, "SHAPE": null, "SHAPE.LEN": 0, "GLOBALID": "{02F8E98B-6AB4-4868-A438-03B96F8470E6}", "CREATED": null, "EDITED": null }, "geometry": { "type": "LineString", "coordinates": [ [ -77.028083355413912, 38.896139900826256 ], [ -77.028245916928824, 38.89613913195214 ], [ -77.028484836931071, 38.896138001938212 ], [ -77.029162197120243, 38.896138195129211 ], [ -77.029423284013191, 38.896135580287527 ], [ -77.029641857382202, 38.896133390043261 ] ] } },
{ "type": "Feature", "properties": { "ROUTEID": "11031332", "FROMMEASURE": 1785.413, "TOMEASURE": 1804.694, "FROMDATE": 1704085200000, "TODATE": null, "EVENTID": "{4D55ECBF-6D7C-4395-B877-1B624C5EDCA8}", "AADT": null, "AADT_YEAR": 2024, "SE_ANNO_CAD_DATA": null, "OBJECTID": 162697, "SHAPE": null, "SHAPE.LEN": 0, "GLOBALID": "{EA03C405-54A0-413C-8A91-ABBCF010AD17}", "CREATED": null, "EDITED": null }, "geometry": { "type": "LineString", "coordinates": [ [ -77.033647729171207, 38.895486846268277 ], [ -77.033651763490766, 38.895486223528714 ], [ -77.033869884715713, 38.89548307061591 ] ] } },
{ "type": "Feature", "properties": { "ROUTEID": "11031332", "FROMMEASURE": 1804.694, "TOMEASURE": 1905.206, "FROMDATE": 1704085200000, "TODATE": null, "EVENTID": "{E9914587-5090-4E00-9040-610BC43D3EEA}", "AADT": null, "AADT_YEAR": 2024, "SE_ANNO_CAD_DATA": null, "OBJECTID": 162698, "SHAPE": null, "SHAPE.LEN": 0, "GLOBALID": "{3BF19B28-6435-44AB-8219-9A5795856589}", "CREATED": null, "EDITED": null }, "geometry": { "type": "LineString", "coordinates": [ [ -77.033869884715713, 38.89548307061591 ], [ -77.033975798342553, 38.895481535459773 ], [ -77.034054542678405, 38.895481989972751 ], [ -77.034215916112927, 38.895482906709915 ], [ -77.034405540599607, 38.895478076575891 ], [ -77.034602312174954, 38.895473424184431 ], [ -77.034819372805373, 38.895470296837935 ], [ -77.034853285578492, 38.895468196782616 ], [ -77.034941906023519, 38.895462693218796 ], [ -77.035025991965327, 38.895448642006002 ] ] } },
{ "type": "Feature", "properties": { "ROUTEID": "11031922", "FROMMEASURE": 107.723, "TOMEASURE": 369.995, "FROMDATE": 1704085200000, "TODATE": null, "EVENTID": "{52819E00-0460-47FB-A8C7-8F7ECCD1A0A8}", "AADT": null, "AADT_YEAR": 2024, "SE_ANNO_CAD_DATA": null, "OBJECTID": 162733, "SHAPE": null, "SHAPE.LEN": 0, "GLOBALID": "{AD0D40EE-7DEB-44BA-93E8-287705C64787}", "CREATED": null, "EDITED": null }, "geometry": { "type": "LineString", "coordinates": [ [ -77.035073279434087, 38.896413622160296 ], [ -77.035063587666372, 38.896443091437398 ], [ -77.035068325023332, 38.898505582212415 ], [ -77.035068836594277, 38.898655102871992 ], [ -77.035118842176146, 38.898766512291544 ], [ -77.03511974235326, 38.898768529894213 ] ] } },
{ "type": "Feature", "properties": { "ROUTEID": "11038612", "FROMMEASURE": 1730.325, "TOMEASURE": 1876.788, "FROMDATE": 1704085200000, "TODATE": null, "EVENTID": "{5AA519BF-11C0-492E-BC7C-DA2AAEB85E34}", "AADT": 4362.0, "AADT_YEAR": 2024, "SE_ANNO_CAD_DATA": null, "OBJECTID": 163267, "SHAPE": null, "SHAPE.LEN": 0, "GLOBALID": "{FB9DE24F-F25A-48AA-9136-1AEF7F4D31B8}", "CREATED": null, "EDITED": null }, "geometry": { "type": "LineString", "coordinates": [ [ -77.031957586726833, 38.89832437959776 ], [ -77.032170046278765, 38.8983241411131 ], [ -77.032433217144657, 38.898323843131301 ], [ -77.033233372163664, 38.898327581908568 ], [ -77.033460113508937, 38.898324544420987 ], [ -77.033645930962564, 38.898322058789574 ] ] } },
{ "type": "Feature", "properties": { "ROUTEID": "11038612", "FROMMEASURE": 1876.789, "TOMEASURE": 1998.233, "FROMDATE": 1704085200000, "TODATE": null, "EVENTID": "{F2F93604-1839-4D6E-AD57-AC319284AA4D}", "AADT": 1836.0, "AADT_YEAR": 2024, "SE_ANNO_CAD_DATA": null, "OBJECTID": 163268, "SHAPE": null, "SHAPE.LEN": 0, "GLOBALID": "{3EDAFE54-23CE-40E6-BE2D-25196160B413}", "CREATED": null, "EDITED": null }, "geometry": { "type": "LineString", "coordinates": [ [ -77.039474257930024, 38.898329459229771 ], [ -77.039587011930877, 38.898328295027916 ], [ -77.039688249612468, 38.898327278764327 ], [ -77.040280850564997, 38.898320887177391 ], [ -77.04077150337406, 38.898323104173748 ], [ -77.040874182522458, 38.898322960190598 ] ] } },
{ "type": "Feature", "properties": { "ROUTEID": "11038612", "FROMMEASURE": 1998.233, "TOMEASURE": 2070.266, "FROMDATE": 1704085200000, "TODATE": null, "EVENTID": "{93EE072D-5AEC-4B95-A0D8-B7263D12AE86}", "AADT": 1836.0, "AADT_YEAR": 2024, "SE_ANNO_CAD_DATA": null, "OBJECTID": 163269, "SHAPE": null, "SHAPE.LEN": 0, "GLOBALID": "{42FA0BA7-12FC-4BBE-8315-F7E09B88CC3D}", "CREATED": null, "EDITED": null }, "geometry": { "type": "LineString", "coordinates": [ [ -77.040874182522458, 38.898322960190598 ], [ -77.041305395748395, 38.898322358093033 ], [ -77.041579183338754, 38.898321270041997 ], [ -77.041629617837515, 38.898320972820187 ], [ -77.041704538628252, 38.89832235140134 ] ] } },
{ "type": "Feature", "properties": { "ROUTEID": "11042442", "FROMMEASURE": 2743.801, "TOMEASURE": 2899.249, "FROMDATE": 1704085200000, "TODATE": null, "EVENTID": "{96D7F602-6EF0-4EF4-B367-53220C505C39}", "AADT": 13247.0, "AADT_YEAR": 2024, "SE_ANNO_CAD_DATA": null, "OBJECTID": 163623, "SHAPE": null, "SHAPE.LEN": 0, "GLOBALID": "{43B20E5F-FEC1-41CE-BC63-25F80166DD1B}", "CREATED": null, "EDITED": null }, "geometry": { "type": "LineString", "coordinates": [ [ -77.039450446846175, 38.900215593131492 ], [ -77.039622646038197, 38.900219201254338 ], [ -77.039634543326201, 38.900219476477524 ], [ -77.039812147230535, 38.900219416084376 ], [ -77.039951926791517, 38.900218971995393 ], [ -77.040212752571193, 38.900218152824358 ], [ -77.040705229326406, 38.900222063046819 ], [ -77.041061876312895, 38.900218704227591 ], [ -77.041242362474492, 38.900218991973006 ] ] } },
{ "type": "Feature", "properties": { "ROUTEID": "11042442", "FROMMEASURE": 2899.249, "TOMEASURE": 2939.187, "FROMDATE": 1704085200000, "TODATE": null, "EVENTID": "{0ADA4F58-9E90-4404-9D57-9C6C80C35EDA}", "AADT": 13247.0, "AADT_YEAR": 2024, "SE_ANNO_CAD_DATA": null, "OBJECTID": 163624, "SHAPE": null, "SHAPE.LEN": 0, "GLOBALID": "{CE1FDE67-EDCB-4C07-82BD-13106DEA61ED}", "CREATED": null, "EDITED": null }, "geometry": { "type": "LineString", "coordinates": [ [ -77.041242362474492, 38.900218991973006 ], [ -77.041565522167446, 38.900219508020818 ], [ -77.041576324034523, 38.900219360043103 ], [ -77.041702776772141, 38.90021861231731 ] ] } },
{ "type": "Feature", "properties": { "ROUTEID": "11042442", "FROMMEASURE": 2939.187, "TOMEASURE": 2995.432, "FROMDATE": 1704085200000, "TODATE": null, "EVENTID": "{266EC43E-F815-4156-85B3-F5E98CC07963}", "AADT": 13247.0, "AADT_YEAR": 2024, "SE_ANNO_CAD_DATA": null, "OBJECTID": 163625, "SHAPE": null, "SHAPE.LEN": 0, "GLOBALID": "{459918E3-C625-41D2-AC57-48F67CB34FDF}", "CREATED": null, "EDITED": null }, "geometry": { "type": "LineString", "coordinates": [ [ -77.041702776772141, 38.90021861231731 ], [ -77.041832826314689, 38.900217863166667 ], [ -77.041982335711822, 38.900217458205425 ], [ -77.042209458326369, 38.900225781161822 ], [ -77.042350751677233, 38.900231387274246 ] ] } },
{ "type": "Feature", "properties": { "ROUTEID": "11042442", "FROMMEASURE": 2995.432, "TOMEASURE": 3092.347, "FROMDATE": 1704085200000, "TODATE": null, "EVENTID": "{D3D8FDA2-D2A6-4F3C-A02D-4E76D9CD854F}", "AADT": 13247.0, "AADT_YEAR": 2024, "SE_ANNO_CAD_DATA": null, "OBJECTID": 163626, "SHAPE": null, "SHAPE.LEN": 0, "GLOBALID": "{EBA966BE-4297-40D2-81E6-D416CFFA7EA1}", "CREATED": null, "EDITED": null }, "geometry": { "type": "LineString", "coordinates": [ [ -77.042350751677233, 38.900231387274246 ], [ -77.042366695601046, 38.900232021086538 ], [ -77.042523931028896, 38.900235116882335 ], [ -77.042628759750343, 38.900239276572073 ], [ -77.042773900198455, 38.900239223518106 ], [ -77.042955319994107, 38.900239156949191 ], [ -77.043195867455793, 38.900238014271778 ], [ -77.043343688877385, 38.900229563726171 ], [ -77.043464792461577, 38.900209808436081 ] ] } },
{ "type": "Feature", "properties": { "ROUTEID": "11042442", "FROMMEASURE": 3092.348, "TOMEASURE": 3224.777, "FROMDATE": 1704085200000, "TODATE": null, "EVENTID": "{C23E0526-3308-4754-B3D8-96A34447EE1C}", "AADT": 1550.0, "AADT_YEAR": 2024, "SE_ANNO_CAD_DATA": null, "OBJECTID": 163627, "SHAPE": null, "SHAPE.LEN": 0, "GLOBALID": "{A8DC536F-B6FA-47C0-9CCE-DE05E9CA9299}", "CREATED": null, "EDITED": null }, "geometry": { "type": "LineString", "coordinates": [ [ -77.04198923540801, 38.899698565105609 ], [ -77.042168939402032, 38.899587021896487 ], [ -77.042271605566327, 38.899581354564596 ], [ -77.042387601990356, 38.899582015184727 ], [ -77.042742460689496, 38.899581741750374 ], [ -77.043176207466104, 38.899583275813285 ], [ -77.043322822004185, 38.899582933264426 ], [ -77.043465851386841, 38.899582745007748 ] ] } },
{ "type": "Feature", "properties": { "ROUTEID": "11042442", "FROMMEASURE": 3224.778, "TOMEASURE": 3349.843, "FROMDATE": 1704085200000, "TODATE": null, "EVENTID": "{BB18592A-5C16-4335-8056-4C1C85E5114D}", "AADT": 2415.0, "AADT_YEAR": 2024, "SE_ANNO_CAD_DATA": null, "OBJECTID": 163628, "SHAPE": null, "SHAPE.LEN": 0, "GLOBALID": "{8C4CA1F6-B8DE-4540-AF11-34CDD5E5A62D}", "CREATED": null, "EDITED": null }, "geometry": { "type": "LineString", "coordinates": [ [ -77.043465851386841, 38.899582745007748 ], [ -77.043546548183826, 38.899582570820186 ], [ -77.043612466098693, 38.899582690362905 ], [ -77.044238236815517, 38.899584004501257 ], [ -77.044714489072589, 38.89958748057137 ], [ -77.04473538939186, 38.899587193310225 ], [ -77.044740069721087, 38.899587047383982 ], [ -77.044804189073162, 38.899586878675542 ], [ -77.044907584668564, 38.899586559714315 ] ] } },
{ "type": "Feature", "properties": { "ROUTEID": "11047772", "FROMMEASURE": 2780.466, "TOMEASURE": 2905.497, "FROMDATE": 1704085200000, "TODATE": null, "EVENTID": "{C4C11F66-4A67-42E5-A815-54D7F04EE2EE}", "AADT": 10932.0, "AADT_YEAR": 2024, "SE_ANNO_CAD_DATA": null, "OBJECTID": 163910, "SHAPE": null, "SHAPE.LEN": 0, "GLOBALID": "{FC3752AE-DF1A-42D9-A525-194A87372B88}", "CREATED": null, "EDITED": null }, "geometry": { "type": "LineString", "coordinates": [ [ -77.043462958784559, 38.901343880574537 ], [ -77.04358328098121, 38.901344115005955 ], [ -77.043625797761266, 38.901344099136097 ], [ -77.044774316764801, 38.901345349147704 ], [ -77.04490436877154, 38.901345299229796 ] ] } },
{ "type": "Feature", "properties": { "ROUTEID": "11047772", "FROMMEASURE": 2905.498, "TOMEASURE": 3057.374, "FROMDATE": 1704085200000, "TODATE": null, "EVENTID": "{161D5A3C-91FD-4283-B55D-8FBE9EC55231}", "AADT": 10932.0, "AADT_YEAR": 2024, "SE_ANNO_CAD_DATA": null, "OBJECTID": 163911, "SHAPE": null, "SHAPE.LEN": 0, "GLOBALID": "{AA4B57FF-249F-4F96-9919-2CB2B5911309}", "CREATED": null, "EDITED": null }, "geometry": { "type": "LineString", "coordinates": [ [ -77.04490436877154, 38.901345299229796 ], [ -77.045039470222122, 38.901345247220426 ], [ -77.046186544303339, 38.901340439296355 ], [ -77.046654876579453, 38.901325893872084 ] ] } },
{ "type": "Feature", "properties": { "ROUTEID": "11047772", "FROMMEASURE": 3057.375, "TOMEASURE": 3209.311, "FROMDATE": 1704085200000, "TODATE": null, "EVENTID": "{17B9BA2E-186D-4C33-BE57-0F5ED4C985A1}", "AADT": 2584.0, "AADT_YEAR": 2024, "SE_ANNO_CAD_DATA": null, "OBJECTID": 163912, "SHAPE": null, "SHAPE.LEN": 0, "GLOBALID": "{D0E17929-E44A-4E1D-A243-966F54A3B1B7}", "CREATED": null, "EDITED": null }, "geometry": { "type": "LineString", "coordinates": [ [ -77.04490181485788, 38.900712886333991 ], [ -77.045019976027916, 38.900706507979578 ], [ -77.045252339442484, 38.900704589503107 ], [ -77.045393560402402, 38.900703264534343 ], [ -77.045518203743313, 38.900702089989181 ], [ -77.045752734272654, 38.900699890413868 ], [ -77.046039859282104, 38.900701327045802 ], [ -77.046451994609498, 38.900698632542927 ], [ -77.046529811137233, 38.900699304226322 ], [ -77.046653026415484, 38.900700381129262 ] ] } },
{ "type": "Feature", "properties": { "ROUTEID": "11047772", "FROMMEASURE": 3209.311, "TOMEASURE": 3311.939, "FROMDATE": 1704085200000, "TODATE": null, "EVENTID": "{11884185-B0DA-4830-B0A1-655C1D42C206}", "AADT": 2584.0, "AADT_YEAR": 2024, "SE_ANNO_CAD_DATA": null, "OBJECTID": 163913, "SHAPE": null, "SHAPE.LEN": 0, "GLOBALID": "{7466138B-CF8D-4C60-ABAD-27E5E7C68F62}", "CREATED": null, "EDITED": null }, "geometry": { "type": "LineString", "coordinates": [ [ -77.046653026415484, 38.900700381129262 ], [ -77.046796404795046, 38.900701584952351 ], [ -77.046925026857295, 38.900702659402391 ], [ -77.047494593933251, 38.900701726574205 ], [ -77.047836121652935, 38.900704010471671 ] ] } },
{ "type": "Feature", "properties": { "ROUTEID": "11048162", "FROMMEASURE": 442.937, "TOMEASURE": 627.083, "FROMDATE": 1704085200000, "TODATE": null, "EVENTID": "{E08A0BEA-5B0B-4807-9613-108BB14726D1}", "AADT": 1871.0, "AADT_YEAR": 2024, "SE_ANNO_CAD_DATA": null, "OBJECTID": 163974, "SHAPE": null, "SHAPE.LEN": 0, "GLOBALID": "{9344AF77-5243-434D-A83F-8C3CBDB958AD}", "CREATED": null, "EDITED": null }, "geometry": { "type": "LineString", "coordinates": [ [ -77.019903498146704, 38.894418811729501 ], [ -77.021913163824024, 38.893884724087137 ] ] } },
{ "type": "Feature", "properties": { "ROUTEID": "11049202", "FROMMEASURE": 0.0, "TOMEASURE": 161.431, "FROMDATE": 1704085200000, "TODATE": null, "EVENTID": "{7D248FF7-20D0-4A9D-B4CB-7091294383A6}", "AADT": null, "AADT_YEAR": 2024, "SE_ANNO_CAD_DATA": null, "OBJECTID": 164102, "SHAPE": null, "SHAPE.LEN": 0, "GLOBALID": "{65D79FBE-A7A0-4080-BA0F-C7FF0DB5EC04}", "CREATED": null, "EDITED": null }, "geometry": { "type": "LineString", "coordinates": [ [ -77.037949674061053, 38.898755132198815 ], [ -77.037949767943132, 38.898931596989847 ], [ -77.037949932473893, 38.89924085402253 ], [ -77.037952147745997, 38.899937740166543 ], [ -77.037955111015279, 38.900090385881747 ], [ -77.037957433839466, 38.900209331523421 ] ] } },
{ "type": "Feature", "properties": { "ROUTEID": "11050892", "FROMMEASURE": 3258.087, "TOMEASURE": 3835.549, "FROMDATE": 1704085200000, "TODATE": null, "EVENTID": "{69AAF34B-E09A-46F9-947C-BD18164065E4}", "AADT": 23366.0, "AADT_YEAR": 2024, "SE_ANNO_CAD_DATA": null, "OBJECTID": 164236, "SHAPE": null, "SHAPE.LEN": 0, "GLOBALID": "{D08CE363-A0DF-4B4C-B408-FA84DD00F9A5}", "CREATED": null, "EDITED": null }, "geometry": { "type": "LineString", "coordinates": [ [ -77.046650985979852, 38.902533718096677 ], [ -77.048694788889904, 38.902533820935155 ], [ -77.048828013432555, 38.902533774336277 ], [ -77.049381905318313, 38.902533766724616 ], [ -77.0494526909592, 38.902533763806687 ], [ -77.050782561825656, 38.902533769821986 ], [ -77.050846210940264, 38.902533318743821 ], [ -77.051275315341343, 38.90253073496919 ], [ -77.051416748468583, 38.90253099710759 ], [ -77.051605783241868, 38.902531301115346 ], [ -77.052211035730323, 38.902532212277059 ], [ -77.052654427437886, 38.902534256354976 ], [ -77.05317091045417, 38.902536184431156 ], [ -77.053187038949716, 38.902536150064208 ], [ -77.053308285396255, 38.902536265959448 ] ] } },
{ "type": "Feature", "properties": { "ROUTEID": "11053492", "FROMMEASURE": 3432.623, "TOMEASURE": 3539.309, "FROMDATE": 1704085200000, "TODATE": null, "EVENTID": "{9338FE66-2F07-43E8-8A2B-EABCAC3BF8BE}", "AADT": 7573.0, "AADT_YEAR": 2024, "SE_ANNO_CAD_DATA": null, "OBJECTID": 164523, "SHAPE": null, "SHAPE.LEN": 0, "GLOBALID": "{EBB8CCC6-039C-4691-9E9B-E0D34E56E616}", "CREATED": null, "EDITED": null }, "geometry": { "type": "LineString", "coordinates": [ [ -77.048885554475234, 38.903764318793478 ], [ -77.049302207799968, 38.903750973485998 ], [ -77.049854318867801, 38.903746235003482 ], [ -77.049996191780679, 38.903745480730706 ], [ -77.050115133992449, 38.903744853233256 ] ] } },
{ "type": "Feature", "properties": { "ROUTEID": "11053492", "FROMMEASURE": 3539.309, "TOMEASURE": 3597.932, "FROMDATE": 1704085200000, "TODATE": null, "EVENTID": "{B65774EB-65F8-4428-92DC-CE5CBF503799}", "AADT": 7573.0, "AADT_YEAR": 2024, "SE_ANNO_CAD_DATA": null, "OBJECTID": 164524, "SHAPE": null, "SHAPE.LEN": 0, "GLOBALID": "{E727CB73-6556-4704-B8B6-BE6904EBC058}", "CREATED": null, "EDITED": null }, "geometry": { "type": "LineString", "coordinates": [ [ -77.050115133992449, 38.903744853233256 ], [ -77.050205369588781, 38.903744373080137 ], [ -77.050218339499864, 38.903744385522359 ], [ -77.050790986939504, 38.9037448225966 ] ] } },
{ "type": "Feature", "properties": { "ROUTEID": "11053492", "FROMMEASURE": 3597.932, "TOMEASURE": 3652.158, "FROMDATE": 1704085200000, "TODATE": null, "EVENTID": "{0CB9739F-5E71-44D1-B7D9-37E9CF62CDB2}", "AADT": 7573.0, "AADT_YEAR": 2024, "SE_ANNO_CAD_DATA": null, "OBJECTID": 164525, "SHAPE": null, "SHAPE.LEN": 0, "GLOBALID": "{DE71D7C1-59DD-41C7-92C7-8D3580B13627}", "CREATED": null, "EDITED": null }, "geometry": { "type": "LineString", "coordinates": [ [ -77.050790986939504, 38.9037448225966 ], [ -77.051181629086628, 38.903745120542432 ], [ -77.051316574821655, 38.903746655823227 ], [ -77.051416115321615, 38.903747792151357 ] ] } },
{ "type": "Feature", "properties": { "ROUTEID": "11053492", "FROMMEASURE": 3652.158, "TOMEASURE": 3707.435, "FROMDATE": 1704085200000, "TODATE": null, "EVENTID": "{05514EB5-A3BD-4174-B992-AFF7B729A05C}", "AADT": 7573.0, "AADT_YEAR": 2024, "SE_ANNO_CAD_DATA": null, "OBJECTID": 164526, "SHAPE": null, "SHAPE.LEN": 0, "GLOBALID": "{03C45995-64B8-4D1B-9B41-75586CB3B35B}", "CREATED": null, "EDITED": null }, "geometry": { "type": "LineString", "coordinates": [ [ -77.051416115321615, 38.903747792151357 ], [ -77.051526481458339, 38.903749049737499 ], [ -77.051547325703098, 38.90374928376778 ], [ -77.052053381635702, 38.903748086480384 ] ] } },
{ "type": "Feature", "properties": { "ROUTEID": "11053492", "FROMMEASURE": 3707.435, "TOMEASURE": 3758.398, "FROMDATE": 1704085200000, "TODATE": null, "EVENTID": "{1FE5EED4-9336-43FE-99B2-504B2A562C66}", "AADT": 7573.0, "AADT_YEAR": 2024, "SE_ANNO_CAD_DATA": null, "OBJECTID": 164527, "SHAPE": null, "SHAPE.LEN": 0, "GLOBALID": "{C5B2BEE3-B393-4453-8125-96F84F881931}", "CREATED": null, "EDITED": null }, "geometry": { "type": "LineString", "coordinates": [ [ -77.052053381635702, 38.903748086480384 ], [ -77.052247814554221, 38.903747621335064 ], [ -77.052640923021414, 38.903746742212192 ] ] } },
{ "type": "Feature", "properties": { "ROUTEID": "11053492", "FROMMEASURE": 3758.398, "TOMEASURE": 3811.541, "FROMDATE": 1704085200000, "TODATE": null, "EVENTID": "{0862710C-BC09-434B-8588-62A5160C16C9}", "AADT": 7573.0, "AADT_YEAR": 2024, "SE_ANNO_CAD_DATA": null, "OBJECTID": 164528, "SHAPE": null, "SHAPE.LEN": 0, "GLOBALID": "{E131D0F4-6123-482D-83B4-35424C764251}", "CREATED": null, "EDITED": null }, "geometry": { "type": "LineString", "coordinates": [ [ -77.052640923021414, 38.903746742212192 ], [ -77.052952453806924, 38.903746042904778 ], [ -77.053068829696855, 38.903736134956965 ], [ -77.053109927269247, 38.903732639055526 ], [ -77.053207888977454, 38.903688273369582 ], [ -77.053233405070984, 38.903676676999901 ] ] } },
{ "type": "Feature", "properties": { "ROUTEID": "11053492", "FROMMEASURE": 3811.542, "TOMEASURE": 3818.767, "FROMDATE": 1704085200000, "TODATE": null, "EVENTID": "{8AA7D1A1-B9CA-4EB4-9F1B-1A863B49D79E}", "AADT": 7573.0, "AADT_YEAR": 2024, "SE_ANNO_CAD_DATA": null, "OBJECTID": 164529, "SHAPE": null, "SHAPE.LEN": 0, "GLOBALID": "{FB6F7011-A3AF-43BF-B5C2-50DC4D8854E6}", "CREATED": null, "EDITED": null }, "geometry": { "type": "LineString", "coordinates": [ [ -77.053233405064248, 38.903676667991562 ], [ -77.05330541249694, 38.903643943834439 ] ] } },
{ "type": "Feature", "properties": { "ROUTEID": "11053492", "FROMMEASURE": 3818.768, "TOMEASURE": 3903.675, "FROMDATE": 1704085200000, "TODATE": null, "EVENTID": "{220E83D7-C627-4BE5-9ECE-7CCB77E1AB1C}", "AADT": null, "AADT_YEAR": 2024, "SE_ANNO_CAD_DATA": null, "OBJECTID": 164530, "SHAPE": null, "SHAPE.LEN": 0, "GLOBALID": "{95A9D814-7EE4-419E-9EB9-4C44AB7B2F18}", "CREATED": null, "EDITED": null }, "geometry": { "type": "LineString", "coordinates": [ [ -77.053783473019436, 38.903807289442319 ], [ -77.053959506083856, 38.903761076478958 ], [ -77.053974802560077, 38.903758105663762 ], [ -77.054010571168916, 38.903751143690478 ], [ -77.054039657974897, 38.903750661804992 ], [ -77.054164640176367, 38.903748613078882 ], [ -77.054254552183195, 38.903747130020875 ], [ -77.054422259576739, 38.90374437653449 ], [ -77.054648973442681, 38.903744333760237 ], [ -77.054751037914244, 38.903744312996793 ] ] } },
{ "type": "Feature", "properties": { "ROUTEID": "11053492", "FROMMEASURE": 3903.675, "TOMEASURE": 3997.188, "FROMDATE": 1704085200000, "TODATE": null, "EVENTID": "{C63E45A2-6E85-49A9-BD53-B346BC2236AA}", "AADT": null, "AADT_YEAR": 2024, "SE_ANNO_CAD_DATA": null, "OBJECTID": 164531, "SHAPE": null, "SHAPE.LEN": 0, "GLOBALID": "{1201EF07-971B-4768-8855-8746A07EA869}", "CREATED": null, "EDITED": null }, "geometry": { "type": "LineString", "coordinates": [ [ -77.054751037914244, 38.903744312996793 ], [ -77.054768469457187, 38.903744304826098 ], [ -77.054839542905299, 38.903742199563055 ], [ -77.054867384328517, 38.903741375738562 ], [ -77.05507501839304, 38.9037418185397 ], [ -77.055181243328221, 38.90373994872602 ], [ -77.055201026479807, 38.903739597062483 ], [ -77.055211944174303, 38.90373949281139 ], [ -77.055333883404955, 38.903738327091325 ], [ -77.055447051086801, 38.903739570638514 ], [ -77.055683622079641, 38.903739548202822 ], [ -77.055829000750521, 38.903740163454358 ] ] } },
{ "type": "Feature", "properties": { "ROUTEID": "11053492", "FROMMEASURE": 3997.188, "TOMEASURE": 4004.414, "FROMDATE": 1704085200000, "TODATE": null, "EVENTID": "{C18308BA-D593-4FC4-A33F-3BCB6D28B958}", "AADT": null, "AADT_YEAR": 2024, "SE_ANNO_CAD_DATA": null, "OBJECTID": 164532, "SHAPE": null, "SHAPE.LEN": 0, "GLOBALID": "{4315DE54-1F4E-43FB-B08B-D5F0EEB86141}", "CREATED": null, "EDITED": null }, "geometry": { "type": "LineString", "coordinates": [ [ -77.055829000750521, 38.903740163454358 ], [ -77.055912308151832, 38.90374051998117 ] ] } },
{ "type": "Feature", "properties": { "ROUTEID": "11057852", "FROMMEASURE": 3849.774, "TOMEASURE": 3934.336, "FROMDATE": 1704085200000, "TODATE": null, "EVENTID": "{98618062-5A19-4201-A5E4-7AECB5F16742}", "AADT": 11474.0, "AADT_YEAR": 2024, "SE_ANNO_CAD_DATA": null, "OBJECTID": 164833, "SHAPE": null, "SHAPE.LEN": 0, "GLOBALID": "{2F553BFE-B132-4349-BE41-E00BF688545D}", "CREATED": null, "EDITED": null }, "geometry": { "type": "LineString", "coordinates": [ [ -77.054751555028332, 38.905259067584019 ], [ -77.054855305551854, 38.9052598837172 ], [ -77.054978540285987, 38.90526085274108 ], [ -77.055042872764815, 38.905261362950149 ], [ -77.055311153744228, 38.905261416410326 ], [ -77.055558567015169, 38.905261299013034 ], [ -77.055726464550844, 38.905261318139338 ] ] } },
{ "type": "Feature", "properties": { "ROUTEID": "11057852", "FROMMEASURE": 3934.336, "TOMEASURE": 4046.102, "FROMDATE": 1704085200000, "TODATE": null, "EVENTID": "{0389D7C5-A3DA-4D88-B22C-9C1A5FBDC95F}", "AADT": 11474.0, "AADT_YEAR": 2024, "SE_ANNO_CAD_DATA": null, "OBJECTID": 164834, "SHAPE": null, "SHAPE.LEN": 0, "GLOBALID": "{2901F6E7-6726-455B-A72C-24478C286C7A}", "CREATED": null, "EDITED": null }, "geometry": { "type": "LineString", "coordinates": [ [ -77.055726464550844, 38.905261318139338 ], [ -77.055861896286416, 38.905261334535801 ], [ -77.055925029645621, 38.90526170970719 ], [ -77.056074377617207, 38.905262583996837 ], [ -77.056356492600116, 38.905261547413446 ], [ -77.056514440493629, 38.905261471114621 ], [ -77.056640103703501, 38.90525717633269 ], [ -77.056767610612937, 38.905251709433784 ], [ -77.056905388117343, 38.905244030346857 ], [ -77.057014207360297, 38.905239761382418 ] ] } },
{ "type": "Feature", "properties": { "ROUTEID": "11057852", "FROMMEASURE": 4046.102, "TOMEASURE": 4141.52, "FROMDATE": 1704085200000, "TODATE": null, "EVENTID": "{3687D7EC-4943-45BC-A609-9A8FA827D8F4}", "AADT": 11474.0, "AADT_YEAR": 2024, "SE_ANNO_CAD_DATA": null, "OBJECTID": 164835, "SHAPE": null, "SHAPE.LEN": 0, "GLOBALID": "{9B139371-C5CF-4EB3-8D49-59C47E89BE67}", "CREATED": null, "EDITED": null }, "geometry": { "type": "LineString", "coordinates": [ [ -77.057014207360297, 38.905239761382418 ], [ -77.05714258788376, 38.905259913405423 ], [ -77.058111546347632, 38.905245346389599 ] ] } },
{ "type": "Feature", "properties": { "ROUTEID": "11057852", "FROMMEASURE": 4141.52, "TOMEASURE": 4233.361, "FROMDATE": 1704085200000, "TODATE": null, "EVENTID": "{3428102A-14D2-4C52-AB35-8EFB15234023}", "AADT": 21018.0, "AADT_YEAR": 2024, "SE_ANNO_CAD_DATA": null, "OBJECTID": 164836, "SHAPE": null, "SHAPE.LEN": 0, "GLOBALID": "{B6C328F1-61C7-4273-99C5-0F57F6BA7D56}", "CREATED": null, "EDITED": null }, "geometry": { "type": "LineString", "coordinates": [ [ -77.058111546347632, 38.905245346389599 ], [ -77.058209297789134, 38.905241261983797 ], [ -77.058252772334541, 38.905239447652313 ], [ -77.058399997654021, 38.90523874356559 ], [ -77.058671156068101, 38.905233022525444 ], [ -77.058897237463782, 38.905229215343795 ], [ -77.05904834734045, 38.905227661696379 ], [ -77.059170012288249, 38.905226411037496 ] ] } },
{ "type": "Feature", "properties": { "ROUTEID": "11057852", "FROMMEASURE": 4233.361, "TOMEASURE": 4319.619, "FROMDATE": 1704085200000, "TODATE": null, "EVENTID": "{FE9A4710-7A4C-443C-9DD4-7434A2C69EBA}", "AADT": 21018.0, "AADT_YEAR": 2024, "SE_ANNO_CAD_DATA": null, "OBJECTID": 164837, "SHAPE": null, "SHAPE.LEN": 0, "GLOBALID": "{D30432A7-3DEA-4CC5-B696-CA5DB5E25C8F}", "CREATED": null, "EDITED": null }, "geometry": { "type": "LineString", "coordinates": [ [ -77.059170012288249, 38.905226411037496 ], [ -77.059182578834367, 38.905226278555297 ], [ -77.059275698629918, 38.905225943078563 ], [ -77.059385604657876, 38.90522554494602 ], [ -77.059641891540494, 38.905221090380778 ], [ -77.059847912399604, 38.905217381682291 ], [ -77.060069506384608, 38.905210601774058 ], [ -77.060123334081283, 38.905208952581503 ], [ -77.06016413549402, 38.90520912075219 ] ] } },
{ "type": "Feature", "properties": { "ROUTEID": "11058242", "FROMMEASURE": 0.0, "TOMEASURE": 205.51, "FROMDATE": 1704085200000, "TODATE": null, "EVENTID": "{5CE927E2-F0C4-4055-AB0D-49A9EC5F1551}", "AADT": null, "AADT_YEAR": 2024, "SE_ANNO_CAD_DATA": null, "OBJECTID": 164943, "SHAPE": null, "SHAPE.LEN": 0, "GLOBALID": "{04292D58-21FE-481E-AFB5-A2814736F8A1}", "CREATED": null, "EDITED": null }, "geometry": { "type": "LineString", "coordinates": [ [ -77.015201943763799, 38.89064258699085 ], [ -77.015385643987798, 38.890640139682617 ], [ -77.01587786646806, 38.890633578764088 ], [ -77.016673551270372, 38.890624819841378 ], [ -77.017293613994923, 38.890610280240907 ], [ -77.017570206564599, 38.890603788961826 ] ] } },
{ "type": "Feature", "properties": { "ROUTEID": "11058302", "FROMMEASURE": 0.0, "TOMEASURE": 160.347, "FROMDATE": 1704085200000, "TODATE": null, "EVENTID": "{C47746A1-E172-4CFD-B23F-55960ADE2E6E}", "AADT": null, "AADT_YEAR": 2024, "SE_ANNO_CAD_DATA": null, "OBJECTID": 164949, "SHAPE": null, "SHAPE.LEN": 0, "GLOBALID": "{B078438C-6722-4DA5-A7E3-1AC84E18A841}", "CREATED": null, "EDITED": null }, "geometry": { "type": "LineString", "coordinates": [ [ -77.03511974235326, 38.898768529894213 ], [ -77.035147235313474, 38.89888284675834 ], [ -77.03514810478741, 38.898939527114948 ], [ -77.035150235204242, 38.89902850207131 ], [ -77.035151482304073, 38.899453786474744 ], [ -77.035152372386236, 38.899856369883075 ], [ -77.035154254648859, 38.90007332668339 ], [ -77.035131323085508, 38.90020979223037 ] ] } },
{ "type": "Feature", "properties": { "ROUTEID": "11064222", "FROMMEASURE": 437.131, "TOMEASURE": 570.525, "FROMDATE": 1704085200000, "TODATE": null, "EVENTID": "{3D6F891B-EB7D-4530-982E-926DC80A56AA}", "AADT": 9968.0, "AADT_YEAR": 2024, "SE_ANNO_CAD_DATA": null, "OBJECTID": 165589, "SHAPE": null, "SHAPE.LEN": 0, "GLOBALID": "{9C75F41A-1EF1-474D-A667-9767C2BA14CB}", "CREATED": null, "EDITED": null }, "geometry": { "type": "LineString", "coordinates": [ [ -77.051425453388006, 38.90112495963119 ], [ -77.051310113649322, 38.901255523464329 ], [ -77.051276362898861, 38.901293724719991 ], [ -77.051052422966251, 38.901534436079316 ], [ -77.050822951895555, 38.901780824670773 ], [ -77.050638866758078, 38.901978097581811 ], [ -77.050534184775643, 38.90210397166107 ] ] } },
{ "type": "Feature", "properties": { "ROUTEID": "11064222", "FROMMEASURE": 570.526, "TOMEASURE": 685.321, "FROMDATE": 1704085200000, "TODATE": null, "EVENTID": "{7DF7B318-683C-45BC-B55C-3CB1139116E0}", "AADT": 7687.0, "AADT_YEAR": 2024, "SE_ANNO_CAD_DATA": null, "OBJECTID": 165590, "SHAPE": null, "SHAPE.LEN": 0, "GLOBALID": "{E86FFEC3-988A-41DE-A9E3-B7540E176A28}", "CREATED": null, "EDITED": null }, "geometry": { "type": "LineString", "coordinates": [ [ -77.049729675165807, 38.902977235751472 ], [ -77.049308890740221, 38.903411986236321 ], [ -77.049147600969562, 38.903575555861927 ], [ -77.049074053992953, 38.903652184828481 ], [ -77.049044088463035, 38.903682501520528 ], [ -77.048885554475234, 38.903764318793478 ] ] } },
{ "type": "Feature", "properties": { "ROUTEID": "11064672", "FROMMEASURE": 1973.643, "TOMEASURE": 2135.554, "FROMDATE": 1704085200000, "TODATE": null, "EVENTID": "{9813C884-48EC-47D8-8617-4133E214A0A1}", "AADT": 6876.0, "AADT_YEAR": 2024, "SE_ANNO_CAD_DATA": null, "OBJECTID": 165760, "SHAPE": null, "SHAPE.LEN": 0, "GLOBALID": "{6975B572-64E6-4CF3-90AA-CF6820451019}", "CREATED": null, "EDITED": null }, "geometry": { "type": "LineString", "coordinates": [ [ -77.031954310670969, 38.899400456440951 ], [ -77.033538995819299, 38.898856961104585 ], [ -77.033644076446876, 38.898789584367073 ] ] } },
{ "type": "Feature", "properties": { "ROUTEID": "11067082", "FROMMEASURE": 108.84, "TOMEASURE": 202.491, "FROMDATE": 1704085200000, "TODATE": null, "EVENTID": "{5CD4A5F5-31F9-45BA-8048-617364984BD1}", "AADT": null, "AADT_YEAR": 2024, "SE_ANNO_CAD_DATA": null, "OBJECTID": 165989, "SHAPE": null, "SHAPE.LEN": 0, "GLOBALID": "{0F56BDE6-1AE3-4B00-991D-AA7365FAE639}", "CREATED": null, "EDITED": null }, "geometry": { "type": "LineString", "coordinates": [ [ -77.057044820700483, 38.906094936400983 ], [ -77.057556755194113, 38.906085857130428 ], [ -77.057648181417917, 38.906085631886057 ], [ -77.057950821932764, 38.906085031742322 ], [ -77.058006288470281, 38.906084598840387 ], [ -77.058124404183445, 38.906083684342462 ] ] } },
{ "type": "Feature", "properties": { "ROUTEID": "11067082", "FROMMEASURE": 202.491, "TOMEASURE": 229.935, "FROMDATE": 1704085200000, "TODATE": null, "EVENTID": "{1B705EBE-E304-4BB6-8E06-008F088A5106}", "AADT": null, "AADT_YEAR": 2024, "SE_ANNO_CAD_DATA": null, "OBJECTID": 165990, "SHAPE": null, "SHAPE.LEN": 0, "GLOBALID": "{CCDE2394-7F5E-4B3B-ACD8-81760D35A888}", "CREATED": null, "EDITED": null }, "geometry": { "type": "LineString", "coordinates": [ [ -77.058124404183445, 38.906083684342462 ], [ -77.058211691060791, 38.906083010298808 ], [ -77.058261646685978, 38.906082625063107 ], [ -77.058440798328604, 38.906082265334405 ] ] } },
{ "type": "Feature", "properties": { "ROUTEID": "11067082", "FROMMEASURE": 229.935, "TOMEASURE": 293.655, "FROMDATE": 1704085200000, "TODATE": null, "EVENTID": "{0148828C-5EE8-4D6E-BF5E-663BB390A329}", "AADT": null, "AADT_YEAR": 2024, "SE_ANNO_CAD_DATA": null, "OBJECTID": 165991, "SHAPE": null, "SHAPE.LEN": 0, "GLOBALID": "{7F42288A-7713-4D21-8B40-8E96908BBB17}", "CREATED": null, "EDITED": null }, "geometry": { "type": "LineString", "coordinates": [ [ -77.058440798328604, 38.906082265334405 ], [ -77.058614323731689, 38.906081908153858 ], [ -77.058940825447451, 38.906076248794598 ], [ -77.05907353647298, 38.906074605304674 ], [ -77.059175326545969, 38.906073337663912 ] ] } },
{ "type": "Feature", "properties": { "ROUTEID": "11069702", "FROMMEASURE": 0.0, "TOMEASURE": 72.633, "FROMDATE": 1704085200000, "TODATE": null, "EVENTID": "{363C65B1-C5D8-40EF-B438-3A3BD239A200}", "AADT": 1612.0, "AADT_YEAR": 2024, "SE_ANNO_CAD_DATA": null, "OBJECTID": 166275, "SHAPE": null, "SHAPE.LEN": 0, "GLOBALID": "{A1FC3603-5D49-42FF-A88E-91E1226DBF49}", "CREATED": null, "EDITED": null }, "geometry": { "type": "LineString", "coordinates": [ [ -77.012400922277706, 38.890427167399835 ], [ -77.012385015080895, 38.890424736826347 ], [ -77.012368992743603, 38.890423026933021 ], [ -77.012352855265348, 38.890422037719681 ], [ -77.012336717912248, 38.890421769174154 ], [ -77.012320580683777, 38.890422221296454 ], [ -77.012304443579382, 38.890423394086554 ], [ -77.012288421865065, 38.890425287532373 ], [ -77.012272630791401, 38.890427811538032 ], [ -77.012256955122297, 38.89043114628322 ], [ -77.012241625359536, 38.890435111576402 ], [ -77.012226526251609, 38.890439797513459 ], [ -77.012211888315647, 38.890445113986601 ], [ -77.012197596284892, 38.890451061008122 ], [ -77.012183765425632, 38.890457638566033 ], [ -77.012170511004015, 38.890464846648555 ], [ -77.012157717738148, 38.890472595184072 ], [ -77.012145500909753, 38.890480974244525 ], [ -77.012133975754537, 38.890489803650617 ], [ -77.012123142287876, 38.890499173486276 ], [ -77.012112885227964, 38.890508993679944 ], [ -77.012103435108159, 38.890519264207832 ], [ -77.012094791913199, 38.890529894986386 ], [ -77.012086840391888, 38.890540976111481 ], [ -77.012079811047457, 38.890552327391873 ], [ -77.012073588613418, 38.890563948839706 ], [ -77.012068173105362, 38.890575930538809 ], [ -77.012063679759876, 38.890588092309876 ], [ -77.012060108562196, 38.890600344069284 ], [ -77.012057344276528, 38.890612865996516 ], [ -77.01205561739097, 38.890625387816584 ], [ -77.012054697403101, 38.890638089720817 ], [ -77.012054699534417, 38.89065070144607 ], [ -77.012055739067534, 38.890663313064209 ], [ -77.012057585453917, 38.890675834515271 ], [ -77.012060353976253, 38.890688355871085 ], [ -77.012064159856095, 38.890700606868343 ], [ -77.012068657323738, 38.890712767710262 ], [ -77.012074192149768, 38.890724658193477 ], [ -77.012080533800855, 38.890736278341699 ], [ -77.012087682277127, 38.890747628154784 ], [ -77.012095637563704, 38.890758617548855 ], [ -77.012104918461972, 38.890769832014364 ], [ -77.012115467132332, 38.890780055426291 ], [ -77.012126073278438, 38.890789332951918 ], [ -77.012137486189644, 38.8907979798065 ], [ -77.012149360095293, 38.890806176193202 ], [ -77.012161925514093, 38.890813832004177 ], [ -77.012175067163611, 38.890820857167476 ], [ -77.012188669791868, 38.89082734177866 ], [ -77.012202733367943, 38.890833105670104 ], [ -77.012217142655089, 38.890838329021179 ], [ -77.012221338598394, 38.890839607771447 ] ] } },
{ "type": "Feature", "properties": { "ROUTEID": "11069702", "FROMMEASURE": 72.633, "TOMEASURE": 108.76, "FROMDATE": 1704085200000, "TODATE": null, "EVENTID": "{BB6A0A6E-29AB-45A6-909E-167CFE369631}", "AADT": 1612.0, "AADT_YEAR": 2024, "SE_ANNO_CAD_DATA": null, "OBJECTID": 166276, "SHAPE": null, "SHAPE.LEN": 0, "GLOBALID": "{1306EF63-C9CD-465F-A0FF-4B5ED3845CE7}", "CREATED": null, "EDITED": null }, "geometry": { "type": "LineString", "coordinates": [ [ -77.012221338598394, 38.890839607771447 ], [ -77.01222901578889, 38.890841931128584 ], [ -77.012264346704512, 38.890850845714986 ], [ -77.012280369135382, 38.890852555622565 ], [ -77.012296506709944, 38.890853544845861 ], [ -77.012312644160531, 38.890853813396937 ], [ -77.012328781486701, 38.890853361275759 ], [ -77.012344918687944, 38.890852188482384 ], [ -77.01236094049662, 38.890850295028962 ], [ -77.012376731660765, 38.890847771011558 ], [ -77.012392407415732, 38.890844436250504 ], [ -77.012407737258044, 38.890840470937846 ], [ -77.012422836438944, 38.890835784977725 ], [ -77.012437474439281, 38.890830468478477 ], [ -77.012451766526041, 38.890824521428023 ], [ -77.012465597431799, 38.890817943838798 ], [ -77.012478851889099, 38.890810735723257 ], [ -77.012491645180745, 38.890802987153009 ], [ -77.012503862023706, 38.890794608056837 ], [ -77.012515387182376, 38.89078577861472 ], [ -77.012526220640979, 38.890776408743143 ], [ -77.012536477682445, 38.890766588513657 ], [ -77.012545927772734, 38.890756317951187 ], [ -77.012554570927932, 38.890745687139685 ], [ -77.012562522399307, 38.890734605983141 ], [ -77.012568779616899, 38.890724506921295 ] ] } },
{ "type": "Feature", "properties": { "ROUTEID": "11069702", "FROMMEASURE": 108.76, "TOMEASURE": 148.913, "FROMDATE": 1704085200000, "TODATE": null, "EVENTID": "{F0B65A6C-DF81-4FB0-A341-650B14AC399E}", "AADT": 1612.0, "AADT_YEAR": 2024, "SE_ANNO_CAD_DATA": null, "OBJECTID": 166277, "SHAPE": null, "SHAPE.LEN": 0, "GLOBALID": "{ECDE8EB5-1010-400D-9478-E75C905414B4}", "CREATED": null, "EDITED": null }, "geometry": { "type": "LineString", "coordinates": [ [ -77.012568779616899, 38.890724506921295 ], [ -77.012569551684919, 38.890723254674022 ], [ -77.012572317182219, 38.890718092577366 ], [ -77.012575774052053, 38.890711633200141 ], [ -77.012581189485147, 38.890699651477789 ], [ -77.012585682749432, 38.890687489687053 ], [ -77.012589253861222, 38.890675237911736 ], [ -77.01259201805604, 38.890662715972056 ], [ -77.012593744848274, 38.890650194144136 ], [ -77.012594664740334, 38.89063749223569 ], [ -77.012594662513564, 38.89062488051043 ], [ -77.012593622885817, 38.890612268896959 ], [ -77.012591776406921, 38.890599747454267 ], [ -77.012589007794858, 38.890587226110874 ], [ -77.012585201830817, 38.89057497513047 ], [ -77.012580704283835, 38.890562814308126 ], [ -77.012575169385926, 38.890550923848593 ], [ -77.012568827670847, 38.890539303726847 ], [ -77.012561679138827, 38.890527953942772 ], [ -77.012553723806192, 38.890516964579994 ], [ -77.012544442870364, 38.890505750149664 ], [ -77.012533894179057, 38.890495526775986 ], [ -77.012523288023516, 38.89048624928688 ], [ -77.012511875115408, 38.890477602469531 ], [ -77.012500001222833, 38.890469406119195 ], [ -77.012487435828405, 38.890461750344144 ], [ -77.012474294214272, 38.890454725215548 ], [ -77.012460691631105, 38.890448240637163 ], [ -77.012446628110126, 38.890442476776379 ], [ -77.012432218886147, 38.890437253453236 ], [ -77.012400922277706, 38.890427167399835 ] ] } },
{ "type": "Feature", "properties": { "ROUTEID": "11069812", "FROMMEASURE": 0.0, "TOMEASURE": 240.908, "FROMDATE": 1704085200000, "TODATE": null, "EVENTID": "{64779E34-20DE-4439-A510-E9F1C9F8A0E0}", "AADT": 889.0, "AADT_YEAR": 2024, "SE_ANNO_CAD_DATA": null, "OBJECTID": 166278, "SHAPE": null, "SHAPE.LEN": 0, "GLOBALID": "{72D316DF-7DF1-49A9-8FC7-FFF48068E491}", "CREATED": null, "EDITED": null }, "geometry": { "type": "LineString", "coordinates": [ [ -77.012572317182219, 38.890718092577366 ], [ -77.012764143645086, 38.890778022506709 ], [ -77.013059059879723, 38.890870938316517 ], [ -77.013690527656024, 38.891048330986159 ], [ -77.014017409466049, 38.891138880426595 ], [ -77.014107991736651, 38.891163975859683 ], [ -77.014243300350259, 38.89120111898152 ], [ -77.014492603788355, 38.891269569974433 ], [ -77.015183558814485, 38.891455415036013 ] ] } },
{ "type": "Feature", "properties": { "ROUTEID": "11069812", "FROMMEASURE": 240.908, "TOMEASURE": 352.002, "FROMDATE": 1704085200000, "TODATE": null, "EVENTID": "{A45DD65F-817F-462B-891D-81C778CA09CD}", "AADT": 25459.0, "AADT_YEAR": 2024, "SE_ANNO_CAD_DATA": null, "OBJECTID": 166279, "SHAPE": null, "SHAPE.LEN": 0, "GLOBALID": "{55C245C3-C415-492D-958A-9621C22CA3CB}", "CREATED": null, "EDITED": null }, "geometry": { "type": "LineString", "coordinates": [ [ -77.015183558814485, 38.891455415036013 ], [ -77.016390228171318, 38.891790453523917 ] ] } },
{ "type": "Feature", "properties": { "ROUTEID": "11069812", "FROMMEASURE": 352.002, "TOMEASURE": 431.361, "FROMDATE": 1704085200000, "TODATE": null, "EVENTID": "{3C2F3C14-3FEB-488A-A284-B0D34047A7A2}", "AADT": 25459.0, "AADT_YEAR": 2024, "SE_ANNO_CAD_DATA": null, "OBJECTID": 166280, "SHAPE": null, "SHAPE.LEN": 0, "GLOBALID": "{45B17ED2-D4F0-4BF4-B874-B83557513D09}", "CREATED": null, "EDITED": null }, "geometry": { "type": "LineString", "coordinates": [ [ -77.016390228171318, 38.891790453523917 ], [ -77.017252207666829, 38.892029780953443 ] ] } },
{ "type": "Feature", "properties": { "ROUTEID": "11069812", "FROMMEASURE": 431.361, "TOMEASURE": 460.337, "FROMDATE": 1704085200000, "TODATE": null, "EVENTID": "{C05B5494-84A5-414B-BADA-37F46E1F2A77}", "AADT": 25459.0, "AADT_YEAR": 2024, "SE_ANNO_CAD_DATA": null, "OBJECTID": 166281, "SHAPE": null, "SHAPE.LEN": 0, "GLOBALID": "{E06DDD13-9CEC-4001-ADE0-B1B7916FB343}", "CREATED": null, "EDITED": null }, "geometry": { "type": "LineString", "coordinates": [ [ -77.017252207666829, 38.892029780953443 ], [ -77.01756694833999, 38.892117160300174 ] ] } },
{ "type": "Feature", "properties": { "ROUTEID": "11069812", "FROMMEASURE": 460.338, "TOMEASURE": 554.258, "FROMDATE": 1704085200000, "TODATE": null, "EVENTID": "{08A83791-B192-4718-B919-814A288DE4CF}", "AADT": 9383.0, "AADT_YEAR": 2024, "SE_ANNO_CAD_DATA": null, "OBJECTID": 166282, "SHAPE": null, "SHAPE.LEN": 0, "GLOBALID": "{9EC83079-C95E-41B1-B1F5-47BD07DC22C4}", "CREATED": null, "EDITED": null }, "geometry": { "type": "LineString", "coordinates": [ [ -77.01756694833999, 38.892117160300174 ], [ -77.018586901220644, 38.892400820236666 ] ] } },
{ "type": "Feature", "properties": { "ROUTEID": "11069812", "FROMMEASURE": 554.258, "TOMEASURE": 675.328, "FROMDATE": 1704085200000, "TODATE": null, "EVENTID": "{2F78DE3F-9600-447F-90DD-8F75CF749B87}", "AADT": 9383.0, "AADT_YEAR": 2024, "SE_ANNO_CAD_DATA": null, "OBJECTID": 166283, "SHAPE": null, "SHAPE.LEN": 0, "GLOBALID": "{2DCF4408-DAFA-451D-BC21-210465F3DB3C}", "CREATED": null, "EDITED": null }, "geometry": { "type": "LineString", "coordinates": [ [ -77.018586901220644, 38.892400820236666 ], [ -77.019901723030415, 38.892766451620233 ] ] } },
{ "type": "Feature", "properties": { "ROUTEID": "11069812", "FROMMEASURE": 675.328, "TOMEASURE": 860.394, "FROMDATE": 1704085200000, "TODATE": null, "EVENTID": "{1D1E7DCF-15E7-49AE-8042-7F58922D9D14}", "AADT": 9383.0, "AADT_YEAR": 2024, "SE_ANNO_CAD_DATA": null, "OBJECTID": 166284, "SHAPE": null, "SHAPE.LEN": 0, "GLOBALID": "{7DFF3D57-A1A5-485E-8E5F-682C67FB7B19}", "CREATED": null, "EDITED": null }, "geometry": { "type": "LineString", "coordinates": [ [ -77.019901723030415, 38.892766451620233 ], [ -77.020707309125783, 38.892993646851437 ], [ -77.020751000456457, 38.893006575119173 ], [ -77.021921353673406, 38.893302556585326 ] ] } },
{ "type": "Feature", "properties": { "ROUTEID": "11069812", "FROMMEASURE": 860.394, "TOMEASURE": 1050.12, "FROMDATE": 1704085200000, "TODATE": null, "EVENTID": "{392C04A1-5D19-42A5-9613-99E339154F15}", "AADT": 9383.0, "AADT_YEAR": 2024, "SE_ANNO_CAD_DATA": null, "OBJECTID": 166285, "SHAPE": null, "SHAPE.LEN": 0, "GLOBALID": "{EBC0545D-6F17-4D91-AC2A-03F3B8A1D244}", "CREATED": null, "EDITED": null }, "geometry": { "type": "LineString", "coordinates": [ [ -77.021921353673406, 38.893302556585326 ], [ -77.023113796877695, 38.893651887531433 ], [ -77.023349780289294, 38.893719853793932 ], [ -77.023903571172895, 38.893863623469144 ], [ -77.023977432936974, 38.89388435460728 ] ] } },
{ "type": "Feature", "properties": { "ROUTEID": "11069812", "FROMMEASURE": 1050.12, "TOMEASURE": 1236.872, "FROMDATE": 1704085200000, "TODATE": null, "EVENTID": "{72F69080-BE00-4DD6-BE57-72587D9DEBBD}", "AADT": 14776.0, "AADT_YEAR": 2024, "SE_ANNO_CAD_DATA": null, "OBJECTID": 166286, "SHAPE": null, "SHAPE.LEN": 0, "GLOBALID": "{D6332A63-6B45-4545-BA77-255E8D0A1DA9}", "CREATED": null, "EDITED": null }, "geometry": { "type": "LineString", "coordinates": [ [ -77.023977432936974, 38.89388435460728 ], [ -77.026004099719472, 38.894451610454702 ] ] } },
{ "type": "Feature", "properties": { "ROUTEID": "11069812", "FROMMEASURE": 1236.872, "TOMEASURE": 1333.722, "FROMDATE": 1704085200000, "TODATE": null, "EVENTID": "{A7C7092B-4A73-4A85-AE78-6036CA020B70}", "AADT": 14776.0, "AADT_YEAR": 2024, "SE_ANNO_CAD_DATA": null, "OBJECTID": 166287, "SHAPE": null, "SHAPE.LEN": 0, "GLOBALID": "{2932D094-F741-4DD7-9A52-921DDFA89B0B}", "CREATED": null, "EDITED": null }, "geometry": { "type": "LineString", "coordinates": [ [ -77.026004099719472, 38.894451610454702 ], [ -77.027055800130924, 38.894744341771371 ] ] } },
{ "type": "Feature", "properties": { "ROUTEID": "11069812", "FROMMEASURE": 1333.722, "TOMEASURE": 1429.426, "FROMDATE": 1704085200000, "TODATE": null, "EVENTID": "{72F02A3C-D559-4144-A5DC-CA1C1F04EDB8}", "AADT": 14776.0, "AADT_YEAR": 2024, "SE_ANNO_CAD_DATA": null, "OBJECTID": 166288, "SHAPE": null, "SHAPE.LEN": 0, "GLOBALID": "{59D351DA-0E7A-4199-B97E-E0736155409D}", "CREATED": null, "EDITED": null }, "geometry": { "type": "LineString", "coordinates": [ [ -77.027055800130924, 38.894744341771371 ], [ -77.028098329153337, 38.895026363870876 ] ] } },
{ "type": "Feature", "properties": { "ROUTEID": "11069812", "FROMMEASURE": 1429.426, "TOMEASURE": 1570.98, "FROMDATE": 1704085200000, "TODATE": null, "EVENTID": "{8A477D9E-68C8-41D1-BFB4-0AB1657969EA}", "AADT": 14776.0, "AADT_YEAR": 2024, "SE_ANNO_CAD_DATA": null, "OBJECTID": 166289, "SHAPE": null, "SHAPE.LEN": 0, "GLOBALID": "{0B15F1DA-8332-4EC7-9A59-B306FE94CAEA}", "CREATED": null, "EDITED": null }, "geometry": { "type": "LineString", "coordinates": [ [ -77.028098329153337, 38.895026363870876 ], [ -77.028812428814661, 38.895228076457151 ], [ -77.029635384989604, 38.895454394991411 ] ] } },
{ "type": "Feature", "properties": { "ROUTEID": "11069812", "FROMMEASURE": 1570.98, "TOMEASURE": 1670.39, "FROMDATE": 1704085200000, "TODATE": null, "EVENTID": "{43F85C36-C012-4372-B8D5-9CC38EA452E1}", "AADT": 14776.0, "AADT_YEAR": 2024, "SE_ANNO_CAD_DATA": null, "OBJECTID": 166290, "SHAPE": null, "SHAPE.LEN": 0, "GLOBALID": "{D21077B3-EAFA-4EAA-ACE9-9862647ADD37}", "CREATED": null, "EDITED": null }, "geometry": { "type": "LineString", "coordinates": [ [ -77.029635384989604, 38.895454394991411 ], [ -77.029887824993352, 38.895509732135558 ], [ -77.029973705144172, 38.895510917251102 ], [ -77.030210019710751, 38.895514279552266 ], [ -77.030771533262183, 38.895511763778387 ] ] } },
{ "type": "Feature", "properties": { "ROUTEID": "11069812", "FROMMEASURE": 1670.39, "TOMEASURE": 1773.261, "FROMDATE": 1704085200000, "TODATE": null, "EVENTID": "{5D70AAF8-3C31-4BFE-AF5E-BAF49DD92F3C}", "AADT": 4876.0, "AADT_YEAR": 2024, "SE_ANNO_CAD_DATA": null, "OBJECTID": 166291, "SHAPE": null, "SHAPE.LEN": 0, "GLOBALID": "{7727B3B2-EDD5-4C8C-AEBE-F1DAF8A7C0C4}", "CREATED": null, "EDITED": null }, "geometry": { "type": "LineString", "coordinates": [ [ -77.030771533262183, 38.895511763778387 ], [ -77.031957350241058, 38.895506427712448 ] ] } },
{ "type": "Feature", "properties": { "ROUTEID": "11069812", "FROMMEASURE": 1773.261, "TOMEASURE": 1920.116, "FROMDATE": 1704085200000, "TODATE": null, "EVENTID": "{18BC851B-AA32-46D3-B025-D835D559B2BF}", "AADT": 4876.0, "AADT_YEAR": 2024, "SE_ANNO_CAD_DATA": null, "OBJECTID": 166292, "SHAPE": null, "SHAPE.LEN": 0, "GLOBALID": "{23C24175-5C4D-4151-9ECC-9CE494081BBA}", "CREATED": null, "EDITED": null }, "geometry": { "type": "LineString", "coordinates": [ [ -77.031957350241058, 38.895506427712448 ], [ -77.032559317184294, 38.895511846659545 ], [ -77.033077478008238, 38.895514043254039 ], [ -77.033410391031509, 38.8955133179211 ], [ -77.033421618225304, 38.895512116596329 ], [ -77.033623753789001, 38.895490555611417 ], [ -77.033647729171207, 38.895486846268277 ] ] } },
{ "type": "Feature", "properties": { "ROUTEID": "11069812", "FROMMEASURE": 1920.117, "TOMEASURE": 2121.618, "FROMDATE": 1704085200000, "TODATE": null, "EVENTID": "{7FDB271F-FE1C-46AD-AFAE-5700A81B6338}", "AADT": 6446.0, "AADT_YEAR": 2024, "SE_ANNO_CAD_DATA": null, "OBJECTID": 166293, "SHAPE": null, "SHAPE.LEN": 0, "GLOBALID": "{B04E7F1A-4EF6-4215-B913-FA4072494EFF}", "CREATED": null, "EDITED": null }, "geometry": { "type": "LineString", "coordinates": [ [ -77.029641857382202, 38.896133390043261 ], [ -77.029706411510077, 38.89613274305831 ], [ -77.029824670511559, 38.896127127735838 ], [ -77.029973961089865, 38.896120035971087 ], [ -77.030450280884011, 38.896121561304753 ], [ -77.031001299014122, 38.896122317200742 ], [ -77.031462629458829, 38.896115797912053 ], [ -77.031741399736688, 38.896113767677193 ], [ -77.031964077108185, 38.896112301650312 ] ] } },
{ "type": "Feature", "properties": { "ROUTEID": "11069812", "FROMMEASURE": 2121.618, "TOMEASURE": 2273.112, "FROMDATE": 1704085200000, "TODATE": null, "EVENTID": "{89020B72-3A49-4FB4-AD55-28C189ACCEC7}", "AADT": 6446.0, "AADT_YEAR": 2024, "SE_ANNO_CAD_DATA": null, "OBJECTID": 166294, "SHAPE": null, "SHAPE.LEN": 0, "GLOBALID": "{0F3417A3-7E08-4130-896F-3D7D7771B447}", "CREATED": null, "EDITED": null }, "geometry": { "type": "LineString", "coordinates": [ [ -77.031964077108185, 38.896112301650312 ], [ -77.032167440246582, 38.896149657573105 ], [ -77.032170910508981, 38.896150683571243 ], [ -77.032470425767855, 38.896239477245686 ], [ -77.032864027630268, 38.896348008074867 ], [ -77.03306462794518, 38.896391101541361 ], [ -77.03320976602231, 38.89640277124483 ], [ -77.033388327779335, 38.896400648418151 ], [ -77.033417746567807, 38.896401324641474 ], [ -77.033651530822937, 38.896410301925592 ] ] } },
{ "type": "Feature", "properties": { "ROUTEID": "11069812", "FROMMEASURE": 2273.113, "TOMEASURE": 2401.168, "FROMDATE": 1704085200000, "TODATE": null, "EVENTID": "{6E952B99-7331-4F93-A87E-16032B7723AE}", "AADT": null, "AADT_YEAR": 2024, "SE_ANNO_CAD_DATA": null, "OBJECTID": 166295, "SHAPE": null, "SHAPE.LEN": 0, "GLOBALID": "{64656A9D-14CE-44DF-ADFC-56093FF041B3}", "CREATED": null, "EDITED": null }, "geometry": { "type": "LineString", "coordinates": [ [ -77.033644076446876, 38.898789584367073 ], [ -77.033856451367981, 38.898778145445121 ], [ -77.034335887617829, 38.898774654395154 ], [ -77.035062091251646, 38.898769366973475 ], [ -77.03511974235326, 38.898768529894213 ] ] } },
{ "type": "Feature", "properties": { "ROUTEID": "11069812", "FROMMEASURE": 2401.169, "TOMEASURE": 2450.899, "FROMDATE": 1704085200000, "TODATE": null, "EVENTID": "{DB4FCD7B-BEC5-4374-8ADA-B27B7AA3DC66}", "AADT": null, "AADT_YEAR": 2024, "SE_ANNO_CAD_DATA": null, "OBJECTID": 166296, "SHAPE": null, "SHAPE.LEN": 0, "GLOBALID": "{421F4B6A-4095-4D2E-A277-617BC03DB9DC}", "CREATED": null, "EDITED": null }, "geometry": { "type": "LineString", "coordinates": [ [ -77.03511974235326, 38.898768529894213 ], [ -77.035692944940777, 38.898760518882149 ] ] } },
{ "type": "Feature", "properties": { "ROUTEID": "11069812", "FROMMEASURE": 2450.899, "TOMEASURE": 2599.403, "FROMDATE": 1704085200000, "TODATE": null, "EVENTID": "{69CDB715-AD65-47BB-8EF3-B45BD16F2886}", "AADT": null, "AADT_YEAR": 2024, "SE_ANNO_CAD_DATA": null, "OBJECTID": 166297, "SHAPE": null, "SHAPE.LEN": 0, "GLOBALID": "{4D984398-2639-4542-AA8F-A174967BA699}", "CREATED": null, "EDITED": null }, "geometry": { "type": "LineString", "coordinates": [ [ -77.035692944940777, 38.898760518882149 ], [ -77.035692956468793, 38.898760518878611 ], [ -77.035785029924028, 38.898759229538385 ], [ -77.036439242602185, 38.898757135539441 ], [ -77.036982669967784, 38.89875264074491 ], [ -77.037399050180397, 38.898753742326377 ], [ -77.037404848770208, 38.898753758486521 ] ] } },
{ "type": "Feature", "properties": { "ROUTEID": "11069812", "FROMMEASURE": 2599.403, "TOMEASURE": 2646.664, "FROMDATE": 1704085200000, "TODATE": null, "EVENTID": "{9B55F507-B870-4B96-8DF1-FC192025B048}", "AADT": null, "AADT_YEAR": 2024, "SE_ANNO_CAD_DATA": null, "OBJECTID": 166298, "SHAPE": null, "SHAPE.LEN": 0, "GLOBALID": "{57A95B3C-2647-4165-A7F3-7860FB3A640E}", "CREATED": null, "EDITED": null }, "geometry": { "type": "LineString", "coordinates": [ [ -77.037404848770208, 38.898753758486521 ], [ -77.037497395643243, 38.898754008075159 ], [ -77.037763646561373, 38.898754670000116 ], [ -77.037949674061053, 38.898755132198815 ] ] } },
{ "type": "Feature", "properties": { "ROUTEID": "11069812", "FROMMEASURE": 2646.665, "TOMEASURE": 2779.545, "FROMDATE": 1704085200000, "TODATE": null, "EVENTID": "{544FEF14-373D-4DBB-B509-CE41014250DD}", "AADT": null, "AADT_YEAR": 2024, "SE_ANNO_CAD_DATA": null, "OBJECTID": 166299, "SHAPE": null, "SHAPE.LEN": 0, "GLOBALID": "{9722EA1C-BA32-47B0-9A00-AA85C38933BF}", "CREATED": null, "EDITED": null }, "geometry": { "type": "LineString", "coordinates": [ [ -77.037949674061053, 38.898755132198815 ], [ -77.039254017979275, 38.898750395179235 ], [ -77.039462644715371, 38.898821265746633 ] ] } },
{ "type": "Feature", "properties": { "ROUTEID": "11069812", "FROMMEASURE": 2779.545, "TOMEASURE": 2910.897, "FROMDATE": 1704085200000, "TODATE": null, "EVENTID": "{1B3CCE57-ACED-4D8B-9631-F066FAEF9B2A}", "AADT": 10202.0, "AADT_YEAR": 2024, "SE_ANNO_CAD_DATA": null, "OBJECTID": 166300, "SHAPE": null, "SHAPE.LEN": 0, "GLOBALID": "{065A8C54-8293-493D-BFDD-A483DDB0F550}", "CREATED": null, "EDITED": null }, "geometry": { "type": "LineString", "coordinates": [ [ -77.039462644715371, 38.898821265746633 ], [ -77.039650369151204, 38.898887782989711 ], [ -77.039667664539124, 38.898893830737791 ], [ -77.040248860597615, 38.899097302007284 ], [ -77.040844564711634, 38.899304981220759 ] ] } },
{ "type": "Feature", "properties": { "ROUTEID": "11069812", "FROMMEASURE": 2910.897, "TOMEASURE": 2992.646, "FROMDATE": 1704085200000, "TODATE": null, "EVENTID": "{CEAB41C0-5BF4-471E-A7B6-80A4ECAA8FB5}", "AADT": 10202.0, "AADT_YEAR": 2024, "SE_ANNO_CAD_DATA": null, "OBJECTID": 166301, "SHAPE": null, "SHAPE.LEN": 0, "GLOBALID": "{2138712B-8BD7-44B0-8832-C0AE5E641D63}", "CREATED": null, "EDITED": null }, "geometry": { "type": "LineString", "coordinates": [ [ -77.040844564711634, 38.899304981220759 ], [ -77.040844576239664, 38.899304981216744 ], [ -77.041181379364474, 38.899422404079687 ], [ -77.041558284869268, 38.89955091902015 ], [ -77.041707096515864, 38.899601682154511 ] ] } },
{ "type": "Feature", "properties": { "ROUTEID": "11069812", "FROMMEASURE": 2992.646, "TOMEASURE": 3019.378, "FROMDATE": 1704085200000, "TODATE": null, "EVENTID": "{F8116B3E-CD7D-4628-A79D-60EB62D35E50}", "AADT": 10202.0, "AADT_YEAR": 2024, "SE_ANNO_CAD_DATA": null, "OBJECTID": 166302, "SHAPE": null, "SHAPE.LEN": 0, "GLOBALID": "{8C12ED8C-F0DD-4B14-B2A3-F2AD052F9D43}", "CREATED": null, "EDITED": null }, "geometry": { "type": "LineString", "coordinates": [ [ -77.041707096515864, 38.899601682154511 ], [ -77.041802580094, 38.899634303336903 ], [ -77.041868165259174, 38.899656656619925 ], [ -77.041886544751222, 38.899662847784072 ], [ -77.04198923540801, 38.899698565105609 ] ] } },
{ "type": "Feature", "properties": { "ROUTEID": "11069812", "FROMMEASURE": 3019.379, "TOMEASURE": 3105.375, "FROMDATE": 1704085200000, "TODATE": null, "EVENTID": "{3A521CC4-7A05-42A9-837F-F04CB24976A3}", "AADT": 10202.0, "AADT_YEAR": 2024, "SE_ANNO_CAD_DATA": null, "OBJECTID": 166303, "SHAPE": null, "SHAPE.LEN": 0, "GLOBALID": "{EA57DDDF-2450-44FC-B64E-6B0D5BBF2A3F}", "CREATED": null, "EDITED": null }, "geometry": { "type": "LineString", "coordinates": [ [ -77.04198923540801, 38.899698565105609 ], [ -77.04233298339021, 38.899817936959522 ], [ -77.042781959669597, 38.899972185718383 ], [ -77.042896181527965, 38.900011411278342 ] ] } },
{ "type": "Feature", "properties": { "ROUTEID": "11069812", "FROMMEASURE": 3105.375, "TOMEASURE": 3159.393, "FROMDATE": 1704085200000, "TODATE": null, "EVENTID": "{C112D005-CD7E-4646-AC65-EB4A03374FEF}", "AADT": 10202.0, "AADT_YEAR": 2024, "SE_ANNO_CAD_DATA": null, "OBJECTID": 166304, "SHAPE": null, "SHAPE.LEN": 0, "GLOBALID": "{01E6756A-F536-46C3-A5F0-14F0F617DB73}", "CREATED": null, "EDITED": null }, "geometry": { "type": "LineString", "coordinates": [ [ -77.042896181527965, 38.900011411278342 ], [ -77.043055084560166, 38.900065970514532 ], [ -77.04319129553339, 38.900112646601968 ], [ -77.043312010454855, 38.900155535756639 ], [ -77.043464792461577, 38.900209808436081 ] ] } },
{ "type": "Feature", "properties": { "ROUTEID": "11069812", "FROMMEASURE": 3159.393, "TOMEASURE": 3295.986, "FROMDATE": 1704085200000, "TODATE": null, "EVENTID": "{B7656311-8371-4F33-A83F-0019DF6581C9}", "AADT": 10202.0, "AADT_YEAR": 2024, "SE_ANNO_CAD_DATA": null, "OBJECTID": 166305, "SHAPE": null, "SHAPE.LEN": 0, "GLOBALID": "{00E874C3-6A0E-4D26-82E9-6BEF32080F01}", "CREATED": null, "EDITED": null }, "geometry": { "type": "LineString", "coordinates": [ [ -77.043464792461577, 38.900209808436081 ], [ -77.043606401433053, 38.900260148432842 ], [ -77.043667653468219, 38.900283069847625 ], [ -77.044354459224792, 38.900522793825431 ], [ -77.044796953435565, 38.900676334633005 ], [ -77.04490181485788, 38.900712886333991 ] ] } },
{ "type": "Feature", "properties": { "ROUTEID": "11069812", "FROMMEASURE": 3295.986, "TOMEASURE": 3462.583, "FROMDATE": 1704085200000, "TODATE": null, "EVENTID": "{33FBF756-A0DD-4631-9789-476BE99A8691}", "AADT": 10202.0, "AADT_YEAR": 2024, "SE_ANNO_CAD_DATA": null, "OBJECTID": 166306, "SHAPE": null, "SHAPE.LEN": 0, "GLOBALID": "{B32A2C70-9773-4146-962D-C014774CA0D0}", "CREATED": null, "EDITED": null }, "geometry": { "type": "LineString", "coordinates": [ [ -77.04490181485788, 38.900712886333991 ], [ -77.045019636885883, 38.900753666875929 ], [ -77.045035491783494, 38.900759146856082 ], [ -77.045299630013474, 38.900852083072003 ], [ -77.045832208345104, 38.901037528627818 ], [ -77.046097063222717, 38.901130183496619 ], [ -77.046170573298326, 38.901155918375075 ], [ -77.046408400635116, 38.90123957485585 ], [ -77.046654876579453, 38.901325893872084 ] ] } },
{ "type": "Feature", "properties": { "ROUTEID": "11069812", "FROMMEASURE": 3462.583, "TOMEASURE": 3670.016, "FROMDATE": 1704085200000, "TODATE": null, "EVENTID": "{264B6801-CACB-48B4-98E9-20422F13E0AA}", "AADT": 10202.0, "AADT_YEAR": 2024, "SE_ANNO_CAD_DATA": null, "OBJECTID": 166307, "SHAPE": null, "SHAPE.LEN": 0, "GLOBALID": "{99C06126-6B21-457B-9ABF-1814ED5C262D}", "CREATED": null, "EDITED": null }, "geometry": { "type": "LineString", "coordinates": [ [ -77.046654876579453, 38.901325893872084 ], [ -77.046761538807786, 38.901363154841469 ], [ -77.047065313649256, 38.901469583723035 ], [ -77.047937355574277, 38.901773261250618 ], [ -77.048263467188107, 38.90188347936968 ], [ -77.048833731426384, 38.902095668479404 ] ] } },
{ "type": "Feature", "properties": { "ROUTEID": "11069812", "FROMMEASURE": 3670.016, "TOMEASURE": 3721.691, "FROMDATE": 1704085200000, "TODATE": null, "EVENTID": "{91989933-6233-4BD9-A6CA-B8D05DC851E0}", "AADT": 10202.0, "AADT_YEAR": 2024, "SE_ANNO_CAD_DATA": null, "OBJECTID": 166308, "SHAPE": null, "SHAPE.LEN": 0, "GLOBALID": "{1E963692-ECF0-4507-955E-87E40D735354}", "CREATED": null, "EDITED": null }, "geometry": { "type": "LineString", "coordinates": [ [ -77.048833731426384, 38.902095668479404 ], [ -77.049371595436526, 38.902295806305041 ] ] } },
{ "type": "Feature", "properties": { "ROUTEID": "11069812", "FROMMEASURE": 3721.691, "TOMEASURE": 3734.864, "FROMDATE": 1704085200000, "TODATE": null, "EVENTID": "{AEE4FD33-D491-4694-947D-7E680A34D6BB}", "AADT": 10202.0, "AADT_YEAR": 2024, "SE_ANNO_CAD_DATA": null, "OBJECTID": 166309, "SHAPE": null, "SHAPE.LEN": 0, "GLOBALID": "{9DCA8E7E-B484-48C8-9BC8-77D88DA2BF4B}", "CREATED": null, "EDITED": null }, "geometry": { "type": "LineString", "coordinates": [ [ -77.049371595436526, 38.902295806305041 ], [ -77.04950870552058, 38.902346825668296 ] ] } },
{ "type": "Feature", "properties": { "ROUTEID": "11069812", "FROMMEASURE": 3734.865, "TOMEASURE": 3746.032, "FROMDATE": 1704085200000, "TODATE": null, "EVENTID": "{EB95C7D2-268B-4302-93AF-367F5C50D40D}", "AADT": 10568.0, "AADT_YEAR": 2024, "SE_ANNO_CAD_DATA": null, "OBJECTID": 166310, "SHAPE": null, "SHAPE.LEN": 0, "GLOBALID": "{1122D838-A48D-441F-ABBC-6FBE812B6CBC}", "CREATED": null, "EDITED": null }, "geometry": { "type": "LineString", "coordinates": [ [ -77.0507249984108, 38.9027429959146 ], [ -77.050842550626029, 38.902784040939757 ] ] } },
{ "type": "Feature", "properties": { "ROUTEID": "11069812", "FROMMEASURE": 3746.032, "TOMEASURE": 3800.777, "FROMDATE": 1704085200000, "TODATE": null, "EVENTID": "{E21C040B-8E0C-46BF-9D5B-9C8166DE506E}", "AADT": 10568.0, "AADT_YEAR": 2024, "SE_ANNO_CAD_DATA": null, "OBJECTID": 166311, "SHAPE": null, "SHAPE.LEN": 0, "GLOBALID": "{F962BE9F-E84E-4A82-8EB8-1E441B397421}", "CREATED": null, "EDITED": null }, "geometry": { "type": "LineString", "coordinates": [ [ -77.050842550626029, 38.902784040939757 ], [ -77.051418770617133, 38.902985233624115 ] ] } },
{ "type": "Feature", "properties": { "ROUTEID": "11069812", "FROMMEASURE": 3800.778, "TOMEASURE": 3980.017, "FROMDATE": 1704085200000, "TODATE": null, "EVENTID": "{EC0A6755-7BED-4328-B8C2-B2B8BF9B0EEA}", "AADT": 10568.0, "AADT_YEAR": 2024, "SE_ANNO_CAD_DATA": null, "OBJECTID": 166312, "SHAPE": null, "SHAPE.LEN": 0, "GLOBALID": "{6F2066B5-E1E5-4F59-B943-FC1FFF7476DA}", "CREATED": null, "EDITED": null }, "geometry": { "type": "LineString", "coordinates": [ [ -77.051418782145831, 38.902985233619042 ], [ -77.051924500942818, 38.903161834973432 ], [ -77.052852548413497, 38.903485872775285 ], [ -77.05330541249694, 38.903643943834439 ] ] } },
{ "type": "Feature", "properties": { "ROUTEID": "11069812", "FROMMEASURE": 3980.017, "TOMEASURE": 4025.276, "FROMDATE": 1704085200000, "TODATE": null, "EVENTID": "{FF99BB35-3428-4393-A961-2A8DECA618F1}", "AADT": 10568.0, "AADT_YEAR": 2024, "SE_ANNO_CAD_DATA": null, "OBJECTID": 166313, "SHAPE": null, "SHAPE.LEN": 0, "GLOBALID": "{70C30243-6B39-4512-B058-4D824D0DD4AB}", "CREATED": null, "EDITED": null }, "geometry": { "type": "LineString", "coordinates": [ [ -77.05330541249694, 38.903643943834439 ], [ -77.05349393445357, 38.903709762794691 ], [ -77.053783473019436, 38.903807289442319 ] ] } },
{ "type": "Feature", "properties": { "ROUTEID": "11069812", "FROMMEASURE": 4025.276, "TOMEASURE": 4059.895, "FROMDATE": 1704085200000, "TODATE": null, "EVENTID": "{FC95D781-7E1B-4F47-A507-96212852744D}", "AADT": 10568.0, "AADT_YEAR": 2024, "SE_ANNO_CAD_DATA": null, "OBJECTID": 166314, "SHAPE": null, "SHAPE.LEN": 0, "GLOBALID": "{6D7FE15B-3C43-4B9D-9BC5-B3A5B9C76A87}", "CREATED": null, "EDITED": null }, "geometry": { "type": "LineString", "coordinates": [ [ -77.053783473019436, 38.903807289442319 ], [ -77.053954258249334, 38.903864819126909 ], [ -77.054055068938837, 38.903898770059513 ], [ -77.054110501475378, 38.903916517883303 ], [ -77.054150712278613, 38.90392939020866 ] ] } },
{ "type": "Feature", "properties": { "ROUTEID": "11069812", "FROMMEASURE": 4059.895, "TOMEASURE": 4117.205, "FROMDATE": 1704085200000, "TODATE": null, "EVENTID": "{07F71997-698D-4734-97D3-E9B74B35070B}", "AADT": 10568.0, "AADT_YEAR": 2024, "SE_ANNO_CAD_DATA": null, "OBJECTID": 166315, "SHAPE": null, "SHAPE.LEN": 0, "GLOBALID": "{ED3FC93A-35B6-42F0-9A88-13F0419B8B43}", "CREATED": null, "EDITED": null }, "geometry": { "type": "LineString", "coordinates": [ [ -77.054150712278613, 38.90392939020866 ], [ -77.054634188649572, 38.904084162872515 ], [ -77.054636437493556, 38.904085098689741 ], [ -77.054756318110861, 38.904134786701114 ] ] } },
{ "type": "Feature", "properties": { "ROUTEID": "11069812", "FROMMEASURE": 4117.206, "TOMEASURE": 4299.661, "FROMDATE": 1704085200000, "TODATE": null, "EVENTID": "{8CBC27DC-BC18-4C87-B22B-3875E60FAD09}", "AADT": 10568.0, "AADT_YEAR": 2024, "SE_ANNO_CAD_DATA": null, "OBJECTID": 166316, "SHAPE": null, "SHAPE.LEN": 0, "GLOBALID": "{C131A4A2-4D8F-4131-878E-66756BB05BED}", "CREATED": null, "EDITED": null }, "geometry": { "type": "LineString", "coordinates": [ [ -77.054756318110861, 38.904134786701114 ], [ -77.054796797314168, 38.904151559295663 ], [ -77.054847169149227, 38.904169426251542 ], [ -77.055279759068114, 38.904322850847514 ], [ -77.055523205497266, 38.904414620620315 ], [ -77.055654517636313, 38.90445618574649 ], [ -77.055790050555842, 38.904499081945779 ], [ -77.056141203595473, 38.904622688519353 ], [ -77.056183514871122, 38.904637387830292 ], [ -77.056366771668991, 38.904701042672428 ], [ -77.056541487874625, 38.904767277749627 ], [ -77.056586129934828, 38.904784200849925 ], [ -77.056670074594564, 38.904816022709625 ] ] } },
{ "type": "Feature", "properties": { "ROUTEID": "11069812", "FROMMEASURE": 4299.661, "TOMEASURE": 4335.724, "FROMDATE": 1704085200000, "TODATE": null, "EVENTID": "{5623D184-8D93-440A-A17C-4FBD85367924}", "AADT": 10568.0, "AADT_YEAR": 2024, "SE_ANNO_CAD_DATA": null, "OBJECTID": 166317, "SHAPE": null, "SHAPE.LEN": 0, "GLOBALID": "{F8A944AC-80F0-4129-87B7-50773777AFBF}", "CREATED": null, "EDITED": null }, "geometry": { "type": "LineString", "coordinates": [ [ -77.056670074594564, 38.904816022709625 ], [ -77.056771696304523, 38.904851673479087 ], [ -77.05694216545281, 38.904911478054572 ], [ -77.05704936903787, 38.904949089682425 ] ] } },
{ "type": "Feature", "properties": { "ROUTEID": "11069812", "FROMMEASURE": 4335.724, "TOMEASURE": 4433.549, "FROMDATE": 1704085200000, "TODATE": null, "EVENTID": "{15BD0DC5-2E1A-4782-A3CF-86F84BD0E066}", "AADT": 10568.0, "AADT_YEAR": 2024, "SE_ANNO_CAD_DATA": null, "OBJECTID": 166318, "SHAPE": null, "SHAPE.LEN": 0, "GLOBALID": "{D4C57E9D-671E-404E-BE57-6561366494CA}", "CREATED": null, "EDITED": null }, "geometry": { "type": "LineString", "coordinates": [ [ -77.05704936903787, 38.904949089682425 ], [ -77.057332780740623, 38.905028134374639 ], [ -77.057905913851215, 38.905187993212536 ], [ -77.058111546347632, 38.905245346389599 ] ] } },
{ "type": "Feature", "properties": { "ROUTEID": "11076632", "FROMMEASURE": 1764.786, "TOMEASURE": 1846.889, "FROMDATE": 1704085200000, "TODATE": null, "EVENTID": "{5EFCA9B2-0489-46D0-A61A-0E2CDD458836}", "AADT": 62909.0, "AADT_YEAR": 2024, "SE_ANNO_CAD_DATA": null, "OBJECTID": 166990, "SHAPE": null, "SHAPE.LEN": 0, "GLOBALID": "{1785C2E7-9B20-4E72-8784-B6A677862BCA}", "CREATED": null, "EDITED": null }, "geometry": { "type": "LineString", "coordinates": [ [ -77.056608955403547, 38.903648749677956 ], [ -77.056602869089417, 38.903678921611515 ], [ -77.056597074471057, 38.903713480472675 ], [ -77.056575378724958, 38.90383159052741 ], [ -77.05655585953464, 38.903946771806247 ], [ -77.056555412017346, 38.903949429487824 ], [ -77.056537140797474, 38.904024658100447 ], [ -77.056515280961804, 38.904081421316675 ], [ -77.056512852456507, 38.904086575270746 ], [ -77.056483514759208, 38.904148909261004 ], [ -77.056436442392396, 38.90425090659118 ], [ -77.056424841092252, 38.904275955422122 ], [ -77.056393789195553, 38.904343046627019 ], [ -77.056392937510239, 38.904344884742549 ], [ -77.056381653291979, 38.904362726731783 ] ] } },
{ "type": "Feature", "properties": { "ROUTEID": "11076632", "FROMMEASURE": 1846.889, "TOMEASURE": 2596.148, "FROMDATE": 1704085200000, "TODATE": null, "EVENTID": "{9FF8A6AA-7D3F-4A5B-8E70-39334586C0F5}", "AADT": 62909.0, "AADT_YEAR": 2024, "SE_ANNO_CAD_DATA": null, "OBJECTID": 166991, "SHAPE": null, "SHAPE.LEN": 0, "GLOBALID": "{369FD743-7F98-4F65-8B89-F46CC1B322D7}", "CREATED": null, "EDITED": null }, "geometry": { "type": "LineString", "coordinates": [ [ -77.056381653291979, 38.904362726731783 ], [ -77.056183514871122, 38.904637387830292 ], [ -77.056044397673134, 38.904816774951783 ], [ -77.055925884137068, 38.904969343179019 ], [ -77.055825922510678, 38.905110011391251 ], [ -77.055726464550844, 38.905261318139338 ], [ -77.055642258131854, 38.905396564650104 ], [ -77.055558323235601, 38.905540377911322 ], [ -77.055476695925165, 38.905686892518403 ], [ -77.055412573739915, 38.905809166294702 ], [ -77.055339710007715, 38.905958289063882 ], [ -77.055243713623767, 38.906160752168027 ], [ -77.055132182883725, 38.906402859264219 ], [ -77.055017546197448, 38.906654966975466 ], [ -77.05489749609626, 38.906915094538299 ], [ -77.05477244372112, 38.907193286052589 ], [ -77.054674547689061, 38.90740354175545 ], [ -77.054486218518349, 38.907785403591888 ], [ -77.054473783704651, 38.907807660012963 ], [ -77.054461002930722, 38.907829826510408 ], [ -77.054447760901638, 38.907851903137804 ], [ -77.05443405761693, 38.907873889895065 ], [ -77.054420123596913, 38.90789569659109 ], [ -77.054405728252036, 38.907917323333194 ], [ -77.054391102171479, 38.907938770013907 ], [ -77.05437601476568, 38.907960036740413 ], [ -77.054360696555122, 38.907981033321846 ], [ -77.054345032313734, 38.908001849895115 ], [ -77.05432902190401, 38.90802230629324 ], [ -77.054321995707653, 38.908031227825695 ], [ -77.054303589619053, 38.908054928339624 ], [ -77.054289168816439, 38.908073492239978 ], [ -77.054255995452834, 38.908115036137751 ], [ -77.054221899484261, 38.908156310203488 ], [ -77.054187341816416, 38.90819695388867 ], [ -77.054151746315242, 38.908237417877388 ], [ -77.054115573818635, 38.908277251537818 ], [ -77.05407847878196, 38.908316905446767 ], [ -77.054040806885695, 38.908356109193086 ], [ -77.054002327470172, 38.908394772799269 ], [ -77.053986889533206, 38.908410184209387 ], [ -77.053956012821445, 38.908439926021906 ], [ -77.05392444390155, 38.908469127644757 ], [ -77.0538920676819, 38.908498059380818 ], [ -77.053859229709033, 38.908526270652793 ], [ -77.053825699595592, 38.908554031816813 ], [ -77.053791362181727, 38.908581523092359 ], [ -77.053756563082615, 38.908608383985722 ], [ -77.053721071774945, 38.90863470468598 ], [ -77.053685118986138, 38.9086606652535 ], [ -77.05364835862494, 38.908685995596265 ], [ -77.053630266369737, 38.908698255255459 ], [ -77.053593388778452, 38.908721063297236 ], [ -77.053555012314618, 38.908743872014341 ], [ -77.053516404828613, 38.908766140323671 ], [ -77.053477105068765, 38.908787778352696 ], [ -77.053437113170645, 38.908808966267614 ], [ -77.053396659591883, 38.908829523795426 ], [ -77.05335609022174, 38.908849450777687 ], [ -77.053314828580042, 38.908868747477356 ], [ -77.053272990098037, 38.908887594008071 ], [ -77.05323068993799, 38.90890581014974 ], [ -77.053214553426017, 38.908912483677611 ], [ -77.053183088072061, 38.908926641110227 ], [ -77.053153350942907, 38.908939176245568 ], [ -77.053123267578613, 38.908951261113401 ], [ -77.053092952940645, 38.90896244524378 ], [ -77.053062176772357, 38.908973179158565 ], [ -77.053030823710671, 38.908983372826206 ], [ -77.052999470104538, 38.908992845817892 ], [ -77.052967769998475, 38.909001508207005 ], [ -77.052935723727799, 38.909009810410431 ], [ -77.052903330958742, 38.909017302010731 ], [ -77.052870822485716, 38.909024253153554 ], [ -77.052838198175962, 38.909030483671906 ], [ -77.052805227504024, 38.909036083753421 ], [ -77.05277202570052, 38.909040963262257 ], [ -77.052738592766573, 38.909045122198208 ], [ -77.052729485138158, 38.909046207310695 ], [ -77.052688902814225, 38.909049018206751 ], [ -77.05264647527666, 38.90905119933597 ], [ -77.052604047271416, 38.909052749865651 ], [ -77.052561388206541, 38.909053669899606 ], [ -77.052518613246932, 38.909053779218802 ], [ -77.05247618377922, 38.90905334786639 ], [ -77.052433753715988, 38.909052105747591 ], [ -77.052391207894502, 38.909050233080997 ], [ -77.052348661612328, 38.909047729814787 ], [ -77.05232710003277, 38.909046208054662 ], [ -77.051860585676394, 38.909012724845212 ], [ -77.051682098403887, 38.909001363335342 ], [ -77.051676448810966, 38.909001275750875 ], [ -77.051534631925151, 38.90899827555323 ], [ -77.051520334641481, 38.90899756119105 ], [ -77.051496238003196, 38.908998022231785 ], [ -77.051468337035885, 38.908999115527863 ], [ -77.051440321226082, 38.909000839452062 ], [ -77.051412421166035, 38.909003193902997 ], [ -77.051384521558333, 38.909006178931314 ], [ -77.051356737698839, 38.909009794486394 ] ] } },
{ "type": "Feature", "properties": { "ROUTEID": "11091262", "FROMMEASURE": 0.0, "TOMEASURE": 51.109, "FROMDATE": 1704085200000, "TODATE": null, "EVENTID": "{FFB574F1-1B04-4630-BEC2-053C65375334}", "AADT": 24176.0, "AADT_YEAR": 2024, "SE_ANNO_CAD_DATA": null, "OBJECTID": 168214, "SHAPE": null, "SHAPE.LEN": 0, "GLOBALID": "{D69E9CEA-57EF-4AEB-84AC-DD90C5531333}", "CREATED": null, "EDITED": null }, "geometry": { "type": "LineString", "coordinates": [ [ -77.050122193213411, 38.90199448139623 ], [ -77.050043432643591, 38.901997722137189 ], [ -77.050011720625918, 38.902001915595733 ], [ -77.049985587889452, 38.90200536797316 ], [ -77.049964815419131, 38.902008115400321 ], [ -77.049888393567826, 38.902025624276135 ], [ -77.049814858465538, 38.902049798056126 ], [ -77.049745593455086, 38.902080546073002 ], [ -77.049681174510624, 38.902117237504292 ], [ -77.049597787982833, 38.902166107245947 ] ] } },
{ "type": "Feature", "properties": { "ROUTEID": "11091262", "FROMMEASURE": 51.109, "TOMEASURE": 72.056, "FROMDATE": 1704085200000, "TODATE": null, "EVENTID": "{1147FDBF-077D-4684-BF2C-84C431E98A97}", "AADT": 24176.0, "AADT_YEAR": 2024, "SE_ANNO_CAD_DATA": null, "OBJECTID": 168215, "SHAPE": null, "SHAPE.LEN": 0, "GLOBALID": "{E9F012C7-E80A-49FC-B966-D3DFB049ABED}", "CREATED": null, "EDITED": null }, "geometry": { "type": "LineString", "coordinates": [ [ -77.049597787982833, 38.902166107245947 ], [ -77.049591726430307, 38.902169650103978 ], [ -77.049578683417849, 38.902196743772855 ], [ -77.049527858115866, 38.902302244195305 ], [ -77.049521872930868, 38.902316173653887 ], [ -77.049512100965686, 38.902338923899464 ] ] } },
{ "type": "Feature", "properties": { "ROUTEID": "11091262", "FROMMEASURE": 72.056, "TOMEASURE": 116.332, "FROMDATE": 1704085200000, "TODATE": null, "EVENTID": "{6C5DBC27-50BE-4F5A-BAEE-5A0172B124D9}", "AADT": 24176.0, "AADT_YEAR": 2024, "SE_ANNO_CAD_DATA": null, "OBJECTID": 168216, "SHAPE": null, "SHAPE.LEN": 0, "GLOBALID": "{1F2AF042-81D2-424C-B5AA-006456C27A7E}", "CREATED": null, "EDITED": null }, "geometry": { "type": "LineString", "coordinates": [ [ -77.049512100965686, 38.902338923899464 ], [ -77.04950870552058, 38.902346825668296 ], [ -77.049497932167327, 38.902371891484862 ], [ -77.049472955705667, 38.902430366306426 ], [ -77.04946477719713, 38.902456782274299 ], [ -77.049462028035734, 38.902465683695631 ], [ -77.049457203828439, 38.90249135955726 ], [ -77.049454794190567, 38.902507755788143 ], [ -77.0494526909592, 38.902533763806687 ], [ -77.049452393732523, 38.902537394300609 ], [ -77.049450455415965, 38.90256847395441 ], [ -77.04945047458888, 38.902596129603623 ], [ -77.049450828191439, 38.902607299817156 ], [ -77.049452118635344, 38.90263945910673 ], [ -77.049462534310251, 38.902697018100369 ], [ -77.049474877066288, 38.902723902820227 ] ] } },
{ "type": "Feature", "properties": { "ROUTEID": "11091262", "FROMMEASURE": 116.332, "TOMEASURE": 151.164, "FROMDATE": 1704085200000, "TODATE": null, "EVENTID": "{DD79516D-7AF1-428D-B26D-69CFAF4DEE43}", "AADT": 24176.0, "AADT_YEAR": 2024, "SE_ANNO_CAD_DATA": null, "OBJECTID": 168217, "SHAPE": null, "SHAPE.LEN": 0, "GLOBALID": "{BEA22E06-DB56-4861-9C13-C43419E95835}", "CREATED": null, "EDITED": null }, "geometry": { "type": "LineString", "coordinates": [ [ -77.049474877066288, 38.902723902820227 ], [ -77.049478698824203, 38.902732233932035 ], [ -77.04948119191522, 38.902736421762178 ], [ -77.049483731177276, 38.902740690647974 ], [ -77.049512286358947, 38.902788702101127 ], [ -77.049554172198924, 38.902841743564615 ], [ -77.049588793590658, 38.902876113772514 ], [ -77.049603433562808, 38.902890638037029 ], [ -77.049605129203115, 38.902891970553895 ], [ -77.049659724220675, 38.902934845154881 ], [ -77.049688350755289, 38.902952606470869 ] ] } },
{ "type": "Feature", "properties": { "ROUTEID": "11091262", "FROMMEASURE": 151.164, "TOMEASURE": 195.642, "FROMDATE": 1704085200000, "TODATE": null, "EVENTID": "{8CA2FF83-ABEF-4514-A402-A38955772D25}", "AADT": 24176.0, "AADT_YEAR": 2024, "SE_ANNO_CAD_DATA": null, "OBJECTID": 168218, "SHAPE": null, "SHAPE.LEN": 0, "GLOBALID": "{E65A5E7D-29D0-46F3-A9B8-C35DCA86AA9D}", "CREATED": null, "EDITED": null }, "geometry": { "type": "LineString", "coordinates": [ [ -77.049688350755289, 38.902952606470869 ], [ -77.049722121315554, 38.902973554548808 ], [ -77.049729675165807, 38.902977235751472 ], [ -77.049789817646612, 38.903006496302446 ], [ -77.049833118996133, 38.903022449656156 ], [ -77.04985764681814, 38.903031474572664 ], [ -77.049861890469359, 38.903033040215554 ], [ -77.049937417285136, 38.903052916423761 ], [ -77.05001536030403, 38.903065855114029 ], [ -77.050061754150761, 38.903069258418 ], [ -77.05009479708302, 38.903071676509974 ], [ -77.050110153114417, 38.903071408681882 ] ] } },
{ "type": "Feature", "properties": { "ROUTEID": "11091262", "FROMMEASURE": 195.642, "TOMEASURE": 233.555, "FROMDATE": 1704085200000, "TODATE": null, "EVENTID": "{2A5B4DFE-0D38-4C40-BFD7-C042208D2DB3}", "AADT": 24176.0, "AADT_YEAR": 2024, "SE_ANNO_CAD_DATA": null, "OBJECTID": 168219, "SHAPE": null, "SHAPE.LEN": 0, "GLOBALID": "{9D1E2CD9-7796-4623-B311-E92FBDB32D5C}", "CREATED": null, "EDITED": null }, "geometry": { "type": "LineString", "coordinates": [ [ -77.050110153114417, 38.903071408681882 ], [ -77.050174459379363, 38.90307029106971 ], [ -77.050217446615832, 38.903065660320699 ], [ -77.050243418791112, 38.903062865571314 ], [ -77.050253424937409, 38.903061789273053 ], [ -77.050330540865133, 38.90304617161803 ], [ -77.050404885037139, 38.903023708756905 ], [ -77.050475420044833, 38.902994671393685 ], [ -77.050480755801459, 38.902991813439073 ] ] } },
{ "type": "Feature", "properties": { "ROUTEID": "11091262", "FROMMEASURE": 233.555, "TOMEASURE": 255.631, "FROMDATE": 1704085200000, "TODATE": null, "EVENTID": "{53727B98-36FB-43A1-8F94-E1F4FEC78172}", "AADT": 24176.0, "AADT_YEAR": 2024, "SE_ANNO_CAD_DATA": null, "OBJECTID": 168220, "SHAPE": null, "SHAPE.LEN": 0, "GLOBALID": "{E7F84961-4DE5-4A95-8661-69F82B8C680F}", "CREATED": null, "EDITED": null }, "geometry": { "type": "LineString", "coordinates": [ [ -77.050480755801459, 38.902991813439073 ], [ -77.050541223898875, 38.902959510351963 ], [ -77.050603218447918, 38.902917612672056 ], [ -77.05064634939383, 38.902855760619055 ] ] } },
{ "type": "Feature", "properties": { "ROUTEID": "11091262", "FROMMEASURE": 255.631, "TOMEASURE": 296.435, "FROMDATE": 1704085200000, "TODATE": null, "EVENTID": "{22560CC1-B3D5-4702-AA8F-FC84D9639878}", "AADT": 24176.0, "AADT_YEAR": 2024, "SE_ANNO_CAD_DATA": null, "OBJECTID": 168221, "SHAPE": null, "SHAPE.LEN": 0, "GLOBALID": "{75879BF9-A016-4539-B4D7-319231EEDBD6}", "CREATED": null, "EDITED": null }, "geometry": { "type": "LineString", "coordinates": [ [ -77.05064634939383, 38.902855760619055 ], [ -77.0507249984108, 38.9027429959146 ], [ -77.050748894981794, 38.902691151448366 ], [ -77.050767982686395, 38.902621148218095 ], [ -77.050769842794836, 38.902610571598082 ], [ -77.050781876131623, 38.902542228967789 ], [ -77.050782561825656, 38.902533769821986 ], [ -77.050788138760325, 38.902464916520032 ] ] } },
{ "type": "Feature", "properties": { "ROUTEID": "11091262", "FROMMEASURE": 296.435, "TOMEASURE": 334.57, "FROMDATE": 1704085200000, "TODATE": null, "EVENTID": "{5C3E6DD6-42FD-4B58-85F9-A70F85E3B78B}", "AADT": 24176.0, "AADT_YEAR": 2024, "SE_ANNO_CAD_DATA": null, "OBJECTID": 168222, "SHAPE": null, "SHAPE.LEN": 0, "GLOBALID": "{EDB56C66-2C71-44C4-A1E3-918AD805B797}", "CREATED": null, "EDITED": null }, "geometry": { "type": "LineString", "coordinates": [ [ -77.050788138760325, 38.902464916520032 ], [ -77.050789201586568, 38.902451808897531 ], [ -77.050779041043299, 38.90238162019061 ], [ -77.050761797994923, 38.902338234424441 ], [ -77.050752088788414, 38.902319014807063 ], [ -77.050745210154602, 38.902308324874333 ], [ -77.050716310643651, 38.902263358692572 ], [ -77.050672465193387, 38.902211399492955 ], [ -77.050635687840924, 38.902177138636844 ], [ -77.050631650177294, 38.902173374893138 ], [ -77.050621244544686, 38.902163677400807 ], [ -77.050576005940002, 38.902130330035895 ] ] } },
{ "type": "Feature", "properties": { "ROUTEID": "11091262", "FROMMEASURE": 334.57, "TOMEASURE": 372.988, "FROMDATE": 1704085200000, "TODATE": null, "EVENTID": "{0B2CFD46-3345-4DEB-836D-313DC43C6404}", "AADT": 24176.0, "AADT_YEAR": 2024, "SE_ANNO_CAD_DATA": null, "OBJECTID": 168223, "SHAPE": null, "SHAPE.LEN": 0, "GLOBALID": "{E4B6638A-AE53-467E-A3C7-5E7DDF6B81BC}", "CREATED": null, "EDITED": null }, "geometry": { "type": "LineString", "coordinates": [ [ -77.050576005940002, 38.902130330035895 ], [ -77.050563225640758, 38.902120912825424 ], [ -77.050534184775643, 38.90210397166107 ], [ -77.050499331146852, 38.90208364585957 ], [ -77.050430483657877, 38.902052326513271 ], [ -77.050419920988205, 38.902048736737548 ], [ -77.050357375255885, 38.902027494981091 ], [ -77.050312314253233, 38.902016821474923 ], [ -77.050281043682645, 38.902009421059176 ], [ -77.050234071823965, 38.902002802106537 ], [ -77.050202641960695, 38.901998374496564 ], [ -77.050122193213411, 38.90199448139623 ] ] } },
{ "type": "Feature", "properties": { "ROUTEID": "11092532", "FROMMEASURE": 0.0, "TOMEASURE": 262.199, "FROMDATE": 1704085200000, "TODATE": null, "EVENTID": "{3DA8C9E8-A532-4A02-9B18-0BB83EBE6251}", "AADT": null, "AADT_YEAR": 2024, "SE_ANNO_CAD_DATA": null, "OBJECTID": 168301, "SHAPE": null, "SHAPE.LEN": 0, "GLOBALID": "{751C7FD5-1F02-4C29-ABC0-8FDED68DA43F}", "CREATED": null, "EDITED": null }, "geometry": { "type": "LineString", "coordinates": [ [ -77.037991625710276, 38.896398260034388 ], [ -77.037991563086436, 38.896453832669671 ], [ -77.037992156547602, 38.896485902262306 ], [ -77.037992777649734, 38.896504936739134 ], [ -77.037994417988855, 38.89655463536446 ], [ -77.037996726312713, 38.896624809789131 ], [ -77.037996404982323, 38.896887223603727 ], [ -77.038002699040675, 38.897449703906211 ], [ -77.037996082268407, 38.898012728854056 ], [ -77.037994359847588, 38.898458283093568 ], [ -77.037992967727149, 38.898550042736773 ], [ -77.037992270083663, 38.898647063036762 ], [ -77.037949674061053, 38.898755132198815 ] ] } },
{ "type": "Feature", "properties": { "ROUTEID": "14000102", "FROMMEASURE": 0.0, "TOMEASURE": 66.476, "FROMDATE": 1729569600000, "TODATE": null, "EVENTID": "{1582CBBD-2A50-468B-B939-ED352CF88F1F}", "AADT": 4527.0, "AADT_YEAR": 2024, "SE_ANNO_CAD_DATA": null, "OBJECTID": 178507, "SHAPE": null, "SHAPE.LEN": 0, "GLOBALID": "{F585BE71-3014-4BE5-8A74-88079CDA6E88}", "CREATED": null, "EDITED": null }, "geometry": { "type": "LineString", "coordinates": [ [ -77.012515732636473, 38.889798370494084 ], [ -77.012514689541959, 38.889765850365926 ], [ -77.012512839606586, 38.889733420407744 ], [ -77.012509952285171, 38.889700990560506 ], [ -77.012506258125384, 38.889668650883173 ], [ -77.012503716636786, 38.889636401165944 ], [ -77.012500252981908, 38.889603881295827 ], [ -77.012495751944272, 38.88957136153644 ], [ -77.01249044408695, 38.889539022030526 ], [ -77.012484214130268, 38.889506772706511 ], [ -77.012477062075419, 38.889474613564268 ], [ -77.012468987923612, 38.889442544603689 ], [ -77.012460106956638, 38.889410655895944 ], [ -77.012450188645971, 38.889378947465509 ], [ -77.012439463522398, 38.889347419287532 ], [ -77.012438448620927, 38.889344140346239 ], [ -77.012396618550923, 38.889208622762503 ] ] } },
{ "type": "Feature", "properties": { "ROUTEID": "15048461", "FROMMEASURE": 2793.674, "TOMEASURE": 3471.453, "FROMDATE": 1704085200000, "TODATE": null, "EVENTID": "{16D10127-3E68-4B24-9C57-626F2837B05F}", "AADT": 120867.0, "AADT_YEAR": 2024, "SE_ANNO_CAD_DATA": null, "OBJECTID": 179749, "SHAPE": null, "SHAPE.LEN": 0, "GLOBALID": "{7AB4257A-CA84-4BA3-9743-F13A1F0A0099}", "CREATED": null, "EDITED": null }, "geometry": { "type": "LineString", "coordinates": [ [ -77.013615752734651, 38.887299512357011 ], [ -77.013631861118682, 38.887332805452694 ], [ -77.013740689697968, 38.88756533503129 ], [ -77.013741716078613, 38.887568190567045 ], [ -77.013819663303593, 38.887783598761928 ], [ -77.013901456234606, 38.888034886814729 ], [ -77.013966882242769, 38.888226541287715 ], [ -77.013994157970416, 38.888367086753135 ], [ -77.014005082769387, 38.888473564482133 ], [ -77.014008712583092, 38.88852726299266 ], [ -77.014010550619787, 38.888554495101012 ], [ -77.01402148571222, 38.888771712819761 ], [ -77.014021582824668, 38.889265777296821 ], [ -77.014016242760334, 38.88977688623244 ], [ -77.014010890255847, 38.890283734161507 ], [ -77.014017409466049, 38.891138880426595 ], [ -77.014024673921838, 38.892090127797644 ], [ -77.014034376280563, 38.893362252901312 ] ] } },
{ "type": "Feature", "properties": { "ROUTEID": "15048463", "FROMMEASURE": 3590.695, "TOMEASURE": 4269.646, "FROMDATE": 1704085200000, "TODATE": null, "EVENTID": "{1782601C-9E37-49FE-9B18-F87EA4CA6316}", "AADT": 120867.0, "AADT_YEAR": 2024, "SE_ANNO_CAD_DATA": null, "OBJECTID": 179763, "SHAPE": null, "SHAPE.LEN": 0, "GLOBALID": "{750A22AA-5BC7-4086-9BE8-2C67558470AB}", "CREATED": null, "EDITED": null }, "geometry": { "type": "LineString", "coordinates": [ [ -77.013964620029043, 38.887268824651159 ], [ -77.014035015704209, 38.887472783964938 ], [ -77.014066697347602, 38.887570412979159 ], [ -77.014124836314153, 38.887749492558335 ], [ -77.014157563235656, 38.887885776374354 ], [ -77.014212104260608, 38.888111510733424 ], [ -77.014250288093663, 38.888328725128574 ], [ -77.014261171313009, 38.888455958144348 ], [ -77.014261233705852, 38.888537429914429 ], [ -77.014261287348404, 38.888805753469974 ], [ -77.01426137931027, 38.88926574826089 ], [ -77.014256003050264, 38.889644821432491 ], [ -77.014250649705403, 38.890138886498882 ], [ -77.014245279277219, 38.890547777334064 ], [ -77.014243300350259, 38.89120111898152 ], [ -77.014240596101885, 38.892089966544347 ], [ -77.014236722993857, 38.89336025557845 ] ] } },
{ "type": "Feature", "properties": { "ROUTEID": "36000192", "FROMMEASURE": 0.0, "TOMEASURE": 56.822, "FROMDATE": 1704085200000, "TODATE": null, "EVENTID": "{2798F481-D016-4C28-AF7A-75A4B58C6054}", "AADT": null, "AADT_YEAR": 2024, "SE_ANNO_CAD_DATA": null, "OBJECTID": 179934, "SHAPE": null, "SHAPE.LEN": 0, "GLOBALID": "{B5F02164-3C45-4C4F-AAD7-BFE67A9BFCD1}", "CREATED": null, "EDITED": null }, "geometry": { "type": "LineString", "coordinates": [ [ -77.042896181527965, 38.900011411278342 ], [ -77.042882881582329, 38.900036567505992 ], [ -77.042874590694481, 38.900052236089344 ], [ -77.042844709030362, 38.900089694810028 ], [ -77.042807262285365, 38.900122922365561 ], [ -77.042799691140701, 38.900127744612895 ], [ -77.042780261978024, 38.900140102192722 ], [ -77.042763333530232, 38.900150954457594 ], [ -77.042721024943475, 38.90017017576335 ], [ -77.042714351915748, 38.90017320501282 ], [ -77.04269459603195, 38.900179040644375 ], [ -77.042661400612005, 38.900188853868606 ], [ -77.042641585441274, 38.900191950971141 ], [ -77.042605770356431, 38.900197170871628 ], [ -77.04259944190926, 38.900198092032397 ], [ -77.042593147998133, 38.900198932104921 ], [ -77.042366094522535, 38.900229309787917 ], [ -77.042350751677233, 38.900231387274246 ] ] } },
{ "type": "Feature", "properties": { "ROUTEID": "36001812", "FROMMEASURE": 0.0, "TOMEASURE": 46.829, "FROMDATE": 1704085200000, "TODATE": null, "EVENTID": "{4C85BCBE-7F02-49BD-A116-696305F8D67A}", "AADT": null, "AADT_YEAR": 2024, "SE_ANNO_CAD_DATA": null, "OBJECTID": 180075, "SHAPE": null, "SHAPE.LEN": 0, "GLOBALID": "{C42D773B-7DDA-4622-B20C-C2A5E43556B9}", "CREATED": null, "EDITED": null }, "geometry": { "type": "LineString", "coordinates": [ [ -77.048833731426384, 38.902095668479404 ], [ -77.04884505052739, 38.902109698769294 ], [ -77.048858710734123, 38.902124908173938 ], [ -77.048876061449619, 38.902142115888438 ], [ -77.048885670668611, 38.902150786916614 ], [ -77.048897955648187, 38.902161114361903 ], [ -77.048917702830508, 38.902176150052746 ], [ -77.048940943554371, 38.902191742794869 ], [ -77.048957447602305, 38.902201491931358 ], [ -77.048989967088744, 38.902214549426233 ], [ -77.049016548342038, 38.90222609599958 ], [ -77.04904481391263, 38.902239299397635 ], [ -77.049071742397985, 38.902252818643007 ], [ -77.049094242909717, 38.902264862372348 ], [ -77.049119973219078, 38.90227950815482 ], [ -77.049138703385779, 38.902290796758713 ], [ -77.049172820073466, 38.902312825855105 ], [ -77.049242430686121, 38.902364522524621 ] ] } },
{ "type": "Feature", "properties": { "ROUTEID": "36001942", "FROMMEASURE": 0.0, "TOMEASURE": 140.418, "FROMDATE": 1704085200000, "TODATE": null, "EVENTID": "{36376706-D934-4094-BB7B-9E07F6B2A57E}", "AADT": 1909.0, "AADT_YEAR": 2024, "SE_ANNO_CAD_DATA": null, "OBJECTID": 180088, "SHAPE": null, "SHAPE.LEN": 0, "GLOBALID": "{BCD0EDF2-A43D-4AFF-8CFE-41E3919A5489}", "CREATED": null, "EDITED": null }, "geometry": { "type": "LineString", "coordinates": [ [ -77.056381653291979, 38.904362726731783 ], [ -77.056505731449931, 38.904295149163893 ], [ -77.056536332095632, 38.904269802864725 ], [ -77.056580971566731, 38.904225721388656 ], [ -77.056616973497938, 38.904193192792867 ], [ -77.056623737490895, 38.904188838479072 ], [ -77.056650470818028, 38.904171637577022 ], [ -77.056685762086303, 38.904158882644232 ], [ -77.05672286762865, 38.904151477782904 ], [ -77.056782666052797, 38.904149196644767 ], [ -77.056860137908444, 38.904160977926622 ], [ -77.056935827580418, 38.904193172958728 ], [ -77.056972952108737, 38.904223981451672 ], [ -77.05700145953513, 38.904277315025226 ], [ -77.057018081723697, 38.904331915562359 ], [ -77.057018924528577, 38.904347832914297 ], [ -77.057020270486717, 38.904373019617928 ], [ -77.057014780403506, 38.904398957351269 ], [ -77.057011656328555, 38.904413705552855 ], [ -77.056994339453411, 38.904470853997061 ], [ -77.056990452915031, 38.904483665773576 ], [ -77.056964567822732, 38.904552511236439 ], [ -77.05692212491094, 38.904633039588838 ], [ -77.056913061984346, 38.904646016034775 ], [ -77.056907373183279, 38.90465416235844 ], [ -77.056905334486146, 38.904656577590501 ], [ -77.056892975589378, 38.904671204169034 ], [ -77.056881144339769, 38.904682470373132 ], [ -77.056876409533089, 38.904686976855558 ], [ -77.056859828845361, 38.904698866946106 ], [ -77.056856971302338, 38.904700922241631 ], [ -77.056851451332221, 38.904703933718302 ], [ -77.056836078391584, 38.904712327976156 ], [ -77.056823309132582, 38.904718387801758 ], [ -77.056805469038949, 38.904726846314041 ], [ -77.056742613599411, 38.904756406245092 ], [ -77.056739559564036, 38.904757840056732 ], [ -77.056723417625392, 38.904770594716616 ], [ -77.05671860238661, 38.904775461565777 ], [ -77.056714317049924, 38.904779787656253 ], [ -77.056693350443155, 38.904800066629804 ], [ -77.056688038480971, 38.904803708582563 ], [ -77.056683475486125, 38.904806827687118 ], [ -77.056670074594564, 38.904816022709625 ] ] } },
{ "type": "Feature", "properties": { "ROUTEID": "36001952", "FROMMEASURE": 0.0, "TOMEASURE": 59.116, "FROMDATE": 1704085200000, "TODATE": null, "EVENTID": "{D7C12182-75A5-4501-9142-E48C9C315662}", "AADT": null, "AADT_YEAR": 2024, "SE_ANNO_CAD_DATA": null, "OBJECTID": 180089, "SHAPE": null, "SHAPE.LEN": 0, "GLOBALID": "{AB091F48-7490-44B4-82F0-33B87E85885A}", "CREATED": null, "EDITED": null }, "geometry": { "type": "LineString", "coordinates": [ [ -77.048822483149365, 38.902656713700814 ], [ -77.048863122594057, 38.902658228130562 ], [ -77.048938414585422, 38.902656088658667 ], [ -77.049009740818946, 38.902654085927445 ], [ -77.049111388800824, 38.902654214398623 ], [ -77.049175464958921, 38.90265429554438 ], [ -77.04921093941276, 38.902655559793132 ], [ -77.049246079525361, 38.902656806155377 ], [ -77.049297249486926, 38.902665369538369 ], [ -77.049318870814687, 38.902672819332388 ], [ -77.049384818615977, 38.902695312366042 ], [ -77.04948119191522, 38.902736421762178 ] ] } },
{ "type": "Feature", "properties": { "ROUTEID": "36002832", "FROMMEASURE": 0.0, "TOMEASURE": 146.489, "FROMDATE": 1704085200000, "TODATE": null, "EVENTID": "{AAA78373-D366-4438-A104-FF01B76108E2}", "AADT": null, "AADT_YEAR": 2024, "SE_ANNO_CAD_DATA": null, "OBJECTID": 180161, "SHAPE": null, "SHAPE.LEN": 0, "GLOBALID": "{A2722628-FEF4-42D5-9989-1DA4C09DCDAC}", "CREATED": null, "EDITED": null }, "geometry": { "type": "LineString", "coordinates": [ [ -77.034736075961604, 38.894382588094821 ], [ -77.03465697810438, 38.894529880420237 ], [ -77.034648261127543, 38.894548818599404 ], [ -77.034637908973053, 38.894571270526882 ], [ -77.034582498955217, 38.894693881846237 ], [ -77.03456633228771, 38.894730442594586 ], [ -77.034527078519005, 38.894819177633664 ], [ -77.034492883127612, 38.894879850094647 ], [ -77.034483508181381, 38.894897085872778 ], [ -77.034456892061627, 38.89494601817978 ], [ -77.034405049683713, 38.895009938830732 ], [ -77.034365808417846, 38.895053577912989 ], [ -77.03430351907484, 38.895111312841394 ], [ -77.034275092304156, 38.895134914103892 ], [ -77.03423617974191, 38.895167211508941 ], [ -77.034170279410191, 38.895219308184622 ], [ -77.034091423562757, 38.895274363349351 ], [ -77.034052957173131, 38.895299877260882 ], [ -77.033970492884677, 38.895354573060295 ], [ -77.03396700117159, 38.895356889226399 ], [ -77.033964201207894, 38.895359421392079 ], [ -77.033896598717604, 38.895420526774664 ], [ -77.033888327354731, 38.89543178963492 ], [ -77.033869884715713, 38.89548307061591 ] ] } },
{ "type": "Feature", "properties": { "ROUTEID": "36002982", "FROMMEASURE": 0.0, "TOMEASURE": 129.675, "FROMDATE": 1704085200000, "TODATE": null, "EVENTID": "{71D26A0A-69BE-4593-B502-4C5A3AEBB0A2}", "AADT": 7357.0, "AADT_YEAR": 2024, "SE_ANNO_CAD_DATA": null, "OBJECTID": 180174, "SHAPE": null, "SHAPE.LEN": 0, "GLOBALID": "{4A4E09D9-44FB-435D-8627-F78BB72F9ECF}", "CREATED": null, "EDITED": null }, "geometry": { "type": "LineString", "coordinates": [ [ -77.05524479841651, 38.902649204867764 ], [ -77.055225877523569, 38.902705642165827 ], [ -77.055217283575487, 38.902773497176852 ], [ -77.055217329119728, 38.902832330737546 ], [ -77.055218873651057, 38.902846824454492 ], [ -77.055223135618633, 38.902886801529647 ], [ -77.055234134789416, 38.902932531759483 ], [ -77.055235823409078, 38.902939548471338 ], [ -77.055236447980164, 38.902942160599601 ], [ -77.055237049396311, 38.902944646621833 ], [ -77.055238586609036, 38.902949681566639 ], [ -77.055263621052816, 38.903031429575947 ], [ -77.055267204032361, 38.903043156761832 ], [ -77.055273995806417, 38.903059810000684 ], [ -77.055301139911975, 38.903126468004388 ], [ -77.055332894168203, 38.903191340162884 ], [ -77.055373301364597, 38.903264378790503 ], [ -77.055409385033187, 38.903336987052818 ], [ -77.055416795919044, 38.9033639725738 ], [ -77.055419859706248, 38.903375132474146 ], [ -77.055424556998503, 38.903396525092376 ], [ -77.055426015262171, 38.903418621898858 ], [ -77.055425927743158, 38.903424684564243 ], [ -77.055425674495908, 38.90344001690697 ], [ -77.055422096004747, 38.903463800665477 ], [ -77.055421211370501, 38.903467764761956 ], [ -77.055418143894798, 38.903481539993933 ], [ -77.055411311776638, 38.903502091295401 ], [ -77.055408331272247, 38.903509101210226 ], [ -77.055403405954166, 38.903520679283915 ], [ -77.055394046404942, 38.903537853649198 ], [ -77.055383972836978, 38.903556019271377 ], [ -77.055372458929796, 38.903575167486153 ], [ -77.055359859235125, 38.903591640732479 ], [ -77.055345461045604, 38.903608114829396 ], [ -77.05532007119244, 38.903633359260382 ], [ -77.055308977526948, 38.903644390740808 ], [ -77.055306224264456, 38.903647121576142 ], [ -77.055303378841288, 38.903649942538593 ], [ -77.055257621513704, 38.903695141095781 ], [ -77.055253808749939, 38.903699358809689 ], [ -77.055239974490263, 38.903714625506879 ], [ -77.055236207316383, 38.903718167571988 ], [ -77.055232370997246, 38.903721745703081 ], [ -77.055222704231966, 38.903729362333614 ], [ -77.055211944174303, 38.90373949281139 ] ] } },
{ "type": "Feature", "properties": { "ROUTEID": "36003102", "FROMMEASURE": 0.0, "TOMEASURE": 14.129, "FROMDATE": 1704085200000, "TODATE": null, "EVENTID": "{D8DD05EA-2DF2-4692-9FB0-40ACF347365B}", "AADT": null, "AADT_YEAR": 2024, "SE_ANNO_CAD_DATA": null, "OBJECTID": 180183, "SHAPE": null, "SHAPE.LEN": 0, "GLOBALID": "{07781B99-237C-4990-BF6F-D74724AB1A49}", "CREATED": null, "EDITED": null }, "geometry": { "type": "LineString", "coordinates": [ [ -77.050842550626029, 38.902784040939757 ], [ -77.050888620065706, 38.902753077173898 ], [ -77.050903982398168, 38.902745584536149 ], [ -77.050906552390586, 38.902744331254631 ], [ -77.050911945921598, 38.902741707472288 ], [ -77.05091899947935, 38.902738947840817 ], [ -77.050950371662523, 38.902726664780069 ], [ -77.050954889625828, 38.902724897171503 ], [ -77.050959488366445, 38.902723237627825 ], [ -77.050979024352571, 38.902716166552324 ] ] } },
{ "type": "Feature", "properties": { "ROUTEID": "36003302", "FROMMEASURE": 0.0, "TOMEASURE": 41.223, "FROMDATE": 1704085200000, "TODATE": null, "EVENTID": "{627750D1-75E5-4766-BB63-64E667420989}", "AADT": null, "AADT_YEAR": 2024, "SE_ANNO_CAD_DATA": null, "OBJECTID": 180199, "SHAPE": null, "SHAPE.LEN": 0, "GLOBALID": "{DCAD6530-B60F-439E-86B0-6210806BB47E}", "CREATED": null, "EDITED": null }, "geometry": { "type": "LineString", "coordinates": [ [ -77.050979024352571, 38.902716166552324 ], [ -77.050925347677648, 38.902652491868352 ], [ -77.050894155474154, 38.902609986014291 ], [ -77.050881449070673, 38.902591209123777 ], [ -77.050866468190975, 38.902567739867933 ], [ -77.05084646489702, 38.902533778059521 ], [ -77.05082390744127, 38.902490890076301 ], [ -77.050812049707744, 38.902465815966607 ], [ -77.050799405042554, 38.902436535294733 ], [ -77.050779041043299, 38.90238162019061 ] ] } },
{ "type": "Feature", "properties": { "ROUTEID": "36003712", "FROMMEASURE": 0.0, "TOMEASURE": 25.632, "FROMDATE": 1704085200000, "TODATE": null, "EVENTID": "{7CCCC2D0-8356-4A67-BE03-CD8402115944}", "AADT": null, "AADT_YEAR": 2024, "SE_ANNO_CAD_DATA": null, "OBJECTID": 180235, "SHAPE": null, "SHAPE.LEN": 0, "GLOBALID": "{9F607A21-2CB6-49BF-AB1A-4B5763256A01}", "CREATED": null, "EDITED": null }, "geometry": { "type": "LineString", "coordinates": [ [ -77.050603218447918, 38.902917612672056 ], [ -77.05065263733843, 38.902895025321143 ], [ -77.050655265003144, 38.902893799045266 ], [ -77.050663470760838, 38.90289006602714 ], [ -77.050693078331079, 38.902876603706339 ], [ -77.05072018486355, 38.90286411536642 ], [ -77.050739546662101, 38.902855188685223 ], [ -77.05082056467387, 38.90279906743757 ], [ -77.050842550626029, 38.902784040939757 ] ] } },
{ "type": "Feature", "properties": { "ROUTEID": "36003822", "FROMMEASURE": 0.0, "TOMEASURE": 23.682, "FROMDATE": 1704085200000, "TODATE": null, "EVENTID": "{6134B4C0-5ACA-4A74-A77F-12625B2D274D}", "AADT": null, "AADT_YEAR": 2024, "SE_ANNO_CAD_DATA": null, "OBJECTID": 180246, "SHAPE": null, "SHAPE.LEN": 0, "GLOBALID": "{DC0B41A1-35A2-454E-AB08-F1A1F248F1E0}", "CREATED": null, "EDITED": null }, "geometry": { "type": "LineString", "coordinates": [ [ -77.049591726430307, 38.902169650103978 ], [ -77.049583129636844, 38.902174689425252 ], [ -77.049568920825479, 38.902183163311655 ], [ -77.049452956099145, 38.902251054403315 ], [ -77.049443160528313, 38.902256400505799 ], [ -77.049430990965561, 38.902263035807188 ], [ -77.049371595436526, 38.902295806305041 ] ] } },
{ "type": "Feature", "properties": { "ROUTEID": "36003882", "FROMMEASURE": 0.0, "TOMEASURE": 13.561, "FROMDATE": 1704085200000, "TODATE": null, "EVENTID": "{A70AB175-0778-4B26-92D1-243CD14A7880}", "AADT": null, "AADT_YEAR": 2024, "SE_ANNO_CAD_DATA": null, "OBJECTID": 180252, "SHAPE": null, "SHAPE.LEN": 0, "GLOBALID": "{9D1B163A-58DE-4428-9945-0E736A37355D}", "CREATED": null, "EDITED": null }, "geometry": { "type": "LineString", "coordinates": [ [ -77.049371595436526, 38.902295806305041 ], [ -77.049313582863988, 38.902327972628747 ], [ -77.049289093990595, 38.902341495500245 ], [ -77.049258196887934, 38.902357435308701 ], [ -77.049256329924475, 38.902358399990135 ], [ -77.049242430686121, 38.902364522524621 ] ] } },
{ "type": "Feature", "properties": { "ROUTEID": "36003902", "FROMMEASURE": 0.0, "TOMEASURE": 67.283, "FROMDATE": 1704085200000, "TODATE": null, "EVENTID": "{343A5F67-FF28-40C4-84C7-DF8B624D54AB}", "AADT": null, "AADT_YEAR": 2024, "SE_ANNO_CAD_DATA": null, "OBJECTID": 180254, "SHAPE": null, "SHAPE.LEN": 0, "GLOBALID": "{861A57BA-39A9-46C7-87D9-FC3701D19069}", "CREATED": null, "EDITED": null }, "geometry": { "type": "LineString", "coordinates": [ [ -77.049591726430307, 38.902169650103978 ], [ -77.049566319046534, 38.902171858926138 ], [ -77.049527066116468, 38.90217441593105 ], [ -77.049483754498226, 38.902176055789489 ], [ -77.049443750733786, 38.902176487111909 ], [ -77.049405440972365, 38.902175917776482 ], [ -77.049364363594066, 38.902174241569995 ], [ -77.049324069435997, 38.902171520048803 ], [ -77.049288282524699, 38.902168193052205 ], [ -77.049237691002091, 38.902162025644117 ], [ -77.049203712837979, 38.902156896187627 ], [ -77.049173642804476, 38.902151693009401 ], [ -77.049147042909468, 38.902146551422113 ], [ -77.049116983575686, 38.902140132096477 ], [ -77.04909787773515, 38.90213570801555 ], [ -77.04905373796467, 38.902123331057354 ], [ -77.04896186084413, 38.902097524620849 ], [ -77.048937565763865, 38.902091030766044 ], [ -77.048913895118943, 38.902087293202442 ], [ -77.04889767384617, 38.902086381140641 ], [ -77.048881972215753, 38.902086721020993 ], [ -77.04885829455111, 38.902089559550497 ], [ -77.048833731426384, 38.902095668479404 ] ] } },
{ "type": "Feature", "properties": { "ROUTEID": "36004842", "FROMMEASURE": 0.0, "TOMEASURE": 55.594, "FROMDATE": 1704085200000, "TODATE": null, "EVENTID": "{F2BB6E4D-BA6A-4371-92A0-105A86A5BB80}", "AADT": null, "AADT_YEAR": 2024, "SE_ANNO_CAD_DATA": null, "OBJECTID": 180327, "SHAPE": null, "SHAPE.LEN": 0, "GLOBALID": "{9191FEB9-BE37-4613-AA68-9D4D5C660C9F}", "CREATED": null, "EDITED": null }, "geometry": { "type": "LineString", "coordinates": [ [ -77.051416812424108, 38.902411807498396 ], [ -77.051403081849159, 38.902411768498972 ], [ -77.051303762930615, 38.902411568932131 ], [ -77.051265937545949, 38.902411441403601 ], [ -77.051160186906543, 38.902412956124984 ], [ -77.051082923102342, 38.902414052921678 ], [ -77.051059842014027, 38.902412855892067 ], [ -77.05102131203877, 38.902410845845459 ], [ -77.050874653865193, 38.902390442815921 ], [ -77.050840618788342, 38.902386656105719 ], [ -77.050808210149427, 38.902384138856711 ], [ -77.050779041043299, 38.90238162019061 ] ] } },
{ "type": "Feature", "properties": { "ROUTEID": "36004872", "FROMMEASURE": 0.0, "TOMEASURE": 73.061, "FROMDATE": 1704085200000, "TODATE": null, "EVENTID": "{CF73CED6-4B19-4361-9AB6-C8CF21BA4694}", "AADT": null, "AADT_YEAR": 2024, "SE_ANNO_CAD_DATA": null, "OBJECTID": 180330, "SHAPE": null, "SHAPE.LEN": 0, "GLOBALID": "{F8D0D17C-767F-48D0-AD66-CD4EA16FFBBE}", "CREATED": null, "EDITED": null }, "geometry": { "type": "LineString", "coordinates": [ [ -77.050603218447918, 38.902917612672056 ], [ -77.050643319746442, 38.902907839244364 ], [ -77.050703237746902, 38.90289657082495 ], [ -77.050764011503489, 38.902889031462713 ], [ -77.05082859231095, 38.902885147805478 ], [ -77.050888149475995, 38.902885275019806 ], [ -77.05095038401862, 38.902889220579489 ], [ -77.051020219673561, 38.902898360608681 ], [ -77.051374377858608, 38.902991045528132 ], [ -77.0513817105318, 38.902991645863167 ], [ -77.051388892903901, 38.902991651712384 ], [ -77.0513943918167, 38.902991279950726 ], [ -77.051399025922763, 38.902990692368739 ], [ -77.051403544586293, 38.902989888636824 ], [ -77.051408535652683, 38.902988706345859 ], [ -77.051412615934069, 38.902987497430438 ], [ -77.051418782145831, 38.902985233619042 ] ] } },
{ "type": "Feature", "properties": { "ROUTEID": "36004902", "FROMMEASURE": 0.0, "TOMEASURE": 46.946, "FROMDATE": 1704085200000, "TODATE": null, "EVENTID": "{7195EA29-C1D4-4692-83EB-2CE45D05B71C}", "AADT": null, "AADT_YEAR": 2024, "SE_ANNO_CAD_DATA": null, "OBJECTID": 180333, "SHAPE": null, "SHAPE.LEN": 0, "GLOBALID": "{8085DE42-CD7E-4C4D-AB5A-7DB71CECF62A}", "CREATED": null, "EDITED": null }, "geometry": { "type": "LineString", "coordinates": [ [ -77.049242430686121, 38.902364522524621 ], [ -77.049258211158772, 38.90237810047541 ], [ -77.049272665639222, 38.902391372699121 ], [ -77.049289785717392, 38.902408247139448 ], [ -77.04930501466734, 38.902424473773664 ], [ -77.049326256017579, 38.902449372915783 ], [ -77.04933772565424, 38.902464141778928 ], [ -77.049352046498285, 38.902484170317265 ], [ -77.04936314878934, 38.902501191422417 ], [ -77.04937252079165, 38.902516762912128 ], [ -77.049381939953989, 38.902533838776833 ], [ -77.049389224482468, 38.90254824906939 ], [ -77.049398519084193, 38.902568567994024 ], [ -77.049403346128699, 38.902580240784069 ], [ -77.049430759046189, 38.902676987954649 ], [ -77.049438677442765, 38.902691064666357 ], [ -77.049446432380805, 38.902702168688755 ], [ -77.049454509211017, 38.902711957354178 ], [ -77.049464131005394, 38.902721925532063 ], [ -77.04948119191522, 38.902736421762178 ] ] } },
{ "type": "Feature", "properties": { "ROUTEID": "36004912", "FROMMEASURE": 0.0, "TOMEASURE": 48.551, "FROMDATE": 1704085200000, "TODATE": null, "EVENTID": "{30918E29-E13E-421A-9995-9DCC327D690E}", "AADT": null, "AADT_YEAR": 2024, "SE_ANNO_CAD_DATA": null, "OBJECTID": 180334, "SHAPE": null, "SHAPE.LEN": 0, "GLOBALID": "{DC9617B6-4810-4E21-A49B-CC1E69EF76A8}", "CREATED": null, "EDITED": null }, "geometry": { "type": "LineString", "coordinates": [ [ -77.051418782145831, 38.902985233619042 ], [ -77.051128674902344, 38.902825021199774 ], [ -77.051043826671929, 38.90276429693418 ], [ -77.050979024352571, 38.902716166552324 ] ] } },
{ "type": "Feature", "properties": { "ROUTEID": "36004922", "FROMMEASURE": 0.0, "TOMEASURE": 36.444, "FROMDATE": 1704085200000, "TODATE": null, "EVENTID": "{7FE651F6-012E-46FA-827A-03E7C89BDC0B}", "AADT": null, "AADT_YEAR": 2024, "SE_ANNO_CAD_DATA": null, "OBJECTID": 180335, "SHAPE": null, "SHAPE.LEN": 0, "GLOBALID": "{092ABB31-51F9-4D75-888D-4A59109BE1DA}", "CREATED": null, "EDITED": null }, "geometry": { "type": "LineString", "coordinates": [ [ -77.049242430686121, 38.902364522524621 ], [ -77.049230755789225, 38.902369671217436 ], [ -77.049159799357383, 38.90238926725096 ], [ -77.049127730528099, 38.902394622697422 ], [ -77.04909855498974, 38.90239942740935 ], [ -77.049080594594344, 38.902401083485842 ], [ -77.049049561616556, 38.902403952168932 ], [ -77.049004175810893, 38.902407205216335 ], [ -77.048992209433081, 38.902407633628101 ], [ -77.048984358660078, 38.902407916179314 ], [ -77.048958788962423, 38.902408944842442 ], [ -77.048924169573539, 38.902410337624481 ], [ -77.048918970324706, 38.902410546993998 ], [ -77.0489165723979, 38.902410575023161 ], [ -77.048913574991047, 38.902410612311634 ], [ -77.048830327770787, 38.902411638056805 ] ] } },
{ "type": "Feature", "properties": { "ROUTEID": "36004932", "FROMMEASURE": 0.0, "TOMEASURE": 39.116, "FROMDATE": 1704085200000, "TODATE": null, "EVENTID": "{B1096EC9-BFE0-42AB-85A4-1BF6A6C0D9BE}", "AADT": null, "AADT_YEAR": 2024, "SE_ANNO_CAD_DATA": null, "OBJECTID": 180336, "SHAPE": null, "SHAPE.LEN": 0, "GLOBALID": "{8B2DB577-ACE8-4065-8428-0B16424A5D26}", "CREATED": null, "EDITED": null }, "geometry": { "type": "LineString", "coordinates": [ [ -77.050979024352571, 38.902716166552324 ], [ -77.051020447483594, 38.902701086495469 ], [ -77.051060063923671, 38.902690646517634 ], [ -77.051101847191745, 38.902679448876469 ], [ -77.051144713924231, 38.902667953470207 ], [ -77.051216758830137, 38.902655391281996 ], [ -77.05126500375215, 38.902652082070453 ], [ -77.051267378531719, 38.902651918877893 ], [ -77.051269730351137, 38.902651890820714 ], [ -77.051290942847103, 38.902651647292082 ], [ -77.051298897531396, 38.902651553715756 ], [ -77.051416696710447, 38.902651114569728 ] ] } },
{ "type": "Feature", "properties": { "ROUTEID": "36005022", "FROMMEASURE": 0.0, "TOMEASURE": 30.208, "FROMDATE": 1704085200000, "TODATE": null, "EVENTID": "{F7CA9239-EA25-492C-9CF6-23ACC7240001}", "AADT": null, "AADT_YEAR": 2024, "SE_ANNO_CAD_DATA": null, "OBJECTID": 180343, "SHAPE": null, "SHAPE.LEN": 0, "GLOBALID": "{D8BC6891-2D4A-4746-B7AB-E6FD4D8EEAA2}", "CREATED": null, "EDITED": null }, "geometry": { "type": "LineString", "coordinates": [ [ -77.048606790460411, 38.902651398629011 ], [ -77.048623890325985, 38.902638761796084 ], [ -77.048645759992283, 38.902621663837671 ], [ -77.048649988733743, 38.902618347001223 ], [ -77.048653271673643, 38.90261436394006 ], [ -77.048664756220546, 38.902600459261166 ], [ -77.048665654419807, 38.90259894548295 ], [ -77.048673922528465, 38.902585114209799 ], [ -77.048680083953968, 38.902575760967544 ], [ -77.048682295153682, 38.902572399928786 ], [ -77.04868484033247, 38.902568525274447 ], [ -77.048689213332935, 38.902556992754455 ], [ -77.04869082358681, 38.902551496985275 ], [ -77.048692433840444, 38.902546001216052 ], [ -77.048693950296794, 38.90253820835477 ], [ -77.048694788889904, 38.902533820935155 ], [ -77.048694422407664, 38.902520497727188 ], [ -77.048691888998007, 38.902507833032509 ], [ -77.048688955636322, 38.902500366326713 ], [ -77.048686472671434, 38.902494043494507 ], [ -77.048682882955603, 38.902487712115139 ], [ -77.048679616422248, 38.902481939119149 ], [ -77.048676292762835, 38.902476922848884 ], [ -77.048671330347162, 38.902469420954581 ], [ -77.048657263547412, 38.90244971652789 ], [ -77.04863190135147, 38.902416936666803 ], [ -77.048629489770832, 38.90241384780402 ] ] } }
]
}
