{
"type": "FeatureCollection",
"name": "transit_catchment",
"crs": { "type": "name", "properties": { "name": "urn:ogc:def:crs:OGC:1.3:CRS84" } },
"features": [
{ "type": "Feature", "properties": { "stop_id": 5363, "stop_code": 1000928, "stop_name": "7 St NW+Pennsylvania Av NW", "stop_desc": null, "stop_lat": 38.893624, "stop_lon": -77.022017, "zone_id": null, "stop_url": null, "dist_along_m": 3527.4191965786563, "stop_spacing_m": 49.8 }, "geometry": { "type": "Polygon", "coordinates": [ [ [ -77.017407390981262, 38.893703764616546 ], [ -77.017419594579209, 38.893350287050055 ], [ -77.017476073308984, 38.892999446340497 ], [ -77.017576282606441, 38.892654621229724 ], [ -77.017719256798046, 38.89231913247805 ], [ -77.017903618424086, 38.891996210887172 ], [ -77.018127591525129, 38.891688966191111 ], [ -77.018389018762932, 38.891400357114534 ], [ -77.018685382210478, 38.89113316288671 ], [ -77.019013827610166, 38.890889956485054 ], [ -77.019371191866341, 38.890673079865422 ], [ -77.019754033507084, 38.890484621417627 ], [ -77.020158665822038, 38.890326395862751 ], [ -77.020581192357398, 38.890199926785449 ], [ -77.021017544426257, 38.890106431969244 ], [ -77.021463520274196, 38.890046811675631 ], [ -77.021914825523069, 38.890021639979572 ], [ -77.022367114504732, 38.890031159244785 ], [ -77.022816032087235, 38.890075277791695 ], [ -77.023257255591929, 38.890153570780463 ], [ -77.023686536398429, 38.890265284300689 ], [ -77.024099740837997, 38.890409342628402 ], [ -77.024492889982312, 38.890584358580519 ], [ -77.024862197945197, 38.890788646867364 ], [ -77.025204108329064, 38.891020240314937 ], [ -77.025515328465843, 38.891276908800805 ], [ -77.025792861122582, 38.891556180721842 ], [ -77.026034033367097, 38.891855366787446 ], [ -77.026236522315045, 38.89217158590909 ], [ -77.026398377510773, 38.892501792937743 ], [ -77.026518039725673, 38.892842807982156 ], [ -77.026594355992714, 38.893191347025848 ], [ -77.026626590731382, 38.893544053548389 ], [ -77.026614432855297, 38.893897530846736 ], [ -77.026557998793095, 38.894248374745196 ], [ -77.026457831392378, 38.894593206379369 ], [ -77.026314894716606, 38.894928704738234 ], [ -77.026130564783756, 38.895251638650905 ], [ -77.025906616335348, 38.895558897909865 ], [ -77.025645205762217, 38.895847523230771 ], [ -77.025348850350952, 38.896114734760097 ], [ -77.025020404050366, 38.896357958855546 ], [ -77.024663029990691, 38.896574852881329 ], [ -77.024280170020617, 38.896763327778686 ], [ -77.023875511554849, 38.896921568194401 ], [ -77.02345295205221, 38.897048049972717 ], [ -77.023016561466477, 38.89714155484203 ], [ -77.022570543032288, 38.897201182154511 ], [ -77.022119192764322, 38.897226357565444 ], [ -77.021666858060797, 38.897216838568369 ], [ -77.021217895810693, 38.897172716832557 ], [ -77.020776630409259, 38.897094417320396 ], [ -77.02034731208694, 38.896982694192971 ], [ -77.019934075954183, 38.896838623543452 ], [ -77.019540902157232, 38.896663593028457 ], [ -77.019171577529676, 38.896459288497262 ], [ -77.018829659109514, 38.8962276777482 ], [ -77.018518439873645, 38.895970991568525 ], [ -77.018240917020407, 38.895691702241336 ], [ -77.017999763105223, 38.895392499726178 ], [ -77.017797300308075, 38.895076265743711 ], [ -77.01763547807964, 38.894746046014028 ], [ -77.017515854381585, 38.894405020916508 ], [ -77.017439580700824, 38.894056474853961 ], [ -77.017407390981262, 38.893703764616546 ] ] ] } },
{ "type": "Feature", "properties": { "stop_id": 5366, "stop_code": 1000930, "stop_name": "7 St NW+Pennsylvania Av NW", "stop_desc": null, "stop_lat": 38.89378, "stop_lon": -77.021812, "zone_id": null, "stop_url": null, "dist_along_m": 3516.2301809744472, "stop_spacing_m": 11.2 }, "geometry": { "type": "Polygon", "coordinates": [ [ [ -77.017202380314714, 38.893859756790611 ], [ -77.017214584923508, 38.893506279226656 ], [ -77.017271064757097, 38.893155438594981 ], [ -77.017371275240677, 38.892810613636662 ], [ -77.017514250689302, 38.892475125110579 ], [ -77.017698613631183, 38.892152203816245 ], [ -77.01792258809418, 38.8918449594848 ], [ -77.018184016726934, 38.891556350837419 ], [ -77.018480381589001, 38.891289157099251 ], [ -77.018808828409178, 38.891045951242937 ], [ -77.019166194078124, 38.890829075219116 ], [ -77.019549037110309, 38.890640617411876 ], [ -77.019953670782016, 38.890482392536086 ], [ -77.020376198626337, 38.890355924169903 ], [ -77.02081255194382, 38.890262430089997 ], [ -77.021258528967962, 38.890202810550754 ], [ -77.021709835309352, 38.890177639619893 ], [ -77.022162125289299, 38.890187159653756 ], [ -77.022611043766261, 38.890231278965373 ], [ -77.023052268052979, 38.89030957270753 ], [ -77.023481549521506, 38.890421286962599 ], [ -77.02389475449678, 38.890565345999512 ], [ -77.024287904045295, 38.890740362628371 ], [ -77.024657212276978, 38.890944651552992 ], [ -77.024999122791669, 38.891176245593222 ], [ -77.02531034291998, 38.8914329146209 ], [ -77.025587875429096, 38.891712187027743 ], [ -77.025829047388214, 38.892011373518422 ], [ -77.026031535915749, 38.892327593000317 ], [ -77.026193390560081, 38.892657800320976 ], [ -77.026313052097905, 38.892998815586296 ], [ -77.026389367568711, 38.893347354777653 ], [ -77.026421601399633, 38.893700061373224 ], [ -77.026409442513057, 38.89405353866924 ], [ -77.026353007347311, 38.894404382490045 ], [ -77.026252838760627, 38.894749213971977 ], [ -77.02610990082789, 38.895084712105493 ], [ -77.025925569579201, 38.895407645721846 ], [ -77.025701619768725, 38.895714904616348 ], [ -77.025440207800429, 38.896003529508228 ], [ -77.025143850974331, 38.896270740548047 ], [ -77.024815403252873, 38.896513964098254 ], [ -77.02445802778, 38.896730857528269 ], [ -77.024075166417987, 38.896919331785064 ], [ -77.023670506594982, 38.897077571521642 ], [ -77.02324794578287, 38.897204052588755 ], [ -77.022811553948046, 38.897297556721647 ], [ -77.022365534337169, 38.897357183279588 ], [ -77.021914182976289, 38.897382357925139 ], [ -77.021461847274125, 38.897372838159214 ], [ -77.021012884129306, 38.897328715658482 ], [ -77.020571617945691, 38.897250415392705 ], [ -77.020142298961261, 38.897138691530223 ], [ -77.019729062292811, 38.896994620171284 ], [ -77.019335888091774, 38.896819588979355 ], [ -77.018966563195647, 38.896615283810227 ], [ -77.018624644644973, 38.896383672468374 ], [ -77.018313425417958, 38.89612698574679 ], [ -77.018035902712768, 38.89584769593376 ], [ -77.017794749083464, 38.89554849299352 ], [ -77.017592286707213, 38.895232258650822 ], [ -77.017430465030671, 38.894902038629233 ], [ -77.017310842010204, 38.894561013310941 ], [ -77.017234569126117, 38.894212467100878 ], [ -77.017202380314714, 38.893859756790611 ] ] ] } },
{ "type": "Feature", "properties": { "stop_id": 5413, "stop_code": 1000948, "stop_name": "Pennsylvania Av NW+10 St NW", "stop_desc": null, "stop_lat": 38.894494, "stop_lon": -77.02558, "zone_id": null, "stop_url": null, "dist_along_m": 4072.8624966446832, "stop_spacing_m": 47.3 }, "geometry": { "type": "Polygon", "coordinates": [ [ [ -77.020970344882343, 38.894573906763569 ], [ -77.020982530750558, 38.894220429341409 ], [ -77.021038992365746, 38.893869587405888 ], [ -77.021139185328522, 38.893524759710715 ], [ -77.021282144122623, 38.893189267041159 ], [ -77.021466491436556, 38.892866340236679 ], [ -77.021690451448592, 38.892559089081516 ], [ -77.02195186694648, 38.89227047236259 ], [ -77.022248220116182, 38.892003269382762 ], [ -77.022576656798947, 38.891760053203726 ], [ -77.022934013983004, 38.89154316587549 ], [ -77.02331685026445, 38.891354695890989 ], [ -77.023721478984513, 38.891196458082369 ], [ -77.024144003723876, 38.891069976152288 ], [ -77.024580355812944, 38.890976468007985 ], [ -77.025026333497024, 38.890916834039238 ], [ -77.025477642380352, 38.890891648452701 ], [ -77.025929936759752, 38.890901153745816 ], [ -77.026378861451349, 38.890945258373485 ], [ -77.026820093708054, 38.89102353762987 ], [ -77.027249384825254, 38.891135237736805 ], [ -77.027662601035004, 38.891279283099443 ], [ -77.028055763295725, 38.891454286659538 ], [ -77.028425085595003, 38.891658563246757 ], [ -77.028767011397264, 38.891890145799721 ], [ -77.029078247886062, 38.892146804300957 ], [ -77.029355797671059, 38.89242606724347 ], [ -77.029596987655196, 38.892725245423165 ], [ -77.029799494783362, 38.893041457827508 ], [ -77.029961368424836, 38.893371659372171 ], [ -77.030081049173475, 38.893712670218761 ], [ -77.030157383883733, 38.894061206391285 ], [ -77.030189636797488, 38.894413911397002 ], [ -77.030177496653337, 38.894767388547542 ], [ -77.03012107970909, 38.895118233668668 ], [ -77.030020928647474, 38.895463067884265 ], [ -77.029878007374492, 38.895798570158497 ], [ -77.029693691759746, 38.896121509282793 ], [ -77.029469756406726, 38.896428774999485 ], [ -77.029208357580117, 38.896717407962043 ], [ -77.02891201245329, 38.896984628243388 ], [ -77.028583574875839, 38.897227862116914 ], [ -77.028226207893979, 38.897444766852651 ], [ -77.027843353288134, 38.897633253288689 ], [ -77.027438698421278, 38.897791505960654 ], [ -77.027016140717478, 38.897918000594707 ], [ -77.0265797501132, 38.898011518795407 ], [ -77.026133729843195, 38.898071159786497 ], [ -77.025682375939851, 38.898096349091475 ], [ -77.025230035836387, 38.898086844070001 ], [ -77.024781066473835, 38.898042736256734 ], [ -77.024339792315985, 38.897964450479904 ], [ -77.023910463677666, 38.897852740768307 ], [ -77.023497215768742, 38.897708683085831 ], [ -77.023104028848977, 38.897533664964207 ], [ -77.022734689878433, 38.897329372133363 ], [ -77.022392756033298, 38.897097772278897 ], [ -77.022081520439187, 38.896841096083179 ], [ -77.021803980451978, 38.896561815733151 ], [ -77.02156280879224, 38.896262621101904 ], [ -77.02136032781091, 38.895946393834244 ], [ -77.021198487133844, 38.895616179585588 ], [ -77.021078844900444, 38.895275158682601 ], [ -77.021002552776082, 38.894926615487726 ], [ -77.020970344882343, 38.894573906763569 ] ] ] } },
{ "type": "Feature", "properties": { "stop_id": 5438, "stop_code": 1000956, "stop_name": "14 St NW+D St NW", "stop_desc": null, "stop_lat": 38.894814, "stop_lon": -77.032087, "zone_id": null, "stop_url": null, "dist_along_m": 6051.4486871392673, "stop_spacing_m": 0.0 }, "geometry": { "type": "Polygon", "coordinates": [ [ [ -77.027477342758488, 38.894894164193722 ], [ -77.027489496303502, 38.894540686972199 ], [ -77.027545925928052, 38.894189842756255 ], [ -77.02764608754083, 38.893845010321677 ], [ -77.027789015927382, 38.893509510499442 ], [ -77.027973334068946, 38.893186574197969 ], [ -77.028197266424627, 38.892879311293001 ], [ -77.028458656048372, 38.892590680684698 ], [ -77.028754985375144, 38.892323461809703 ], [ -77.029083400475699, 38.892080227882772 ], [ -77.029440738545887, 38.891863321124859 ], [ -77.029823558365749, 38.891674830215997 ], [ -77.030228173434892, 38.891516570189779 ], [ -77.030650687465368, 38.891390064962785 ], [ -77.031087031890578, 38.89129653266653 ], [ -77.031533005029573, 38.891236873923368 ], [ -77.031984312530298, 38.891211663178389 ], [ -77.032436608702866, 38.891221143171229 ], [ -77.032885538346179, 38.891265222600396 ], [ -77.033326778665497, 38.891343477002629 ], [ -77.033756080878632, 38.891455152839029 ], [ -77.034169311110887, 38.891599174748428 ], [ -77.034562490185763, 38.891774155898339 ], [ -77.034931831929072, 38.891978411334271 ], [ -77.035273779618151, 38.892209974198472 ], [ -77.035585040225911, 38.892466614663064 ], [ -77.035862616129933, 38.892745861394836 ], [ -77.036103833981741, 38.893045025345742 ], [ -77.036306370457993, 38.893361225640341 ], [ -77.036468274645514, 38.893691417311032 ], [ -77.036587986844026, 38.894032420614558 ], [ -77.036664353605218, 38.894380951647626 ], [ -77.036696638862338, 38.894733653967123 ], [ -77.036684531042511, 38.895087130910589 ], [ -77.036628146092241, 38.895437978305928 ], [ -77.03652802638608, 38.895782817255174 ], [ -77.036385135527979, 38.896118326677012 ], [ -77.036200849094513, 38.896441275294094 ], [ -77.035976941408066, 38.89674855275738 ], [ -77.035715568466671, 38.897037199607304 ], [ -77.035419247194241, 38.89730443578302 ], [ -77.035090831210539, 38.897547687404895 ], [ -77.034733483353619, 38.897764611572001 ], [ -77.034350645219547, 38.897953118935298 ], [ -77.033946004012535, 38.898111393828806 ], [ -77.033523457024984, 38.898237911764646 ], [ -77.03308707409002, 38.898331454122889 ], [ -77.032641058368483, 38.898391119894534 ], [ -77.032189705848879, 38.898416334364327 ], [ -77.031737363951123, 38.898406854649551 ], [ -77.031288389633517, 38.89836277204099 ], [ -77.03084710740761, 38.898284511124075 ], [ -77.030417767666023, 38.898172825688093 ], [ -77.030004505725657, 38.898028791463091 ], [ -77.029611301981532, 38.89785379575482 ], [ -77.029241943555903, 38.897649524077302 ], [ -77.028899987812451, 38.897417943912387 ], [ -77.028588728087854, 38.89716128575283 ], [ -77.028311161970564, 38.896882021611866 ], [ -77.028069962432966, 38.896582841206531 ], [ -77.027867452094569, 38.896266626044628 ], [ -77.027705580864136, 38.895936421665084 ], [ -77.027585907175379, 38.895595408299577 ], [ -77.027509582996714, 38.895246870238047 ], [ -77.027477342758488, 38.894894164193722 ] ] ] } },
{ "type": "Feature", "properties": { "stop_id": 5486, "stop_code": 1000981, "stop_name": "Pennsylvania Av NW+12 St NW", "stop_desc": null, "stop_lat": 38.89536, "stop_lon": -77.028693, "zone_id": null, "stop_url": null, "dist_along_m": 4544.4461217819826, "stop_spacing_m": 235.9 }, "geometry": { "type": "Polygon", "coordinates": [ [ [ -77.024083297773942, 38.895440031143458 ], [ -77.024095468145859, 38.895086553854036 ], [ -77.024151914868057, 38.894735710852174 ], [ -77.02425209368451, 38.894390880901923 ], [ -77.02439503921515, 38.894055384810287 ], [ -77.024579374276144, 38.893732453449708 ], [ -77.024803323163709, 38.893425196648344 ], [ -77.02506472877262, 38.893136573247475 ], [ -77.025361073383976, 38.892869362614348 ], [ -77.025689502921423, 38.892626137884371 ], [ -77.026046854441873, 38.89240924118986 ], [ -77.026429686595932, 38.892220761113975 ], [ -77.02683431276445, 38.892062512585987 ], [ -77.027256836552723, 38.891936019411773 ], [ -77.027693189300223, 38.89184249960681 ], [ -77.028139169245947, 38.891782853673142 ], [ -77.028590481972273, 38.891757655932608 ], [ -77.029042781739108, 38.891767148999634 ], [ -77.029491713310676, 38.891811241446845 ], [ -77.029932953873683, 38.891889508685679 ], [ -77.030362254643592, 38.892001197053638 ], [ -77.030775481759576, 38.892145231068909 ], [ -77.031168656075081, 38.892320223782498 ], [ -77.031537991461661, 38.892524490128515 ], [ -77.031879931257862, 38.892756063144212 ], [ -77.032191182512477, 38.893012712903946 ], [ -77.032468747693088, 38.893291967984972 ], [ -77.032709953554388, 38.893591139258845 ], [ -77.03291247688847, 38.893907345779581 ], [ -77.033074366908579, 38.894237542519598 ], [ -77.033194064050861, 38.894578549686784 ], [ -77.033270415011913, 38.89492708334059 ], [ -77.033302683877125, 38.895279787012619 ], [ -77.033290559231432, 38.895633264027374 ], [ -77.033234157183358, 38.895984110211963 ], [ -77.033134020272129, 38.8963289466801 ], [ -77.032991112267439, 38.896664452374246 ], [ -77.032806808910991, 38.896987396052978 ], [ -77.032582884688196, 38.897294667414727 ], [ -77.03232149575642, 38.897583307058682 ], [ -77.032025159193665, 38.897850534993374 ], [ -77.031696728767017, 38.898093777418524 ], [ -77.031339367453683, 38.898310691521772 ], [ -77.030956516979444, 38.898499188050991 ], [ -77.03055186466743, 38.898657451444578 ], [ -77.030129307917093, 38.898783957325406 ], [ -77.029692916655605, 38.898877487189665 ], [ -77.029246894124071, 38.898937140148746 ], [ -77.028795536376649, 38.89896234161084 ], [ -77.028343190883618, 38.898952848818503 ], [ -77.027894214637925, 38.898908753188543 ], [ -77.02745293216968, 38.898830479431844 ], [ -77.027023593873835, 38.898718781461376 ], [ -77.026610335053306, 38.898574735127958 ], [ -77.026217136073029, 38.89839972785397 ], [ -77.025847784009301, 38.898195445264868 ], [ -77.025505836164498, 38.897963854947605 ], [ -77.025194585799099, 38.897707187492699 ], [ -77.024917030411359, 38.897427915002929 ], [ -77.024675842870238, 38.897128727275742 ], [ -77.024473345679652, 38.8968125058894 ], [ -77.02431148862162, 38.896482296442777 ], [ -77.024191829993327, 38.896141279216295 ], [ -77.024115521618072, 38.895792738537061 ], [ -77.024083297773942, 38.895440031143458 ] ] ] } },
{ "type": "Feature", "properties": { "stop_id": 5492, "stop_code": 1000985, "stop_name": "Pennsylvania Av NW+14 St NW", "stop_desc": null, "stop_lat": 38.895395, "stop_lon": -77.032199, "zone_id": null, "stop_url": null, "dist_along_m": 6039.3656576314106, "stop_spacing_m": 12.1 }, "geometry": { "type": "Polygon", "coordinates": [ [ [ -77.027589305520578, 38.895475169614159 ], [ -77.027601458482437, 38.895121692426237 ], [ -77.027657887888097, 38.894770848191392 ], [ -77.027758049648284, 38.894426015685589 ], [ -77.027900978547152, 38.894090515740494 ], [ -77.028085297560949, 38.893767579265713 ], [ -77.028309231140426, 38.893460316138651 ], [ -77.028570622327678, 38.893171685261571 ], [ -77.02886695354259, 38.892904466073738 ], [ -77.029195370837769, 38.892661231792914 ], [ -77.029552711387922, 38.892444324643442 ], [ -77.029935533949214, 38.892255833309108 ], [ -77.030340151994821, 38.892097572827623 ], [ -77.030762669208144, 38.89197106711994 ], [ -77.031199016991962, 38.891877534322219 ], [ -77.031644993633009, 38.891817875061562 ], [ -77.032096304745494, 38.891792663788124 ], [ -77.032548604604784, 38.891802143246608 ], [ -77.032997537974268, 38.891846222140643 ], [ -77.033438782023353, 38.891924476012143 ], [ -77.033868087933953, 38.892036151327304 ], [ -77.034281321795802, 38.892180172729972 ], [ -77.034674504397444, 38.8923551533926 ], [ -77.035043849530695, 38.892559408365329 ], [ -77.035385800440324, 38.892790970794906 ], [ -77.035697064068174, 38.893047610857614 ], [ -77.035974642762781, 38.893326857224139 ], [ -77.036215863148783, 38.893626020849993 ], [ -77.03641840187845, 38.893942220862805 ], [ -77.036580308016838, 38.894272412297731 ], [ -77.036700021844908, 38.894613415413765 ], [ -77.036776389898662, 38.894961946309465 ], [ -77.036808676098829, 38.895314648543 ], [ -77.03679656886348, 38.895668125452758 ], [ -77.03674018413345, 38.896018972866983 ], [ -77.03664006428113, 38.896363811887504 ], [ -77.036497172911908, 38.89669932143233 ], [ -77.036312885607245, 38.897022270222926 ], [ -77.036088976697883, 38.897329547908591 ], [ -77.035827602193621, 38.897618195027583 ], [ -77.035531279033449, 38.897885431516471 ], [ -77.035202860855279, 38.898128683492629 ], [ -77.034845510518295, 38.898345608051685 ], [ -77.034462669642451, 38.89853411584081 ], [ -77.034058025458364, 38.898692391189947 ], [ -77.033635475287113, 38.898818909606803 ], [ -77.033199088992532, 38.89891245246681 ], [ -77.032753069767779, 38.898972118756149 ], [ -77.03230171363515, 38.898997333754579 ], [ -77.03184936804935, 38.898987854574244 ], [ -77.031400390004222, 38.898943772500829 ], [ -77.03095910404727, 38.898865512114604 ], [ -77.030529760607024, 38.89875382719972 ], [ -77.03011649503604, 38.898609793481242 ], [ -77.029723287764298, 38.898434798260013 ], [ -77.029353925948058, 38.898230527045378 ], [ -77.02901196698366, 38.897998947314747 ], [ -77.028700704238801, 38.897742289556696 ], [ -77.028423135331039, 38.897463025780588 ], [ -77.028181933259603, 38.897163845699943 ], [ -77.027979420668416, 38.896847630819458 ], [ -77.027817547487928, 38.896517426675366 ], [ -77.027697872170634, 38.896176413497059 ], [ -77.027621546700601, 38.895827875572685 ], [ -77.027589305520578, 38.895475169614159 ] ] ] } },
{ "type": "Feature", "properties": { "stop_id": 5515, "stop_code": 1000992, "stop_name": "14 St NW+Pennsylvania Av NW", "stop_desc": null, "stop_lat": 38.895972, "stop_lon": -77.031817, "zone_id": null, "stop_url": null, "dist_along_m": 556.15396293203662, "stop_spacing_m": 69.9 }, "geometry": { "type": "Polygon", "coordinates": [ [ [ -77.027207267128716, 38.896052155525325 ], [ -77.027219421960524, 38.89569867835668 ], [ -77.027275853587795, 38.895347834276642 ], [ -77.02737601789984, 38.895003002059639 ], [ -77.027518949656226, 38.894667502534567 ], [ -77.027703271805706, 38.894344566606961 ], [ -77.027927208768745, 38.894037304148988 ], [ -77.028188603554938, 38.893748674056454 ], [ -77.028484938549482, 38.893481455761027 ], [ -77.028813359768563, 38.893238222471901 ], [ -77.029170704349141, 38.893021316403846 ], [ -77.02955353100856, 38.892832826230247 ], [ -77.029958153180573, 38.892674566977625 ], [ -77.030380674508834, 38.892548062555093 ], [ -77.03081702635653, 38.892454531086422 ], [ -77.031263006971272, 38.892394873185943 ], [ -77.031714321929002, 38.892369663290708 ], [ -77.032166625468108, 38.892379144132143 ], [ -77.03261556231655, 38.892423224400574 ], [ -77.03305680961023, 38.892501479624677 ], [ -77.033486118499837, 38.892613156257632 ], [ -77.033899355046444, 38.892757178930601 ], [ -77.0342925400127, 38.892932160803817 ], [ -77.034661887167715, 38.893136416915738 ], [ -77.035003839736717, 38.893367980402203 ], [ -77.035315104645619, 38.893624621429296 ], [ -77.035592684230579, 38.893903868658413 ], [ -77.035833905107651, 38.894203033036739 ], [ -77.036036443924331, 38.894519233684719 ], [ -77.036198349744879, 38.89484942563135 ], [ -77.036318062853255, 38.895190429130707 ], [ -77.036394429792352, 38.895538960277648 ], [ -77.036426714493686, 38.895891662627939 ], [ -77.036414605389695, 38.896245139518818 ], [ -77.036358218439148, 38.896595986778713 ], [ -77.036258096035894, 38.896940825510946 ], [ -77.036115201809821, 38.897276334636274 ], [ -77.035930911369903, 38.897599282880208 ], [ -77.03570699907705, 38.89790655989728 ], [ -77.03544562097369, 38.898195206232202 ], [ -77.035149294033445, 38.898462441829111 ], [ -77.034820871930634, 38.898705692813913 ], [ -77.034463517562273, 38.898922616291813 ], [ -77.034080672587123, 38.899111122920381 ], [ -77.033676024275309, 38.899269397040726 ], [ -77.033253469987727, 38.899395914172409 ], [ -77.03281707962779, 38.899489455703204 ], [ -77.032371056427891, 38.899549120632138 ], [ -77.031919696448597, 38.899574334252044 ], [ -77.031467347181689, 38.899564853688368 ], [ -77.031018365656507, 38.899520770240088 ], [ -77.030577076454023, 38.899442508500762 ], [ -77.030147730034116, 38.899330822267565 ], [ -77.029734461777977, 38.899186787278246 ], [ -77.029341252141492, 38.89901179084594 ], [ -77.028971888303673, 38.898807518491616 ], [ -77.028629927680356, 38.89857593770369 ], [ -77.028318663655185, 38.8983192789809 ], [ -77.028041093858022, 38.898040014341959 ], [ -77.027799891296681, 38.897740833508649 ], [ -77.027597378619788, 38.897424617992947 ], [ -77.027435505758561, 38.897094413337193 ], [ -77.02731583116244, 38.896753399775683 ], [ -77.027239506808485, 38.896404861600288 ], [ -77.027207267128716, 38.896052155525325 ] ] ] } },
{ "type": "Feature", "properties": { "stop_id": 5564, "stop_code": 1001017, "stop_name": "14 St NW+Pennsylvania Av NW", "stop_desc": null, "stop_lat": 38.89638, "stop_lon": -77.032086, "zone_id": null, "stop_url": null, "dist_along_m": 5433.6789623993182, "stop_spacing_m": 605.7 }, "geometry": { "type": "Polygon", "coordinates": [ [ [ -77.027476241521256, 38.896460166846545 ], [ -77.027488394998386, 38.896106689706926 ], [ -77.027544825530669, 38.895755845546631 ], [ -77.027644989017929, 38.895411013140873 ], [ -77.027787920227681, 38.895075513320329 ], [ -77.027972242113918, 38.894752576993405 ], [ -77.028196179099652, 38.894445314036119 ], [ -77.028457574194192, 38.894156683349046 ], [ -77.028753909779809, 38.893889464369614 ], [ -77.029082331866945, 38.8936462303136 ], [ -77.029439677584236, 38.893429323403154 ], [ -77.029822505638052, 38.893240832319762 ], [ -77.03022712944869, 38.893082572098685 ], [ -77.030649652644087, 38.892956066658378 ], [ -77.031086006569396, 38.892862534132412 ], [ -77.031531989452262, 38.8928028751453 ], [ -77.031983306846769, 38.892777664144525 ], [ -77.032435612967873, 38.89278714387217 ], [ -77.032884552518667, 38.892831223029305 ], [ -77.033325802609056, 38.892909477155271 ], [ -77.033755114362805, 38.89302115271385 ], [ -77.034168353813385, 38.893165174346542 ], [ -77.034561541695552, 38.893340155223576 ], [ -77.034930891750307, 38.893544410393048 ], [ -77.03527284717498, 38.893775972999833 ], [ -77.035584114867987, 38.894032613218528 ], [ -77.035861697138657, 38.894311859718279 ], [ -77.036102920577207, 38.894611023453322 ], [ -77.036305461806478, 38.894927223550305 ], [ -77.036467369867452, 38.895257415043531 ], [ -77.03658708502256, 38.895598418191447 ], [ -77.03666345379493, 38.895946949092291 ], [ -77.036695740098438, 38.896299651304226 ], [ -77.036683632350048, 38.896653128165816 ], [ -77.036627246495513, 38.897003975505754 ], [ -77.036527124918081, 38.897348814426628 ], [ -77.036384231239666, 38.897684323847365 ], [ -77.036199941063956, 38.898007272490624 ], [ -77.035976028749332, 38.898314550007115 ], [ -77.035714650338392, 38.898603196936719 ], [ -77.035418322807686, 38.89887043321783 ], [ -77.03508989983726, 38.899113684969784 ], [ -77.034732544332442, 38.899330609290402 ], [ -77.034349697962966, 38.899519116829111 ], [ -77.033945048012356, 38.899677391918274 ], [ -77.033522491857298, 38.899803910068094 ], [ -77.033086099419208, 38.899897452656546 ], [ -77.032640073950489, 38.899957118672447 ], [ -77.032188711533578, 38.899982333398185 ], [ -77.03173635968372, 38.89997285394854 ], [ -77.031287375455179, 38.899928771611783 ], [ -77.030846083454961, 38.899850510970701 ], [ -77.030416734169876, 38.899738825811937 ], [ -77.030003463008768, 38.899594791862903 ], [ -77.029610250455491, 38.89941979642667 ], [ -77.029240883717165, 38.899215525014668 ], [ -77.028898920237552, 38.898983945106188 ], [ -77.028587653427834, 38.898727287191562 ], [ -77.028310080944706, 38.898448023281645 ], [ -77.02806887582183, 38.898148843091292 ], [ -77.027866360732503, 38.89783262812621 ], [ -77.02770448563119, 38.897502423923477 ], [ -77.027584808988891, 38.897161410713068 ], [ -77.027508482802361, 38.896812872783428 ], [ -77.027476241521256, 38.896460166846545 ] ] ] } },
{ "type": "Feature", "properties": { "stop_id": 5772, "stop_code": 1001091, "stop_name": "18 St NW+Pennsylvania Av NW", "stop_desc": null, "stop_lat": 38.899318, "stop_lon": -77.04163, "zone_id": null, "stop_url": null, "dist_along_m": 1206.4889678222485, "stop_spacing_m": 232.0 }, "geometry": { "type": "Polygon", "coordinates": [ [ [ -77.037020078906849, 38.899398548707694 ], [ -77.037032184851412, 38.899045071999637 ], [ -77.037088569876104, 38.898694224589384 ], [ -77.037188690318914, 38.898349385283588 ], [ -77.03733158136167, 38.898013874979505 ], [ -77.037515866344975, 38.897690924686593 ], [ -77.037739770047011, 38.897383644415413 ], [ -77.038001135797373, 38.897094993233381 ], [ -77.038297446260643, 38.896827750775294 ], [ -77.038625847688991, 38.896584490483008 ], [ -77.038983177409705, 38.896367554831365 ], [ -77.039365994283045, 38.896179032778541 ], [ -77.039770611836801, 38.896020739658006 ], [ -77.04019313375899, 38.895894199704948 ], [ -77.040629491406975, 38.89580063138515 ], [ -77.041075482972474, 38.895740935667774 ], [ -77.041526813925969, 38.895715687353871 ], [ -77.041979138351877, 38.895725129544722 ], [ -77.04242810077713, 38.89576917130276 ], [ -77.042869378091467, 38.8958473885274 ], [ -77.043298721156674, 38.895959028037666 ], [ -77.043711995704896, 38.896103014822152 ], [ -77.044105222133112, 38.896277962386606 ], [ -77.044474613811346, 38.896482186099902 ], [ -77.044816613536398, 38.896713719409824 ], [ -77.045127927780229, 38.896970332773122 ], [ -77.045405558404141, 38.897249555117611 ], [ -77.045646831532892, 38.897548697630221 ], [ -77.045849423310941, 38.897864879642043 ], [ -77.046011382292647, 38.898195056361672 ], [ -77.046131148250069, 38.898536048189946 ], [ -77.046207567217195, 38.89888457133425 ], [ -77.046239902624464, 38.899237269427552 ], [ -77.046227842415888, 38.899590745848272 ], [ -77.046171502079304, 38.899941596429436 ], [ -77.046071423559411, 38.900286442242553 ], [ -77.045928570063282, 38.900621962140299 ], [ -77.045744316807429, 38.900944924744536 ], [ -77.045520437794409, 38.90125221957156 ], [ -77.045259088745837, 38.901540886994631 ], [ -77.044962786355271, 38.901808146754782 ], [ -77.044634384060345, 38.902051424745231 ], [ -77.044277044567039, 38.902268377811062 ], [ -77.043894209390686, 38.902456916324809 ], [ -77.043489565706821, 38.902615224320485 ], [ -77.043067010831621, 38.902741776991249 ], [ -77.04263061467411, 38.902835355382528 ], [ -77.042184580522445, 38.902895058138171 ], [ -77.041733204542709, 38.902920310186644 ], [ -77.041280834380814, 38.902910868283136 ], [ -77.040831827267439, 38.902866823354167 ], [ -77.0403905080302, 38.902788599622212 ], [ -77.039961127418366, 38.902676950518277 ], [ -77.039547821142691, 38.902532951422465 ], [ -77.03915457002546, 38.902357989302146 ], [ -77.038785161645436, 38.902153749347825 ], [ -77.038443153847695, 38.901922198735868 ], [ -77.038131840470442, 38.901665567674378 ], [ -77.037854219619106, 38.901386327915716 ], [ -77.037612964793396, 38.901087168942162 ], [ -77.037410399145429, 38.900770972055199 ], [ -77.037248473116733, 38.900440782617892 ], [ -77.037128745668824, 38.900099780718122 ], [ -77.037052369287863, 38.899751250535552 ], [ -77.037020078906849, 38.899398548707694 ] ] ] } },
{ "type": "Feature", "properties": { "stop_id": 5811, "stop_code": 1001112, "stop_name": "19 St NW+H St NW", "stop_desc": null, "stop_lat": 38.899741, "stop_lon": -77.043569, "zone_id": null, "stop_url": null, "dist_along_m": 1555.0645559304098, "stop_spacing_m": 238.7 }, "geometry": { "type": "Polygon", "coordinates": [ [ [ -77.038959057125837, 38.899821625993106 ], [ -77.038971153420661, 38.899468149364814 ], [ -77.039027529098576, 38.899117301289287 ], [ -77.039127640587523, 38.898772460579615 ], [ -77.039270523155523, 38.898436948146582 ], [ -77.039454800224789, 38.898113995020189 ], [ -77.039678696649659, 38.89780671123831 ], [ -77.039940055829732, 38.89751805590214 ], [ -77.040236360492869, 38.897250808686529 ], [ -77.040564756947006, 38.897007543079155 ], [ -77.04092208256732, 38.896790601606 ], [ -77.041304896253479, 38.896602073281322 ], [ -77.041709511563951, 38.896443773498994 ], [ -77.042132032208329, 38.896317226558288 ], [ -77.042568389556237, 38.896223650992333 ], [ -77.043014381802266, 38.89616394783998 ], [ -77.043465714410388, 38.896138691973881 ], [ -77.043918041449032, 38.89614812656805 ], [ -77.044367007419993, 38.896192160758027 ], [ -77.044808289178931, 38.896270370516078 ], [ -77.045237637544815, 38.89638200273312 ], [ -77.045650918198803, 38.896525982467963 ], [ -77.046044151479123, 38.896700923294233 ], [ -77.046413550689849, 38.896905140645686 ], [ -77.046755558555262, 38.897136668031358 ], [ -77.047066881469036, 38.897393275965086 ], [ -77.047344521208984, 38.897672493426938 ], [ -77.047585803812126, 38.897971631650897 ], [ -77.047788405331744, 38.898287810009364 ], [ -77.04795037422835, 38.898617983746142 ], [ -77.048070150178617, 38.898958973290817 ], [ -77.048146579120257, 38.89930749487278 ], [ -77.048178924387656, 38.899660192140097 ], [ -77.048166873829899, 38.900013668479161 ], [ -77.048110542841826, 38.900364519723809 ], [ -77.048010473278097, 38.900709366939196 ], [ -77.04786762825951, 38.901044888964499 ], [ -77.047683382920866, 38.901367854401094 ], [ -77.047459511188435, 38.901675152738072 ], [ -77.047198168713706, 38.901963824314848 ], [ -77.046901872126824, 38.90223108883248 ], [ -77.046573474809506, 38.902474372138371 ], [ -77.046216139419727, 38.902691331026411 ], [ -77.045833307433284, 38.90287987581307 ], [ -77.045428665994947, 38.903038190471896 ], [ -77.045006112399221, 38.903164750131857 ], [ -77.044569716542782, 38.903258335771085 ], [ -77.044123681710886, 38.903318045963594 ], [ -77.043672304076139, 38.903343305566196 ], [ -77.043219931300428, 38.903333871261268 ], [ -77.042770920639626, 38.903289833902171 ], [ -77.042329596955483, 38.903211617638419 ], [ -77.041900211040186, 38.903099975829107 ], [ -77.041486898655577, 38.902955983784047 ], [ -77.041093640682817, 38.902781028402671 ], [ -77.040724224766748, 38.902576794810614 ], [ -77.040382208825065, 38.90234525012292 ], [ -77.040070886774487, 38.902088624490681 ], [ -77.039793256803989, 38.901809389613945 ], [ -77.039551992501131, 38.901510234928011 ], [ -77.039349417109378, 38.90119404169306 ], [ -77.03918748116412, 38.900863855237006 ], [ -77.039067743722399, 38.900522855619052 ], [ -77.038991357366612, 38.900174326996925 ], [ -77.038959057125837, 38.899821625993106 ] ] ] } },
{ "type": "Feature", "properties": { "stop_id": 5862, "stop_code": 1001148, "stop_name": "H St NW+18 St NW", "stop_desc": null, "stop_lat": 38.900136, "stop_lon": -77.041866, "zone_id": null, "stop_url": null, "dist_along_m": 1438.4491846131048, "stop_spacing_m": 116.6 }, "geometry": { "type": "Polygon", "coordinates": [ [ [ -77.037256026694052, 38.90021655943827 ], [ -77.037268131427183, 38.899863082779987 ], [ -77.037324515754946, 38.899512235315719 ], [ -77.037424636022038, 38.899167395852636 ], [ -77.037567527411952, 38.898831885289496 ], [ -77.037751813261892, 38.898508934638279 ], [ -77.037975718341713, 38.898201653912963 ], [ -77.03823708596768, 38.897913002185355 ], [ -77.038533398786342, 38.897645759095475 ], [ -77.038861803027118, 38.897402498091296 ], [ -77.039219135990265, 38.897185561654474 ], [ -77.039601956504796, 38.896997038750762 ], [ -77.040006578063426, 38.896838744721805 ], [ -77.040429104315621, 38.896712203811511 ], [ -77.040865466577074, 38.896618634494928 ], [ -77.04131146299504, 38.896558937750754 ], [ -77.041762798993375, 38.896533688389951 ], [ -77.042215128607879, 38.896543129523884 ], [ -77.042664096315534, 38.89658717022516 ], [ -77.043105378955289, 38.896665386403342 ], [ -77.043534727337615, 38.896777024887562 ], [ -77.043948007143499, 38.896921010676287 ], [ -77.044341238719298, 38.897095957284861 ], [ -77.044710635385528, 38.897300180091356 ], [ -77.045052639890883, 38.897531712552308 ], [ -77.045363958661355, 38.897788325132652 ], [ -77.045641593514659, 38.898067546767734 ], [ -77.045882870534811, 38.898366688651343 ], [ -77.046085465828781, 38.898682870120631 ], [ -77.046247427917038, 38.89901304638942 ], [ -77.046367196541752, 38.899354037862899 ], [ -77.046443617711176, 38.899702560751862 ], [ -77.046475954834534, 38.900055258691772 ], [ -77.046463895839267, 38.900408735062506 ], [ -77.046407556201501, 38.9007595856976 ], [ -77.046307477859187, 38.901104431668045 ], [ -77.046164624017678, 38.901439951824948 ], [ -77.045980369896739, 38.901762914787717 ], [ -77.045756489507284, 38.902070210069205 ], [ -77.04549513858413, 38.902358878038257 ], [ -77.04519883383891, 38.902626138430655 ], [ -77.044870428731883, 38.902869417133537 ], [ -77.04451308599613, 38.903086370985086 ], [ -77.044130247178202, 38.903274910350305 ], [ -77.043725599488738, 38.903433219254957 ], [ -77.043303040282467, 38.903559772883447 ], [ -77.042866639510137, 38.903653352271988 ], [ -77.042420600504386, 38.903713056054819 ], [ -77.041969219478062, 38.903738309150498 ], [ -77.041516844125709, 38.9037288683041 ], [ -77.041067831728014, 38.903684824432013 ], [ -77.040626507163495, 38.903606601746482 ], [ -77.040197121232794, 38.903494953668471 ], [ -77.03978380969788, 38.903350955568214 ], [ -77.03939055343173, 38.903175994403455 ], [ -77.039021140062673, 38.902971755355523 ], [ -77.038679127483888, 38.902740205592046 ], [ -77.03836780957964, 38.902483575313013 ], [ -77.038090184498955, 38.902204336263196 ], [ -77.037848925782228, 38.901905177918074 ], [ -77.037646356619078, 38.901588981573106 ], [ -77.037484427484884, 38.901258792586127 ], [ -77.037364697371061, 38.900917791040683 ], [ -77.037288318789393, 38.900569261113048 ], [ -77.037256026694052, 38.90021655943827 ] ] ] } },
{ "type": "Feature", "properties": { "stop_id": 5918, "stop_code": 1001171, "stop_name": "19 St NW+I St NW", "stop_desc": null, "stop_lat": 38.900955, "stop_lon": -77.043543, "zone_id": null, "stop_url": null, "dist_along_m": 2240.3585275495238, "stop_spacing_m": 336.2 }, "geometry": { "type": "Polygon", "coordinates": [ [ [ -77.038932978553817, 38.901035627065333 ], [ -77.038945074918871, 38.900682150499733 ], [ -77.039001451422976, 38.900331302476019 ], [ -77.039101564486117, 38.899986461806755 ], [ -77.039244449361107, 38.899650949402357 ], [ -77.03942872944792, 38.899327996292513 ], [ -77.039652629571762, 38.899020712514954 ], [ -77.039913993096647, 38.898732057170811 ], [ -77.040210302708545, 38.898464809934985 ], [ -77.040538704667753, 38.898221544295367 ], [ -77.040896036296388, 38.898004602778215 ], [ -77.041278856436293, 38.897816074398229 ], [ -77.041683478583835, 38.897657774549764 ], [ -77.04210600638271, 38.89753122753276 ], [ -77.04254237113372, 38.897437651881049 ], [ -77.042988370960188, 38.897377948634315 ], [ -77.043439711253114, 38.897352692666118 ], [ -77.043892046006945, 38.897362127151439 ], [ -77.044341019649252, 38.897406161226854 ], [ -77.044782308961814, 38.897484370865783 ], [ -77.04521166469091, 38.897596002960256 ], [ -77.045624952446815, 38.8977399825703 ], [ -77.046018192499375, 38.897914923270726 ], [ -77.046387598087506, 38.898119140496519 ], [ -77.046729611874042, 38.898350667757938 ], [ -77.047040940195643, 38.898607275570015 ], [ -77.047318584778068, 38.898886492914023 ], [ -77.047559871611654, 38.899185631025077 ], [ -77.047762476708954, 38.899501809276678 ], [ -77.047924448495976, 38.899831982913668 ], [ -77.048044226621542, 38.900172972366612 ], [ -77.0481206570024, 38.90052149386576 ], [ -77.048153002959012, 38.900874191060012 ], [ -77.048140952333782, 38.901227667336421 ], [ -77.048084620522189, 38.901578518529469 ], [ -77.04798454938674, 38.901923365704796 ], [ -77.047841702063366, 38.902258887701947 ], [ -77.047657453709036, 38.902581853122591 ], [ -77.04743357827904, 38.902889151455916 ], [ -77.047172231460422, 38.90317782304141 ], [ -77.046875929925179, 38.903445087580018 ], [ -77.046547527102661, 38.903688370918921 ], [ -77.046190185703907, 38.903905329851696 ], [ -77.04580734726251, 38.904093874694347 ], [ -77.045402698985484, 38.904252189419879 ], [ -77.0449801382332, 38.904378749156656 ], [ -77.044543734971299, 38.904472334882001 ], [ -77.044097692556363, 38.904532045169134 ], [ -77.043646307234084, 38.904557304873904 ], [ -77.043193926740429, 38.904547870677767 ], [ -77.042744908405609, 38.904503833433004 ], [ -77.042303577165342, 38.90442561728802 ], [ -77.041874183884616, 38.904313975600786 ], [ -77.041460864396242, 38.904169983679949 ], [ -77.041067599649836, 38.903995028423758 ], [ -77.040698177355438, 38.90379079495662 ], [ -77.040356155492248, 38.903559250392426 ], [ -77.04004482803397, 38.903302624881057 ], [ -77.039767193221678, 38.903023390121433 ], [ -77.039525924689556, 38.902724235547709 ], [ -77.039323345721783, 38.902408042419019 ], [ -77.039161406888141, 38.902077856062277 ], [ -77.039041667273466, 38.901736856535699 ], [ -77.038965279481076, 38.901388327996166 ], [ -77.038932978553817, 38.901035627065333 ] ] ] } },
{ "type": "Feature", "properties": { "stop_id": 5943, "stop_code": 1001182, "stop_name": "Pennsylvania Av NW+21 St NW", "stop_desc": null, "stop_lat": 38.901242, "stop_lon": -77.046826, "zone_id": null, "stop_url": null, "dist_along_m": 1041.5415722753023, "stop_spacing_m": 97.3 }, "geometry": { "type": "Polygon", "coordinates": [ [ [ -77.042215969437095, 38.901322757183571 ], [ -77.042228049483469, 38.900969280731452 ], [ -77.042284409914288, 38.900618431567068 ], [ -77.042384507304277, 38.90027358851399 ], [ -77.042527377057155, 38.89993807250567 ], [ -77.042711642718459, 38.899615114606505 ], [ -77.042935529252276, 38.899307824900376 ], [ -77.043196880153417, 38.899019162545557 ], [ -77.04349317822934, 38.898751907284492 ], [ -77.043821569851332, 38.898508632682315 ], [ -77.044178892441039, 38.89829168135163 ], [ -77.044561704927219, 38.898103142401631 ], [ -77.04496632087988, 38.897944831328424 ], [ -77.04538884400236, 38.89781827254005 ], [ -77.045825205640398, 38.897724684683638 ], [ -77.046271203947285, 38.897664968916402 ], [ -77.046722544328617, 38.897639700232396 ], [ -77.04717488077803, 38.897649121929057 ], [ -77.047623857706725, 38.897693143266054 ], [ -77.048065151864876, 38.897771340339439 ], [ -77.048494513952164, 38.897882960162228 ], [ -77.048907809517658, 38.898026927912568 ], [ -77.049301058756086, 38.898201857279489 ], [ -77.04967047481793, 38.898406063807073 ], [ -77.050012500265268, 38.898637581108609 ], [ -77.050323841322566, 38.898894179795043 ], [ -77.050601499592986, 38.899173388935544 ], [ -77.050842800935129, 38.899472519844231 ], [ -77.051045421221886, 38.899788691963998 ], [ -77.051207408733077, 38.900118860598745 ], [ -77.051327202966107, 38.900459846227285 ], [ -77.051403649682641, 38.900808365116731 ], [ -77.051436012045869, 38.901161060941142 ], [ -77.051423977740143, 38.901514537100837 ], [ -77.051367662003798, 38.901865389431457 ], [ -77.051267606544513, 38.902210238987706 ], [ -77.051124774347201, 38.902545764586272 ], [ -77.050940540423071, 38.902868734794176 ], [ -77.050716678588387, 38.903176039054507 ], [ -77.050455344399197, 38.903464717649712 ], [ -77.050159054405796, 38.903731990213267 ], [ -77.049830661926265, 38.90397528251502 ], [ -77.049473329571967, 38.904192251262259 ], [ -77.04909049878934, 38.904380806676464 ], [ -77.048685856711515, 38.904539132628784 ], [ -77.04826330063915, 38.904665704139447 ], [ -77.047826900492723, 38.904759302072343 ], [ -77.047380859598803, 38.904819024883096 ], [ -77.046929474188417, 38.904844297306916 ], [ -77.046477091998341, 38.904834875902672 ], [ -77.046028070375158, 38.904790851399433 ], [ -77.045586734286303, 38.904712647822876 ], [ -77.045157334643463, 38.904601018409849 ], [ -77.04474400734081, 38.904457038350763 ], [ -77.044350733403249, 38.904282094429632 ], [ -77.04398130062944, 38.904077871661642 ], [ -77.043639267099579, 38.903846337057665 ], [ -77.043327926899821, 38.903589720671626 ], [ -77.043050278394006, 38.903310494114578 ], [ -77.04280899534831, 38.9030113467417 ], [ -77.042606401186717, 38.902695159742791 ], [ -77.04244444662541, 38.902364978385769 ], [ -77.042324690900756, 38.902023982680731 ], [ -77.042248286771255, 38.901675456747789 ], [ -77.042215969437095, 38.901322757183571 ] ] ] } },
{ "type": "Feature", "properties": { "stop_id": 5988, "stop_code": 1001198, "stop_name": "Pennsylvania Av NW+22 St NW", "stop_desc": null, "stop_lat": 38.901996, "stop_lon": -77.048971, "zone_id": null, "stop_url": null, "dist_along_m": 138.11414243339303, "stop_spacing_m": 94.3 }, "geometry": { "type": "Polygon", "coordinates": [ [ [ -77.044360926857379, 38.902076843180971 ], [ -77.044372996213482, 38.901723366833252 ], [ -77.044429346467282, 38.901372516944079 ], [ -77.044529434291505, 38.901027672344078 ], [ -77.044672295181968, 38.900692153981574 ], [ -77.044856552769488, 38.900369192943721 ], [ -77.04508043209583, 38.900061899344571 ], [ -77.045341776725195, 38.899773232379964 ], [ -77.045638069525339, 38.899505971836703 ], [ -77.04596645691835, 38.899262691330804 ], [ -77.046323776366492, 38.899045733531729 ], [ -77.04670658682879, 38.898857187610922 ], [ -77.047111201894651, 38.898698869131636 ], [ -77.047533725275969, 38.898572302573193 ], [ -77.047970088315935, 38.898478706657535 ], [ -77.04841608915433, 38.898418982619447 ], [ -77.048867433172404, 38.898393705532641 ], [ -77.049319774328751, 38.898403118775398 ], [ -77.049768756989295, 38.898447131688798 ], [ -77.050210057849029, 38.898525320449991 ], [ -77.050639427543146, 38.898636932152016 ], [ -77.0510527315475, 38.898780892051199 ], [ -77.051445989975619, 38.898955813912167 ], [ -77.05181541588955, 38.899160013351292 ], [ -77.052157451756528, 38.899391524050124 ], [ -77.052468803700734, 38.899648116683167 ], [ -77.052746473220537, 38.899927320377927 ], [ -77.052987786066268, 38.900226446500973 ], [ -77.053190418000057, 38.900542614541322 ], [ -77.053352417189586, 38.90087277984216 ], [ -77.053472223019796, 38.901213762914438 ], [ -77.053548681140711, 38.901562280049937 ], [ -77.05358105460563, 38.901914974939601 ], [ -77.053569030992037, 38.902268450992821 ], [ -77.05351272543524, 38.902619304046276 ], [ -77.053412679544849, 38.902964155147735 ], [ -77.053269856213561, 38.903299683099043 ], [ -77.053085630367178, 38.903622656444561 ], [ -77.052861775744105, 38.903929964597218 ], [ -77.052600447830841, 38.90421864780194 ], [ -77.052304163117242, 38.904485925647798 ], [ -77.051975774870456, 38.904729223853856 ], [ -77.05161844566102, 38.904946199070444 ], [ -77.051235616905032, 38.905134761456758 ], [ -77.05083097571611, 38.905293094816798 ], [ -77.050408419386258, 38.905419674099413 ], [ -77.049972017838456, 38.905513280093615 ], [ -77.049525974412759, 38.90557301117736 ], [ -77.049074585364551, 38.905598292006133 ], [ -77.048622198465694, 38.905588879057902 ], [ -77.048173171108147, 38.905544862980214 ], [ -77.047731828314582, 38.905466667717562 ], [ -77.047302421061289, 38.905355046426727 ], [ -77.046889085315811, 38.905211074219899 ], [ -77.046495802184424, 38.905036137805403 ], [ -77.046126359554378, 38.904831922126171 ], [ -77.045784315600855, 38.904600394124749 ], [ -77.045472964510438, 38.904343783791539 ], [ -77.045195304751914, 38.904064562679274 ], [ -77.044954010199859, 38.903765420090707 ], [ -77.04475140438916, 38.90344923716961 ], [ -77.044589438148165, 38.903119059144608 ], [ -77.044469670825791, 38.902778065993772 ], [ -77.044393255292178, 38.90242954181263 ], [ -77.044360926857379, 38.902076843180971 ] ] ] } },
{ "type": "Feature", "properties": { "stop_id": 5996, "stop_code": 1001202, "stop_name": "Pennsylvania Av NW+22 St NW", "stop_desc": null, "stop_lat": 38.90217, "stop_lon": -77.048575, "zone_id": null, "stop_url": null, "dist_along_m": 860.92215755187306, "stop_spacing_m": 180.6 }, "geometry": { "type": "Polygon", "coordinates": [ [ [ -77.043964914464752, 38.902250827847119 ], [ -77.043976985779011, 38.901897351496451 ], [ -77.044033338091424, 38.901546501752044 ], [ -77.044133428054863, 38.90120165744311 ], [ -77.044276291144513, 38.900866139515188 ], [ -77.044460550970058, 38.900543179051169 ], [ -77.044684432551733, 38.900235886159685 ], [ -77.044945779431956, 38.899947220029674 ], [ -77.045242074456866, 38.899679960439897 ], [ -77.045570464027108, 38.899436680997248 ], [ -77.045927785584013, 38.899219724360869 ], [ -77.046310598066285, 38.899031179691072 ], [ -77.046715215043889, 38.898872862539029 ], [ -77.047137740210317, 38.898746297371275 ], [ -77.047574104891609, 38.898652702896406 ], [ -77.048020107211741, 38.898592980335295 ], [ -77.048471452537683, 38.898567704747421 ], [ -77.048923794815451, 38.898577119496686 ], [ -77.049372778400169, 38.89862113390965 ], [ -77.049814079977935, 38.898699324148993 ], [ -77.050243450177035, 38.898810937293561 ], [ -77.050656754468449, 38.898954898585778 ], [ -77.051050012962932, 38.899129821776874 ], [ -77.051419438721894, 38.899334022470399 ], [ -77.051761474214089, 38.899565534335814 ], [ -77.052072825567237, 38.899822128036433 ], [ -77.052350494285434, 38.900101332689452 ], [ -77.052591806126699, 38.900400459652211 ], [ -77.052794436862825, 38.90071662840564 ], [ -77.052956434673007, 38.901046794286074 ], [ -77.053076238955498, 38.901387777798867 ], [ -77.053152695375161, 38.901736295231537 ], [ -77.053185067001735, 38.902088990272212 ], [ -77.053173041430341, 38.902442466328758 ], [ -77.053116733815173, 38.902793319237858 ], [ -77.053016685785636, 38.903138170048649 ], [ -77.052873860255048, 38.903473697565765 ], [ -77.052689632170399, 38.903796670337769 ], [ -77.052465775291623, 38.90410397778308 ], [ -77.052204445126975, 38.904392660153441 ], [ -77.051908158187985, 38.904659937045977 ], [ -77.051579767763258, 38.904903234188893 ], [ -77.051222436444277, 38.905120208242792 ], [ -77.050839605667534, 38.905308769378038 ], [ -77.050434962566044, 38.905467101410693 ], [ -77.0500124044503, 38.905593679302378 ], [ -77.049576001260476, 38.905687283855542 ], [ -77.049129956352431, 38.905747013461962 ], [ -77.048678565995857, 38.90577229279144 ], [ -77.048226177975209, 38.905762878336297 ], [ -77.047777149693275, 38.905718860758647 ], [ -77.047335806181579, 38.90564066401744 ], [ -77.046906398423417, 38.905529041283685 ], [ -77.046493062391107, 38.905385067683468 ], [ -77.046099779193753, 38.905210129938553 ], [ -77.045730336719188, 38.905005913004686 ], [ -77.045388293141073, 38.904774383836497 ], [ -77.045076942642424, 38.904517772435618 ], [ -77.044799283686288, 38.904238550365086 ], [ -77.044557990139523, 38.903939406936857 ], [ -77.044355385527268, 38.903623223302816 ], [ -77.044193420666389, 38.903293044698437 ], [ -77.044073654892443, 38.902952051107384 ], [ -77.04399724106068, 38.902603526629392 ], [ -77.043964914464752, 38.902250827847119 ] ] ] } },
{ "type": "Feature", "properties": { "stop_id": 6084, "stop_code": 1001265, "stop_name": "Pennsylvania Av NW+24 St NW", "stop_desc": null, "stop_lat": 38.9029, "stop_lon": -77.051572, "zone_id": null, "stop_url": null, "dist_along_m": 626.03580074611477, "stop_spacing_m": 138.2 }, "geometry": { "type": "Polygon", "coordinates": [ [ [ -77.046961875897665, 38.902980947446025 ], [ -77.04697393229057, 38.902627471224982 ], [ -77.047030270197126, 38.902276620457187 ], [ -77.047130346408906, 38.901931773981786 ], [ -77.047273196533482, 38.901596252765167 ], [ -77.047457444305309, 38.901273287921967 ], [ -77.04768131486064, 38.900965989602994 ], [ -77.047942651848018, 38.900677317049478 ], [ -77.048238938208769, 38.900410050102053 ], [ -77.048567320426898, 38.90016676243846 ], [ -77.048924636014462, 38.899949796797038 ], [ -77.049307443967578, 38.899761242424759 ], [ -77.049712057899825, 38.899602914966245 ], [ -77.050134581533882, 38.899476338987256 ], [ -77.050570946210584, 38.899382733300435 ], [ -77.051016950053892, 38.899322999234634 ], [ -77.051468298416125, 38.899297711960081 ], [ -77.051920645214068, 38.89930711495316 ], [ -77.052369634759316, 38.899351117653609 ], [ -77.05281094368064, 38.899429296336898 ], [ -77.053240322535629, 38.899540898193095 ], [ -77.053653636711985, 38.89968484857333 ], [ -77.054046906225309, 38.899859761333879 ], [ -77.054416344031011, 38.900063952178733 ], [ -77.054758392481872, 38.900295454872214 ], [ -77.055069757580924, 38.900552040165934 ], [ -77.055347440699919, 38.90083123725806 ], [ -77.055588767458303, 38.901130357578801 ], [ -77.055791413484215, 38.901446520673048 ], [ -77.055953426809722, 38.901776681931679 ], [ -77.056073246683638, 38.902117661904562 ], [ -77.056149718620702, 38.9024661769134 ], [ -77.056182105541197, 38.902818870669655 ], [ -77.056170094893005, 38.903172346593649 ], [ -77.056113801686493, 38.90352320052336 ], [ -77.056013767412338, 38.903868053498158 ], [ -77.055870954851287, 38.904203584301833 ], [ -77.055686738825358, 38.904526561451348 ], [ -77.055462892978312, 38.904833874322989 ], [ -77.055201572712079, 38.905122563116265 ], [ -77.054905294442761, 38.905389847366443 ], [ -77.054576911375406, 38.905633152730879 ], [ -77.05421958603057, 38.905850135790963 ], [ -77.053836759787103, 38.906038706630355 ], [ -77.053432119734367, 38.906197048971599 ], [ -77.053009563153395, 38.906323637677012 ], [ -77.052573159969555, 38.906417253444879 ], [ -77.052127113538646, 38.906476994558936 ], [ -77.051675720144999, 38.906502285578092 ], [ -77.051223327602358, 38.90649288288207 ], [ -77.050774293357051, 38.906448877019692 ], [ -77.050332942498102, 38.906370691837026 ], [ -77.049903526079603, 38.90625908039376 ], [ -77.049490180157349, 38.906115117707209 ], [ -77.049096885935725, 38.905940190393991 ], [ -77.048727431408878, 38.905735983309377 ], [ -77.048385374866584, 38.905504463313143 ], [ -77.048074010616773, 38.905247860318596 ], [ -77.047796337255036, 38.904968645807791 ], [ -77.047555028787002, 38.904669509019932 ], [ -77.047352408881579, 38.904353331042962 ], [ -77.047190428502972, 38.904023157057921 ], [ -77.047070647136223, 38.903682167003979 ], [ -77.046994217786732, 38.903333644946891 ], [ -77.046961875897665, 38.902980947446025 ] ] ] } },
{ "type": "Feature", "properties": { "stop_id": 6095, "stop_code": 1001270, "stop_name": "Pennsylvania Av NW+24 St NW", "stop_desc": null, "stop_lat": 38.90305, "stop_lon": -77.051163, "zone_id": null, "stop_url": null, "dist_along_m": 2052.6335866890622, "stop_spacing_m": 113.2 }, "geometry": { "type": "Polygon", "coordinates": [ [ [ -77.046552865017631, 38.903130931557335 ], [ -77.046564923434445, 38.902777455331595 ], [ -77.046621263450163, 38.902426604712176 ], [ -77.046721341836005, 38.902081758536745 ], [ -77.046864194178639, 38.901746237768847 ], [ -77.04704844419112, 38.90142327351878 ], [ -77.047272316988185, 38.901115975931624 ], [ -77.047533656196748, 38.900827304241545 ], [ -77.047829944736748, 38.900560038280922 ], [ -77.048158329071256, 38.900316751717895 ], [ -77.048515646691925, 38.900099787280269 ], [ -77.048898456575316, 38.899911234203408 ], [ -77.049303072316391, 38.899752908119453 ], [ -77.049725597620494, 38.899626333580933 ], [ -77.050161963812315, 38.899532729386628 ], [ -77.050607969001305, 38.899472996850989 ], [ -77.05105931852674, 38.899447711129568 ], [ -77.051511666294289, 38.899457115683731 ], [ -77.051960656606184, 38.899501119938265 ], [ -77.052401966083806, 38.899579300153604 ], [ -77.052831345279401, 38.899690903505125 ], [ -77.053244659577373, 38.899834855329516 ], [ -77.053637928992188, 38.900009769469179 ], [ -77.054007366480178, 38.900213961614824 ], [ -77.054349414397123, 38.900445465518253 ], [ -77.054660778751256, 38.90070205191941 ], [ -77.054938460921463, 38.900981250005827 ], [ -77.055179786536328, 38.901280371198098 ], [ -77.055382431235003, 38.901596535032745 ], [ -77.05554444306226, 38.901926696893518 ], [ -77.055664261281407, 38.902267677324481 ], [ -77.055740731423072, 38.902616192642888 ], [ -77.055773116424831, 38.902968886557254 ], [ -77.055761103753042, 38.903322362486357 ], [ -77.055704808437554, 38.903673216268125 ], [ -77.055604771989337, 38.90401806894333 ], [ -77.055461957210085, 38.904353599298673 ], [ -77.05527773894319, 38.904676575855397 ], [ -77.055053890853983, 38.90498388799552 ], [ -77.054792568366025, 38.905272575925579 ], [ -77.054496287916763, 38.905539859189133 ], [ -77.054167902732303, 38.905783163453044 ], [ -77.05381057535358, 38.906000145309356 ], [ -77.053427747179057, 38.906188714853229 ], [ -77.053023105316669, 38.906347055819765 ], [ -77.052600547064941, 38.906473643084468 ], [ -77.052164142365285, 38.906567257359526 ], [ -77.051718094588153, 38.906626996943068 ], [ -77.051266700030837, 38.906652286408715 ], [ -77.050814306518262, 38.906642882151182 ], [ -77.050365271506138, 38.906598874734328 ], [ -77.04992392009089, 38.906520688019192 ], [ -77.049494503331914, 38.906409075080241 ], [ -77.049081157288342, 38.906265110949164 ], [ -77.048687863165668, 38.906090182256534 ], [ -77.048318408957115, 38.905885973870902 ], [ -77.047976352949377, 38.905654452664564 ], [ -77.047664989445238, 38.905397848562487 ], [ -77.047387317033056, 38.905118633057413 ], [ -77.047146009709351, 38.904819495398115 ], [ -77.04694339113199, 38.904503316680902 ], [ -77.046781412252358, 38.904173142093946 ], [ -77.046661632541031, 38.903832151582236 ], [ -77.046585204987522, 38.903483629215913 ], [ -77.046552865017631, 38.903130931557335 ] ] ] } },
{ "type": "Feature", "properties": { "stop_id": 6144, "stop_code": 1001290, "stop_name": "Pennsylvania Av NW+L St NW", "stop_desc": null, "stop_lat": 38.90385, "stop_lon": -77.054294, "zone_id": null, "stop_url": null, "dist_along_m": 1138.8906795152627, "stop_spacing_m": 36.4 }, "geometry": { "type": "Polygon", "coordinates": [ [ [ -77.049683822319693, 38.903931056572475 ], [ -77.049695865145239, 38.903577580484971 ], [ -77.049752190131443, 38.90322672879855 ], [ -77.049852254194207, 38.9028818803612 ], [ -77.049995093058087, 38.90254635615829 ], [ -77.050179330565896, 38.90222338733323 ], [ -77.050403191952668, 38.901916084075154 ], [ -77.050664520955181, 38.901627405672905 ], [ -77.050960800591568, 38.901360132023463 ], [ -77.051289177410538, 38.901116836869065 ], [ -77.051646488976061, 38.900899863020221 ], [ -77.052029294322949, 38.900711299802907 ], [ -77.052433907089764, 38.900552962946918 ], [ -77.052856431010468, 38.900426377108452 ], [ -77.053292797423026, 38.900332761195124 ], [ -77.05373880443473, 38.900273016634195 ], [ -77.054190157367358, 38.900247718696939 ], [ -77.054642510093714, 38.900257110962386 ], [ -77.055091506868322, 38.900301102973572 ], [ -77.055532824250378, 38.900379271108825 ], [ -77.055962212716054, 38.900490862659822 ], [ -77.056375537560569, 38.900634803076862 ], [ -77.056768818696838, 38.900809706312195 ], [ -77.057138268968416, 38.901013888161494 ], [ -77.057480330608101, 38.901245382475722 ], [ -77.057791709491994, 38.901501960087202 ], [ -77.058069406859161, 38.9017811502681 ], [ -77.058310748191886, 38.902080264515178 ], [ -77.058513408978015, 38.902396422431842 ], [ -77.058675437107468, 38.902726579458879 ], [ -77.05879527168652, 38.903067556186947 ], [ -77.058871758088344, 38.903416068969037 ], [ -77.058904159093885, 38.903768761538068 ], [ -77.05889216201534, 38.904122237325865 ], [ -77.058835881732421, 38.904473092171727 ], [ -77.058735859611218, 38.90481794710626 ], [ -77.058593058315438, 38.905153480894413 ], [ -77.058408852558529, 38.905476462024431 ], [ -77.058185015885286, 38.905783779834273 ], [ -77.057923703609205, 38.90607247447592 ], [ -77.057627432069353, 38.906339765428307 ], [ -77.057299054405902, 38.906583078284228 ], [ -77.056941733087328, 38.906800069552965 ], [ -77.056558909453628, 38.906988649239054 ], [ -77.056154270568939, 38.90714700097984 ], [ -77.055731713703068, 38.907273599547089 ], [ -77.055295308784068, 38.907367225544071 ], [ -77.054849259184451, 38.907426977155993 ], [ -77.054397861219073, 38.907452278840594 ], [ -77.053945462745688, 38.907442886874854 ], [ -77.053496421267809, 38.907398891704233 ], [ -77.053055061944178, 38.907320717071777 ], [ -77.052625635910402, 38.907209115935544 ], [ -77.052212279315, 38.907065163213552 ], [ -77.051818973465203, 38.906890245426446 ], [ -77.051449506467193, 38.90668604733775 ], [ -77.051107436730959, 38.906454535720592 ], [ -77.050796058691546, 38.906197940407566 ], [ -77.05051837107743, 38.905918732806789 ], [ -77.050277048031546, 38.905619602090951 ], [ -77.050074413363276, 38.905303429289475 ], [ -77.049912418178991, 38.904973259533634 ], [ -77.049792622106366, 38.904632272721919 ], [ -77.049716178292471, 38.904283752888865 ], [ -77.049683822319693, 38.903931056572475 ] ] ] } },
{ "type": "Feature", "properties": { "stop_id": 13537, "stop_code": 1003197, "stop_name": "E St NW+13 St NW", "stop_desc": null, "stop_lat": 38.896235, "stop_lon": -77.029375, "zone_id": null, "stop_url": null, "dist_along_m": 365.52122807927054, "stop_spacing_m": 190.6 }, "geometry": { "type": "Polygon", "coordinates": [ [ [ -77.024765243154405, 38.896315059569901 ], [ -77.024777410099688, 38.895961582345564 ], [ -77.024833853954348, 38.895610739134447 ], [ -77.024934030489931, 38.895265908702591 ], [ -77.025076974348295, 38.894930411861658 ], [ -77.025261308361692, 38.89460747949132 ], [ -77.025485256836376, 38.894300221429447 ], [ -77.025746662671096, 38.894011596529452 ], [ -77.02604300814474, 38.893744384173061 ], [ -77.026371439172621, 38.893501157512198 ], [ -77.026728792797286, 38.89328425869784 ], [ -77.027111627649049, 38.893095776333489 ], [ -77.027516257082823, 38.892937525370478 ], [ -77.027938784672401, 38.892811029638111 ], [ -77.028375141720701, 38.892717507176499 ], [ -77.028821126425285, 38.892657858513267 ], [ -77.029272444322743, 38.892632657996501 ], [ -77.029724749623171, 38.89264214826737 ], [ -77.030173687037589, 38.892686237925403 ], [ -77.030614933696427, 38.892764502408916 ], [ -77.031044240756472, 38.892876188081921 ], [ -77.03145747429636, 38.893020219488577 ], [ -77.031850655107704, 38.893195209705006 ], [ -77.032219996999558, 38.893399473689342 ], [ -77.032561943247799, 38.893631044501618 ], [ -77.03287320083912, 38.893887692237385 ], [ -77.033150772180093, 38.894166945493431 ], [ -77.033391983966112, 38.894466115158892 ], [ -77.033594512932211, 38.894782320303278 ], [ -77.033756408237366, 38.89511251591226 ], [ -77.033876110266846, 38.895453522204654 ], [ -77.03395246567014, 38.895802055248332 ], [ -77.033984738489863, 38.896154758580792 ], [ -77.033972617272823, 38.896508235529794 ], [ -77.033916218094504, 38.896859081923147 ], [ -77.033816083466462, 38.897203918872499 ], [ -77.03367317713635, 38.897539425315728 ], [ -77.033488874829743, 38.897862370004155 ], [ -77.033264951021891, 38.898169642626542 ], [ -77.033003561866138, 38.898458283769884 ], [ -77.032707224442618, 38.898725513428317 ], [ -77.032378792526671, 38.898968757784921 ], [ -77.032021429109861, 38.899185674008727 ], [ -77.031638575938175, 38.89937417282718 ], [ -77.031233920360748, 38.899532438656621 ], [ -77.030811359808453, 38.899658947096469 ], [ -77.030374964245127, 38.899752479618229 ], [ -77.029928936953311, 38.899812135307727 ], [ -77.029477574032995, 38.899837339546785 ], [ -77.029025223004311, 38.899827849551258 ], [ -77.02857624091358, 38.899783756710974 ], [ -77.028134952347202, 38.899705485709966 ], [ -77.02770560775889, 38.899593790434665 ], [ -77.027292342512212, 38.899449746709912 ], [ -77.026899137034022, 38.899274741932985 ], [ -77.0265297784632, 38.899070461705257 ], [ -77.026187824164836, 38.898838873590975 ], [ -77.025876567461594, 38.898582208159446 ], [ -77.025599005912767, 38.898302937493966 ], [ -77.025357812446657, 38.898003751374411 ], [ -77.025155309624239, 38.897687531363594 ], [ -77.024993447281773, 38.897357323047132 ], [ -77.024873783767347, 38.897016306694596 ], [ -77.02479747095127, 38.896667766624674 ], [ -77.024765243154405, 38.896315059569901 ] ] ] } },
{ "type": "Feature", "properties": { "stop_id": 13746, "stop_code": 1003283, "stop_name": "Pennsylvania Av NW+Constitution Av NW", "stop_desc": null, "stop_lat": 38.892477, "stop_lon": -77.018326, "zone_id": null, "stop_url": null, "dist_along_m": 232.46067296603934, "stop_spacing_m": 133.1 }, "geometry": { "type": "Polygon", "coordinates": [ [ [ -77.013716454636807, 38.892556616948447 ], [ -77.01372867661108, 38.892203139220996 ], [ -77.013785172926703, 38.891852299774094 ], [ -77.013885398850235, 38.891507477337335 ], [ -77.014028388548098, 38.891171992645297 ], [ -77.014212764411369, 38.890849076460505 ], [ -77.014436750343535, 38.890541838464927 ], [ -77.014698188882932, 38.890253237318639 ], [ -77.014994561993774, 38.889986052174578 ], [ -77.015323015325507, 38.88974285592262 ], [ -77.015680385706176, 38.889525990420907 ], [ -77.016063231604974, 38.88933754395223 ], [ -77.016467866270617, 38.8891793311223 ], [ -77.01689039322666, 38.889052875393304 ], [ -77.017326743782235, 38.88895939442024 ], [ -77.017772716197499, 38.888899788331315 ], [ -77.018224016127348, 38.88887463106478 ], [ -77.018676297954869, 38.888884164845415 ], [ -77.019125206616962, 38.888928297853923 ], [ -77.019566419520814, 38.889006605111234 ], [ -77.019995688148072, 38.889118332569566 ], [ -77.020408878947194, 38.889262404370783 ], [ -77.020802013121141, 38.889437433202033 ], [ -77.021171304927805, 38.889641733649661 ], [ -77.021513198125092, 38.889873338422532 ], [ -77.021824400210335, 38.89013001728916 ], [ -77.022101914124363, 38.890409298546444 ], [ -77.022343067115386, 38.890708492813808 ], [ -77.022545536484415, 38.891024718923724 ], [ -77.022707371964302, 38.891354931659862 ], [ -77.022827014516281, 38.891695951075903 ], [ -77.022903311362668, 38.892044493113232 ], [ -77.022935527109979, 38.892397201222551 ], [ -77.022923350854754, 38.892750678685466 ], [ -77.022866899202668, 38.893101521324645 ], [ -77.022766715170803, 38.893446350287796 ], [ -77.022623762982818, 38.893781844589547 ], [ -77.022439418806201, 38.894104773098064 ], [ -77.022215457519721, 38.894412025657829 ], [ -77.021954035637961, 38.894700643049013 ], [ -77.021657670556522, 38.894967845494456 ], [ -77.021329216317412, 38.89521105943934 ], [ -77.020971836127487, 38.895427942345613 ], [ -77.020588971894469, 38.89561640526167 ], [ -77.02018431107426, 38.895774632949703 ], [ -77.019761751148351, 38.895901101376538 ], [ -77.019325362074682, 38.895994592399227 ], [ -77.018879347073309, 38.896054205503361 ], [ -77.018428002125859, 38.896079366481054 ], [ -77.017975674579304, 38.896069832964947 ], [ -77.01752672125366, 38.89602569676417 ], [ -77.017085466458141, 38.895947382980467 ], [ -77.01665616032102, 38.895835645912427 ], [ -77.016242937835244, 38.895691561787466 ], [ -77.015849779015596, 38.895516518392036 ], [ -77.015480470551324, 38.895312201699504 ], [ -77.015138569324606, 38.895080579625265 ], [ -77.014827368146726, 38.894823883065712 ], [ -77.014549864041982, 38.894544584403853 ], [ -77.014308729385178, 38.894245373689124 ], [ -77.01410628617073, 38.893929132721091 ], [ -77.013944483660694, 38.893598907287114 ], [ -77.01382487962681, 38.893257877821448 ], [ -77.013748625366546, 38.892909328768944 ], [ -77.013716454636807, 38.892556616948447 ] ] ] } },
{ "type": "Feature", "properties": { "stop_id": 13752, "stop_code": 1003288, "stop_name": "10 St NW+Pennsylvania Av NW", "stop_desc": null, "stop_lat": 38.893649, "stop_lon": -77.025842, "zone_id": null, "stop_url": null, "dist_along_m": 4148.7187158995039, "stop_spacing_m": 34.7 }, "geometry": { "type": "Polygon", "coordinates": [ [ [ -77.021232400249801, 38.893728915658414 ], [ -77.021244584855523, 38.893375438199314 ], [ -77.02130104468722, 38.89302459614153 ], [ -77.021401235362703, 38.892679768239965 ], [ -77.021544191387733, 38.89234427528185 ], [ -77.021728535477536, 38.892021348109466 ], [ -77.021952491841432, 38.891714096510562 ], [ -77.02221390330233, 38.891425479276364 ], [ -77.022510252085041, 38.891158275714702 ], [ -77.022838684073108, 38.890915058892887 ], [ -77.023196036299908, 38.890698170867125 ], [ -77.023578867409313, 38.890509700137073 ], [ -77.023983490792318, 38.89035146154206 ], [ -77.02440601008098, 38.890224978792297 ], [ -77.024842356658198, 38.890131469802967 ], [ -77.025288328822327, 38.890071834971963 ], [ -77.02573963223071, 38.89004664851425 ], [ -77.026191921232893, 38.890056152935628 ], [ -77.026640840696743, 38.890100256699412 ], [ -77.027082067925505, 38.890178535108099 ], [ -77.02751135426297, 38.890290234391649 ], [ -77.027924565987206, 38.890434278963156 ], [ -77.028317724099793, 38.890609281771972 ], [ -77.028687042628263, 38.89081355765498 ], [ -77.029028965073394, 38.891045139557605 ], [ -77.029340198651028, 38.891301797468586 ], [ -77.029617745998891, 38.891581059886683 ], [ -77.029858934043389, 38.89188023761276 ], [ -77.030061439748124, 38.892196449638668 ], [ -77.030223312496119, 38.892526650883759 ], [ -77.030342992889828, 38.89286766151249 ], [ -77.030419327787186, 38.893216197550963 ], [ -77.030451581428281, 38.893568902507738 ], [ -77.030439442544719, 38.893922379694899 ], [ -77.0303830273822, 38.894273224937912 ], [ -77.030282878606329, 38.894618059359445 ], [ -77.030139960101124, 38.894953561921703 ], [ -77.029955647709528, 38.895276501413342 ], [ -77.029731716004051, 38.895583767573164 ], [ -77.029470321214205, 38.895872401050418 ], [ -77.029173980474482, 38.896139621913022 ], [ -77.028845547592283, 38.896382856428801 ], [ -77.028488185568577, 38.896599761861616 ], [ -77.02810533613598, 38.896788249042828 ], [ -77.027700686607673, 38.896946502500917 ], [ -77.027278134356308, 38.897072997954474 ], [ -77.026841749265742, 38.897166517000159 ], [ -77.026395734517664, 38.89722615885357 ], [ -77.025944386091226, 38.897251349029901 ], [ -77.025492051366882, 38.897241844880462 ], [ -77.02504308723384, 38.897197737931457 ], [ -77.024601818105467, 38.897119453002787 ], [ -77.024172494248177, 38.897007744115093 ], [ -77.023759250825748, 38.896863687224354 ], [ -77.023366068054727, 38.896688669854612 ], [ -77.022996732855205, 38.896484377728555 ], [ -77.022654802367086, 38.896252778524982 ], [ -77.022343569683585, 38.89599610292003 ], [ -77.022066032132628, 38.895716823094887 ], [ -77.021824862411307, 38.895417628917656 ], [ -77.021622382851902, 38.895101402028672 ], [ -77.021460543066596, 38.894771188079766 ], [ -77.021340901186235, 38.894430167394695 ], [ -77.021264608872826, 38.894081624333801 ], [ -77.021232400249801, 38.893728915658414 ] ] ] } },
{ "type": "Feature", "properties": { "stop_id": 16660, "stop_code": 1003398, "stop_name": "Pennsylvania Av NW+7 St NW", "stop_desc": null, "stop_lat": 38.893668, "stop_lon": -77.022606, "zone_id": null, "stop_url": null, "dist_along_m": 3577.2006545205959, "stop_spacing_m": 272.7 }, "geometry": { "type": "Polygon", "coordinates": [ [ [ -77.017996389811842, 38.893747787943717 ], [ -77.018008590483447, 38.893394310395784 ], [ -77.0180650663264, 38.893043469479927 ], [ -77.018165272804325, 38.892698643940022 ], [ -77.018308244270884, 38.892363154540547 ], [ -77.018492603292586, 38.892040232089428 ], [ -77.018716573935023, 38.891732986328954 ], [ -77.01897799888367, 38.891444375994077 ], [ -77.01927436023351, 38.891177180326174 ], [ -77.019602803747162, 38.890933972316525 ], [ -77.019960166347062, 38.890717093936459 ], [ -77.020343006577292, 38.89052863359278 ], [ -77.020747637741025, 38.890370406024779 ], [ -77.021170163395539, 38.890243934836533 ], [ -77.021606514862427, 38.890150437831878 ], [ -77.022052490393008, 38.890090815293362 ], [ -77.022503795612238, 38.89006564131757 ], [ -77.022956084852225, 38.890075158290159 ], [ -77.023405002978564, 38.890119274553633 ], [ -77.023846227307345, 38.89019756529013 ], [ -77.024275509210256, 38.890309276610935 ], [ -77.02468871500804, 38.890453332813266 ], [ -77.025081865759262, 38.890628346734481 ], [ -77.025451175562338, 38.89083263310448 ], [ -77.025793088001933, 38.891064224767689 ], [ -77.026104310390181, 38.891320891618875 ], [ -77.026381845472514, 38.891600162070688 ], [ -77.026623020293357, 38.891899346846628 ], [ -77.026825511943585, 38.89221556487059 ], [ -77.026987369941537, 38.89254577100418 ], [ -77.027107035031619, 38.892886785364738 ], [ -77.027183354219119, 38.893235323942342 ], [ -77.027215591895413, 38.893588030221125 ], [ -77.027203436945825, 38.89394150750033 ], [ -77.027147005770786, 38.894292351604527 ], [ -77.027046841190099, 38.894637183667292 ], [ -77.026903907240069, 38.894972682673519 ], [ -77.02671957991241, 38.895295617446074 ], [ -77.026495633923531, 38.895602877769157 ], [ -77.026234225640565, 38.895891504348192 ], [ -77.025937872328072, 38.896158717317547 ], [ -77.02560942791456, 38.896401943021054 ], [ -77.025252055512141, 38.896618838807406 ], [ -77.024869196953503, 38.896807315600931 ], [ -77.024464539639752, 38.896965558030111 ], [ -77.024041981018584, 38.897092041919819 ], [ -77.023605591035306, 38.897185548978101 ], [ -77.023159572918743, 38.897245178536039 ], [ -77.022708222680478, 38.897270356227288 ], [ -77.022255887718487, 38.897260839523419 ], [ -77.021806924924235, 38.897216720071604 ], [ -77.021365658698173, 38.897138422812233 ], [ -77.020936339278748, 38.897026701884684 ], [ -77.020523101786949, 38.896882633360939 ], [ -77.020129926382126, 38.896707604877108 ], [ -77.019760599913383, 38.896503302262957 ], [ -77.019418679436441, 38.896271693298296 ], [ -77.019107457948067, 38.896015008753245 ], [ -77.01882993266824, 38.895735720895139 ], [ -77.018588776175832, 38.895436519669374 ], [ -77.018386310675581, 38.895120286784199 ], [ -77.018224485644296, 38.894790067949145 ], [ -77.018104859070604, 38.894449043534983 ], [ -77.0180285824691, 38.894100497937956 ], [ -77.017996389811842, 38.893747787943717 ] ] ] } },
{ "type": "Feature", "properties": { "stop_id": 16684, "stop_code": 1000993, "stop_name": "Pennsylvania Av NW+14 St NW", "stop_desc": null, "stop_lat": 38.895643, "stop_lon": -77.031672, "zone_id": null, "stop_url": null, "dist_along_m": 5142.9046940730295, "stop_spacing_m": 290.8 }, "geometry": { "type": "Polygon", "coordinates": [ [ [ -77.027062287982986, 38.89572314923543 ], [ -77.027074443550063, 38.895369672045433 ], [ -77.027130875704671, 38.89501882800478 ], [ -77.02723104033106, 38.894673995887587 ], [ -77.027373972185771, 38.894338496521726 ], [ -77.027558294216618, 38.894015560811255 ], [ -77.027782230845247, 38.893708298626208 ], [ -77.028043625084436, 38.893419668859757 ], [ -77.028339959324711, 38.893152450940462 ], [ -77.02866837958949, 38.892909218073896 ], [ -77.02902572302493, 38.89269231247075 ], [ -77.029408548359413, 38.892503822799945 ], [ -77.029813169039443, 38.892345564083143 ], [ -77.030235688723067, 38.892219060224321 ], [ -77.030672038789263, 38.892125529341811 ], [ -77.031118017502806, 38.892065872044327 ], [ -77.03156933045797, 38.892040662763087 ], [ -77.032021631912372, 38.89205014422361 ], [ -77.032470566614066, 38.89209422511027 ], [ -77.032911811719615, 38.89217248094581 ], [ -77.03334111840077, 38.892284158177482 ], [ -77.033754352739834, 38.892428181430724 ], [ -77.034147535520759, 38.89260316386013 ], [ -77.03451688053363, 38.892807420498855 ], [ -77.034858831024366, 38.893038984477606 ], [ -77.035170093938831, 38.893295625957784 ], [ -77.035447671632411, 38.893574873596357 ], [ -77.035688890739365, 38.893874038336627 ], [ -77.03589142792427, 38.894190239295497 ], [ -77.036053332267059, 38.894520431498982 ], [ -77.036173044065947, 38.894861435198699 ], [ -77.036249409876461, 38.895209966487542 ], [ -77.036281693640973, 38.895562668919922 ], [ -77.03626958380093, 38.895916145832317 ], [ -77.036213196322294, 38.89626699305289 ], [ -77.0361130736039, 38.896611831685355 ], [ -77.035970179278749, 38.896947340651451 ], [ -77.035785888956738, 38.897270288678214 ], [ -77.035561976997712, 38.897577565422267 ], [ -77.035300599440845, 38.897866211430944 ], [ -77.035004273254501, 38.898133446651514 ], [ -77.034675852105764, 38.89837669721355 ], [ -77.034318498882456, 38.898593620226315 ], [ -77.033935655232312, 38.898782126351833 ], [ -77.033531008412723, 38.898940399936123 ], [ -77.033108455770147, 38.899066916503841 ], [ -77.032672067192209, 38.899160457448261 ], [ -77.032226045894092, 38.899220121773993 ], [ -77.031774687918087, 38.899245334779728 ], [ -77.031322340736637, 38.899235853596821 ], [ -77.030873361358971, 38.899191769530233 ], [ -77.030432074345427, 38.899113507179443 ], [ -77.030002730134711, 38.899001820347522 ], [ -77.029589464086797, 38.898857784777995 ], [ -77.029196256636283, 38.898682787789596 ], [ -77.028826894941091, 38.898478514908618 ], [ -77.028484936396438, 38.898246933628577 ], [ -77.028173674365917, 38.897990274452944 ], [ -77.027896106460219, 38.897711009404745 ], [ -77.027654905668896, 38.897411828209769 ], [ -77.02745239462358, 38.897095612383424 ], [ -77.027290523239742, 38.896765407471037 ], [ -77.027170849952583, 38.89642439370941 ], [ -77.027094526726643, 38.896075855392311 ], [ -77.027062287982986, 38.89572314923543 ] ] ] } },
{ "type": "Feature", "properties": { "stop_id": 18208, "stop_code": 1003763, "stop_name": "Pennsylvania Av NW+7 St NW", "stop_desc": null, "stop_lat": 38.893424, "stop_lon": -77.022898, "zone_id": null, "stop_url": null, "dist_along_m": 2576.5329110036123, "stop_spacing_m": 58.4 }, "geometry": { "type": "Polygon", "coordinates": [ [ [ -77.0182884064142, 38.893503799053391 ], [ -77.018300605646971, 38.893150321500734 ], [ -77.01835707990513, 38.892799480473222 ], [ -77.018457284667534, 38.892454654715785 ], [ -77.018600254304346, 38.892119164994988 ], [ -77.018784611399738, 38.891796242121877 ], [ -77.019008580037877, 38.89148899584282 ], [ -77.019270002923477, 38.891200384897758 ], [ -77.019566362171417, 38.890933188533928 ], [ -77.01989480356454, 38.890689979749339 ], [ -77.020252164045729, 38.890473100522783 ], [ -77.020635002179404, 38.890284639269211 ], [ -77.021039631288986, 38.890126410736677 ], [ -77.021462154951479, 38.889999938538544 ], [ -77.021898504507647, 38.889906440488375 ], [ -77.02234447822724, 38.889846816878787 ], [ -77.022795781752592, 38.889821641816674 ], [ -77.023248069432171, 38.889831157698161 ], [ -77.023696986146547, 38.889875272876239 ], [ -77.024138209225413, 38.889953562543504 ], [ -77.02456749005249, 38.890065272821531 ], [ -77.024980694958899, 38.890209328017562 ], [ -77.025373845011799, 38.890384340978663 ], [ -77.02574315431626, 38.890588626443979 ], [ -77.026085066461818, 38.890820217266629 ], [ -77.026396288763436, 38.891076883349491 ], [ -77.026673823967371, 38.891356153112582 ], [ -77.026914999116926, 38.891655337286053 ], [ -77.027117491299762, 38.891971554799618 ], [ -77.027279350029119, 38.892301760519764 ], [ -77.027399016042409, 38.892642774567825 ], [ -77.027475336335996, 38.892991312936921 ], [ -77.027507575290628, 38.893344019113137 ], [ -77.027495421779307, 38.893697496396783 ], [ -77.027438992188664, 38.894048340612322 ], [ -77.027338829323241, 38.894393172892308 ], [ -77.027195897202773, 38.894728672219529 ], [ -77.027011571801424, 38.895051607413741 ], [ -77.026787627817015, 38.89535886825513 ], [ -77.026526221597379, 38.895647495444109 ], [ -77.026229870387198, 38.895914709109185 ], [ -77.025901428094741, 38.896157935587489 ], [ -77.025544057811672, 38.89637483222026 ], [ -77.025161201350272, 38.89656330992365 ], [ -77.024756546091439, 38.89672155331742 ], [ -77.024333989463059, 38.896848038217122 ], [ -77.023897601391226, 38.896941546321088 ], [ -77.023451585086349, 38.897001176950319 ], [ -77.0230002365426, 38.897026355728151 ], [ -77.022547903141557, 38.89701684011569 ], [ -77.02209894175968, 38.896972721749584 ], [ -77.021657676783832, 38.896894425559772 ], [ -77.021228358440368, 38.896782705675328 ], [ -77.020815121839945, 38.896638638158173 ], [ -77.020421947133343, 38.896463610634747 ], [ -77.02005262116289, 38.896259308925529 ], [ -77.019710700979573, 38.896027700801618 ], [ -77.019399479577288, 38.895771017025041 ], [ -77.019121954175205, 38.895491729855728 ], [ -77.018880797353404, 38.895192529232453 ], [ -77.018678331319819, 38.894876296857646 ], [ -77.018516505556349, 38.894546078435923 ], [ -77.018396878058724, 38.894205054334066 ], [ -77.018320600350421, 38.893856508945341 ], [ -77.0182884064142, 38.893503799053391 ] ] ] } },
{ "type": "Feature", "properties": { "stop_id": 19153, "stop_code": 1000944, "stop_name": "Pennsylvania Av NW+10 St NW", "stop_desc": null, "stop_lat": 38.894074, "stop_lon": -77.025226, "zone_id": null, "stop_url": null, "dist_along_m": 4183.4614821496125, "stop_spacing_m": 361.0 }, "geometry": { "type": "Polygon", "coordinates": [ [ [ -77.020616371023564, 38.894153892068871 ], [ -77.020628558668477, 38.893800414614851 ], [ -77.020685021791465, 38.893449572789272 ], [ -77.02078521597862, 38.893104745344786 ], [ -77.020928175701911, 38.892769253064252 ], [ -77.021112523640937, 38.892446326783372 ], [ -77.021336483967957, 38.892139076281346 ], [ -77.021597899467679, 38.891850460338787 ], [ -77.021894252326064, 38.891583258251124 ], [ -77.022222688387401, 38.891340043071416 ], [ -77.022580044645878, 38.891123156840088 ], [ -77.02296287970654, 38.890934688039501 ], [ -77.023367506922327, 38.890776451490396 ], [ -77.02379002988846, 38.890649970883317 ], [ -77.02422637995241, 38.890556464112763 ], [ -77.024672355378968, 38.890496831555296 ], [ -77.025123661794083, 38.890471647403984 ], [ -77.025575953518356, 38.890481154142428 ], [ -77.026024875393489, 38.890525260211646 ], [ -77.026466104699452, 38.890603540891917 ], [ -77.026895392760068, 38.890715242391359 ], [ -77.027308605836822, 38.890859289101705 ], [ -77.027701764918277, 38.891034293951755 ], [ -77.028071084022599, 38.891238571758727 ], [ -77.028413006645025, 38.891470155449504 ], [ -77.028724239999647, 38.89172681499565 ], [ -77.029001786726383, 38.892006078880136 ], [ -77.029242973757547, 38.892305257889753 ], [ -77.029445478066506, 38.892621471003949 ], [ -77.029607349049698, 38.892951673131599 ], [ -77.029727027326544, 38.89329268442868 ], [ -77.029803359775357, 38.893641220914823 ], [ -77.029835610659774, 38.893993926094289 ], [ -77.029823468737959, 38.894347403277031 ], [ -77.029767050284846, 38.894698248288485 ], [ -77.0296668979977, 38.895043082253601 ], [ -77.029523975794376, 38.895378584138932 ], [ -77.029339659553429, 38.895701522739678 ], [ -77.029115723884431, 38.896008787803183 ], [ -77.02885432505505, 38.896297419989239 ], [ -77.028557980238745, 38.896564639378212 ], [ -77.028229543282151, 38.896807872252133 ], [ -77.027872177225476, 38.897024775890628 ], [ -77.027489323840229, 38.897213261142362 ], [ -77.027084670477677, 38.8973715125544 ], [ -77.026662114547378, 38.897498005865017 ], [ -77.026225725968715, 38.897591522691528 ], [ -77.025779707956929, 38.89765116227094 ], [ -77.025328356522621, 38.897676350140301 ], [ -77.024876019075251, 38.897666843673157 ], [ -77.024427052530243, 38.89762273441805 ], [ -77.023985781324242, 38.897544447217157 ], [ -77.023556455743645, 38.897432736112911 ], [ -77.02314321096884, 38.897288677082685 ], [ -77.022750027229392, 38.89711365767117 ], [ -77.0223806914547, 38.896909363620686 ], [ -77.02203876079021, 38.896677762628606 ], [ -77.021727528330828, 38.896421085388248 ], [ -77.021449991402307, 38.896141804096601 ], [ -77.021208822695712, 38.895842608635839 ], [ -77.021006344533532, 38.89552638065873 ], [ -77.020844506514493, 38.895196165827528 ], [ -77.020724866752374, 38.894855144474484 ], [ -77.020648576888789, 38.894506600966402 ], [ -77.020616371023564, 38.894153892068871 ] ] ] } },
{ "type": "Feature", "properties": { "stop_id": 21626, "stop_code": 1000889, "stop_name": "Pennsylvania Av NW+6 St NW", "stop_desc": null, "stop_lat": 38.89278, "stop_lon": -77.020302, "zone_id": null, "stop_url": null, "dist_along_m": 3849.9455213111087, "stop_spacing_m": 222.9 }, "geometry": { "type": "Polygon", "coordinates": [ [ [ -77.015692440662107, 38.892859695470953 ], [ -77.015704652812516, 38.892506217813207 ], [ -77.015761139533737, 38.892155377679131 ], [ -77.015861356184672, 38.891810553805023 ], [ -77.016004337021045, 38.891475066939265 ], [ -77.016188704519195, 38.891152147865384 ], [ -77.016412682663173, 38.89084490629314 ], [ -77.01667411406622, 38.890556300917112 ], [ -77.016970480761273, 38.890289110930944 ], [ -77.01729892845951, 38.890045909271173 ], [ -77.01765629404315, 38.889829037848031 ], [ -77.018039136027539, 38.889640585001267 ], [ -77.018443767699083, 38.889482365398074 ], [ -77.018866292610113, 38.889355902565789 ], [ -77.019302642089428, 38.889262414227822 ], [ -77.019748614407533, 38.889202800583277 ], [ -77.020199915220275, 38.889177635643158 ], [ -77.020652198902198, 38.889187161706111 ], [ -77.021101110372399, 38.88923128702713 ], [ -77.021542327011005, 38.889309586701145 ], [ -77.021971600263726, 38.889421306753405 ], [ -77.022384796534539, 38.88956537139704 ], [ -77.022777936973739, 38.889740393388152 ], [ -77.023147235778922, 38.889944687378943 ], [ -77.023489136640677, 38.890176286140438 ], [ -77.023800346982512, 38.890432959499037 ], [ -77.024077869665859, 38.890712235804706 ], [ -77.024319031854489, 38.89101142572455 ], [ -77.024521510760863, 38.891327648132943 ], [ -77.024683356026046, 38.891657857849196 ], [ -77.024803008517054, 38.891998874956123 ], [ -77.024879315360508, 38.892347415417355 ], [ -77.024911541066615, 38.892700122698791 ], [ -77.024899374636078, 38.893053600090063 ], [ -77.024842932579872, 38.893404443414553 ], [ -77.024742757822665, 38.893749273813384 ], [ -77.024599814498799, 38.894084770287392 ], [ -77.024415478690315, 38.894407701683825 ], [ -77.024191525195377, 38.894714957819389 ], [ -77.023930110453477, 38.89500357943983 ], [ -77.023633751791394, 38.895270786727238 ], [ -77.023305303189289, 38.895514006080205 ], [ -77.022947927799621, 38.895730894908588 ], [ -77.022565067483924, 38.895919364203699 ], [ -77.022160409660245, 38.896077598666324 ], [ -77.021737851781253, 38.896204074198003 ], [ -77.021301463785079, 38.896297572587358 ], [ -77.020855448881449, 38.896357193248981 ], [ -77.020404103051007, 38.896382361902241 ], [ -77.019951773649225, 38.896372836105748 ], [ -77.019502817514024, 38.896328707594336 ], [ -77.019061558981676, 38.896250401395619 ], [ -77.018632248216463, 38.896138671735109 ], [ -77.01821902025597, 38.895994594768908 ], [ -77.017825855167729, 38.89581955821447 ], [ -77.017456539701385, 38.895615247979265 ], [ -77.017114630806674, 38.895383631916538 ], [ -77.016803421368706, 38.895126940864728 ], [ -77.016525908491388, 38.894847647153846 ], [ -77.016284764634079, 38.894548440785627 ], [ -77.016082311879828, 38.894232203517831 ], [ -77.01592049958262, 38.893901981102168 ], [ -77.015800885608442, 38.893560953943854 ], [ -77.015724621350529, 38.89321240646553 ], [ -77.015692440662107, 38.892859695470953 ] ] ] } },
{ "type": "Feature", "properties": { "stop_id": 21712, "stop_code": 1003226, "stop_name": "Pennsylvania Av NW+L St NW", "stop_desc": null, "stop_lat": 38.903637, "stop_lon": -77.052894, "zone_id": null, "stop_url": null, "dist_along_m": 764.23687327352013, "stop_spacing_m": 96.7 }, "geometry": { "type": "Polygon", "coordinates": [ [ [ -77.048283832051609, 38.903718000923838 ], [ -77.04829588184154, 38.903364524781956 ], [ -77.048352213631119, 38.903013673577597 ], [ -77.048452284270795, 38.902668826154063 ], [ -77.048595129421784, 38.902333303486948 ], [ -77.048779372866377, 38.902010336704876 ], [ -77.049003239782508, 38.901703035977292 ], [ -77.049264573853691, 38.901414360568637 ], [ -77.04956085804929, 38.90114709034706 ], [ -77.04988923887413, 38.900903799021819 ], [ -77.050246553853668, 38.900686829366499 ], [ -77.050629361989834, 38.900498270666738 ], [ -77.051033976894431, 38.900339938608823 ], [ -77.051456502280757, 38.90021335780277 ], [ -77.05189286947278, 38.900119747107702 ], [ -77.052338876570218, 38.900060007900677 ], [ -77.052790228894054, 38.900034715401404 ], [ -77.053242580322973, 38.900044113136602 ], [ -77.053691575123977, 38.900088110596613 ], [ -77.054132889875262, 38.900166284107357 ], [ -77.054562275078283, 38.900277880908675 ], [ -77.054975596059663, 38.900421826400397 ], [ -77.055368872769549, 38.900596734485866 ], [ -77.055738318094001, 38.900800920914087 ], [ -77.056080374313481, 38.901032419491919 ], [ -77.056391747356244, 38.90128900101061 ], [ -77.056669438517559, 38.901568194704709 ], [ -77.056910773339439, 38.901867312037126 ], [ -77.057113427372428, 38.902183472581576 ], [ -77.05727544857146, 38.902513631753493 ], [ -77.057395276109503, 38.902854610122866 ], [ -77.057471755427557, 38.903203124026852 ], [ -77.057504149374751, 38.903555817187581 ], [ -77.057492145331295, 38.903909293031134 ], [ -77.057435858243949, 38.904260147396272 ], [ -77.057335829544371, 38.904605001318188 ], [ -77.057193021959634, 38.904940533571576 ], [ -77.057008810263781, 38.905263512659438 ], [ -77.056784968058821, 38.905570827939414 ], [ -77.056523650711583, 38.905859519587807 ], [ -77.056227374609989, 38.9061268071124 ], [ -77.055898992938197, 38.906370116138994 ], [ -77.055541668203304, 38.906587103213724 ], [ -77.055158841778223, 38.906775678381564 ], [ -77.054754200754061, 38.906934025323366 ], [ -77.054331642421204, 38.907060618857123 ], [ -77.053895236721857, 38.907154239634579 ], [ -77.05344918703608, 38.907213985891246 ], [ -77.052997789679566, 38.907239282136459 ], [ -77.052545392504172, 38.907229884699603 ], [ -77.052096353000948, 38.907185884078842 ], [ -77.051654996309566, 38.907107704069723 ], [ -77.051225573540279, 38.906996097682104 ], [ -77.050812220810144, 38.906852139884599 ], [ -77.050418919389116, 38.906677217246745 ], [ -77.05004945734072, 38.906473014578765 ], [ -77.049707393027219, 38.906241498697931 ], [ -77.049396020831423, 38.905984899477886 ], [ -77.049118339425462, 38.905705688364364 ], [ -77.048877022892469, 38.905406554563868 ], [ -77.048674394979074, 38.905090379135558 ], [ -77.048512406726559, 38.904760207235938 ], [ -77.048392617695839, 38.904419218784163 ], [ -77.048316180966125, 38.904070697830548 ], [ -77.048283832051609, 38.903718000923838 ] ] ] } },
{ "type": "Feature", "properties": { "stop_id": 21743, "stop_code": 1001179, "stop_name": "I St NW+20 St NW", "stop_desc": null, "stop_lat": 38.90141, "stop_lon": -77.045415, "zone_id": null, "stop_url": null, "dist_along_m": 2165.8812856841555, "stop_spacing_m": 74.5 }, "geometry": { "type": "Polygon", "coordinates": [ [ [ -77.040804954514016, 38.901490701764061 ], [ -77.040817041559805, 38.901137225278255 ], [ -77.040873409066151, 38.900786376614228 ], [ -77.040973513539669, 38.900441534590698 ], [ -77.041116390315835, 38.900106020131176 ], [ -77.041300662872601, 38.899783064285153 ], [ -77.041524556107646, 38.89947577711672 ], [ -77.041785913451278, 38.899187117759674 ], [ -77.042082217648925, 38.898919865927567 ], [ -77.042410615012983, 38.898676595152573 ], [ -77.042767942909819, 38.898459648010373 ], [ -77.043150760217131, 38.898271113569862 ], [ -77.043555380458486, 38.898112807283724 ], [ -77.043977907296011, 38.897986253513878 ], [ -77.044414272039674, 38.897892670859164 ], [ -77.044860272812883, 38.89783296042669 ], [ -77.045311614997473, 38.897807697159209 ], [ -77.045763952569757, 38.897817124301937 ], [ -77.046212929930121, 38.897861151062187 ], [ -77.046654223824575, 38.897939353483736 ], [ -77.047083584955317, 38.898050978528161 ], [ -77.047496878880608, 38.898194951323319 ], [ -77.047890125810966, 38.898369885509659 ], [ -77.048259538919098, 38.898574096584895 ], [ -77.048601560795461, 38.898805618118509 ], [ -77.04891289769887, 38.899062220680698 ], [ -77.049190551272488, 38.899341433303285 ], [ -77.049431847420081, 38.899640567266871 ], [ -77.04963446206456, 38.899956741984923 ], [ -77.049796443540032, 38.900286912736327 ], [ -77.049916231401994, 38.900627899979433 ], [ -77.049992671473461, 38.900976419965865 ], [ -77.050025026981572, 38.901329116359051 ], [ -77.050012985676744, 38.901682592553833 ], [ -77.049956662864659, 38.902033444385481 ], [ -77.049856600321164, 38.902378292913504 ], [ -77.049713761099397, 38.90271381696445 ], [ -77.049529520278256, 38.903036785120236 ], [ -77.049305651740411, 38.903344086843717 ], [ -77.049044311106528, 38.903632762441745 ], [ -77.048748014988973, 38.903900031576612 ], [ -77.048419616764875, 38.904143320051261 ], [ -77.048062279100918, 38.90436028460978 ], [ -77.047679443494744, 38.904548835514007 ], [ -77.047274797125951, 38.904707156678541 ], [ -77.046852237336552, 38.904833723169716 ], [ -77.046415834082865, 38.904927315899783 ], [ -77.045969790721401, 38.904987033374468 ], [ -77.045518403506946, 38.90501230038042 ], [ -77.045066020193715, 38.905002873528694 ], [ -77.044616998139077, 38.904958843600852 ], [ -77.044175662314615, 38.90488063467479 ], [ -77.043746263629473, 38.904769000038939 ], [ -77.043332937968557, 38.904625014934027 ], [ -77.042939666340985, 38.904450066192631 ], [ -77.042570236523119, 38.904245838876427 ], [ -77.042228206566648, 38.904014300040032 ], [ -77.041916870523266, 38.903757679778209 ], [ -77.041639226716811, 38.903478449739289 ], [ -77.041397948868081, 38.903179299312001 ], [ -77.041195360351011, 38.90286310971554 ], [ -77.041033411827442, 38.90253292624282 ], [ -77.040913662475504, 38.902191928924346 ], [ -77.040837264992277, 38.901843401895682 ], [ -77.040804954514016, 38.901490701764061 ] ] ] } },
{ "type": "Feature", "properties": { "stop_id": 21787, "stop_code": 1000976, "stop_name": "Pennsylvania Av NW+13 St NW", "stop_desc": null, "stop_lat": 38.895126, "stop_lon": -77.029066, "zone_id": null, "stop_url": null, "dist_along_m": 4780.3810766215111, "stop_spacing_m": 362.5 }, "geometry": { "type": "Polygon", "coordinates": [ [ [ -77.02445631396472, 38.895206045467148 ], [ -77.024468482495337, 38.894852568176013 ], [ -77.02452492723809, 38.89450172503453 ], [ -77.024625103956041, 38.894156894808049 ], [ -77.024768047289299, 38.893821398306272 ], [ -77.02495238007522, 38.893498466405589 ], [ -77.025176326631922, 38.893191208939378 ], [ -77.025437729876643, 38.892902584755312 ], [ -77.025734072113224, 38.892635373228202 ], [ -77.026062499288159, 38.892392147502044 ], [ -77.026419848481126, 38.892175249718761 ], [ -77.026802678365115, 38.891986768471995 ], [ -77.027207302342887, 38.891828518702305 ], [ -77.02762982404073, 38.891702024227513 ], [ -77.028066174818306, 38.891608503075616 ], [ -77.02851215293353, 38.891548855761648 ], [ -77.028963463986443, 38.891523656620727 ], [ -77.029415762252995, 38.891533148280736 ], [ -77.029864692511907, 38.891577239327873 ], [ -77.030305931962502, 38.891655505187032 ], [ -77.030735231830974, 38.891767192209024 ], [ -77.031148458265136, 38.891911224924975 ], [ -77.031541632125013, 38.892086216398404 ], [ -77.031910967286606, 38.892290481575365 ], [ -77.032252907090538, 38.892522053504351 ], [ -77.0325641585856, 38.892778702270164 ], [ -77.032841724237045, 38.893057956459678 ], [ -77.033082930795089, 38.893357126953006 ], [ -77.033285455045061, 38.893673332811687 ], [ -77.033447346191451, 38.894003529014526 ], [ -77.03356704465952, 38.894344535774543 ], [ -77.033643397133147, 38.894693069155153 ], [ -77.033675667683156, 38.895045772690601 ], [ -77.033663544878252, 38.895399249706685 ], [ -77.033607144809267, 38.895750096030525 ], [ -77.033507009996327, 38.896094932774474 ], [ -77.033364104188948, 38.896430438878383 ], [ -77.033179803107714, 38.896753383096843 ], [ -77.032955881216054, 38.897060655123113 ], [ -77.032694494648922, 38.897349295549994 ], [ -77.032398160461511, 38.897616524378485 ], [ -77.032069732398043, 38.897859767799673 ], [ -77.031712373412958, 38.89807668299165 ], [ -77.0313295252096, 38.898265180691759 ], [ -77.030924875089212, 38.898423445327147 ], [ -77.030502320430116, 38.898549952508716 ], [ -77.030065931139362, 38.898643483720164 ], [ -77.029619910439052, 38.898703138059844 ], [ -77.029168554365697, 38.898728340922681 ], [ -77.028716210373432, 38.898718849537744 ], [ -77.028267235440751, 38.898674755308242 ], [ -77.027825954085131, 38.898596482931609 ], [ -77.02739661669078, 38.898484786307492 ], [ -77.026983358551945, 38.898340741273749 ], [ -77.026590160027013, 38.898165735240255 ], [ -77.026220808187858, 38.897961453820486 ], [ -77.025878860334728, 38.897729864590126 ], [ -77.025567609728199, 38.897473198129262 ], [ -77.025290053868858, 38.897193926531067 ], [ -77.025048865630183, 38.896894739584397 ], [ -77.024846367522855, 38.896578518860011 ], [ -77.024684509337717, 38.896248309950415 ], [ -77.024564849382827, 38.895907293130847 ], [ -77.024488539494271, 38.895558752724504 ], [ -77.02445631396472, 38.895206045467148 ] ] ] } },
{ "type": "Feature", "properties": { "stop_id": 21788, "stop_code": 1003033, "stop_name": "Pennsylvania Av NW+7 St NW", "stop_desc": null, "stop_lat": 38.893256, "stop_lon": -77.022261, "zone_id": null, "stop_url": null, "dist_along_m": 2634.8934407372344, "stop_spacing_m": 881.3 }, "geometry": { "type": "Polygon", "coordinates": [ [ [ -77.017651415461984, 38.89333577361927 ], [ -77.017663617864955, 38.892982296040238 ], [ -77.017720095175562, 38.892631455231538 ], [ -77.017820302843276, 38.892286629935988 ], [ -77.017963275210334, 38.891951140915701 ], [ -77.018147634834563, 38.891628218974951 ], [ -77.018371605775812, 38.891320973851123 ], [ -77.018633030716657, 38.891032364273045 ], [ -77.018929391752195, 38.890765169474804 ], [ -77.01925783464803, 38.890521962439294 ], [ -77.019615196332651, 38.890305085128475 ], [ -77.019998035358853, 38.890116625938852 ], [ -77.020402665041502, 38.889958399598626 ], [ -77.020825188952074, 38.889831929700051 ], [ -77.021261538428945, 38.889738434034513 ], [ -77.021707511742662, 38.889678812871708 ], [ -77.022158814539452, 38.889653640294966 ], [ -77.022611101174789, 38.889663158676491 ], [ -77.023060016539318, 38.889707276345206 ], [ -77.023501237975708, 38.889785568469719 ], [ -77.023930516883496, 38.889897281147945 ], [ -77.024343719612233, 38.890041338664048 ], [ -77.02473686725007, 38.890216353842717 ], [ -77.025106173925323, 38.890420641401761 ], [ -77.025448083252826, 38.890652234174148 ], [ -77.025759302574642, 38.890908902043947 ], [ -77.026036834665746, 38.891188173414001 ], [ -77.02627800659937, 38.891487358998951 ], [ -77.026480495494155, 38.891803577714938 ], [ -77.026642350895003, 38.892133784416863 ], [ -77.026762013571343, 38.892474799216551 ], [ -77.026838330551698, 38.89282333809993 ], [ -77.026870566248718, 38.893176044548099 ], [ -77.026858409566785, 38.893529521858746 ], [ -77.026801976923039, 38.893880365856056 ], [ -77.026701811151483, 38.894225197674686 ], [ -77.026558876299831, 38.894560696301838 ], [ -77.026374548368551, 38.894883630564046 ], [ -77.026150602079852, 38.895190890250426 ], [ -77.025889193803806, 38.895479516072534 ], [ -77.025592840804848, 38.895746728172028 ], [ -77.025264397008542, 38.895989952901118 ], [ -77.02490702552106, 38.896206847617904 ], [ -77.024524168166266, 38.896395323256975 ], [ -77.024119512333669, 38.896553564457996 ], [ -77.023696955456714, 38.896680047057608 ], [ -77.023260567463893, 38.896773552776338 ], [ -77.022814551564863, 38.896833180958154 ], [ -77.022363203749862, 38.896858357249982 ], [ -77.021910871393473, 38.896848839136851 ], [ -77.021461911362067, 38.896804718279533 ], [ -77.02102064802952, 38.896726419631953 ], [ -77.020591331606354, 38.896614697346862 ], [ -77.020178097184655, 38.896470627509281 ], [ -77.019784924894267, 38.896295597768059 ], [ -77.019415601554229, 38.896091293964979 ], [ -77.019073684190133, 38.895859683891359 ], [ -77.018762465768773, 38.895602998327973 ], [ -77.018484943480544, 38.895323709551953 ], [ -77.018243789875527, 38.89502450751754 ], [ -77.018041327130689, 38.894708273940772 ], [ -77.017879504696225, 38.894378054537825 ], [ -77.017759880535806, 38.894037029684917 ], [ -77.017683606140793, 38.89368848378254 ], [ -77.017651415461984, 38.89333577361927 ] ] ] } },
{ "type": "Feature", "properties": { "stop_id": 21794, "stop_code": 1003691, "stop_name": "10 St NW+Pennsylvania Av NW", "stop_desc": null, "stop_lat": 38.893818, "stop_lon": -77.02609, "zone_id": null, "stop_url": null, "dist_along_m": 4120.1271473271554, "stop_spacing_m": 28.6 }, "geometry": { "type": "Polygon", "coordinates": [ [ [ -77.021480390032167, 38.893897925738365 ], [ -77.021492573398888, 38.893544448295032 ], [ -77.02154903210193, 38.893193606155819 ], [ -77.021649221770005, 38.892848778076385 ], [ -77.021792176918538, 38.892513284845677 ], [ -77.021976520271181, 38.892190357308607 ], [ -77.022200476044389, 38.891883105256454 ], [ -77.022461887066697, 38.891594487484788 ], [ -77.022758235567167, 38.89132728330663 ], [ -77.02308666743204, 38.891084065795219 ], [ -77.023444019695887, 38.890867177013398 ], [ -77.023826851002198, 38.890678705468112 ], [ -77.024231474740048, 38.890520466006528 ], [ -77.024653994538156, 38.890393982347227 ], [ -77.02509034177443, 38.89030047241409 ], [ -77.025536314740933, 38.890240836614147 ], [ -77.02598761908726, 38.890215649171651 ], [ -77.026439909153922, 38.890225152601936 ], [ -77.026888829798565, 38.890269255377831 ], [ -77.027330058313041, 38.890347532811326 ], [ -77.027759346028773, 38.890459231141776 ], [ -77.028172559210574, 38.890603274791467 ], [ -77.028565718846011, 38.890778276718621 ], [ -77.028935038947921, 38.890982551768623 ], [ -77.029276963001962, 38.891214132894895 ], [ -77.029588198208472, 38.891470790093685 ], [ -77.029865747189518, 38.891750051870574 ], [ -77.030106936855759, 38.892049229032644 ], [ -77.030309444155193, 38.892365440577152 ], [ -77.030471318455497, 38.892695641428105 ], [ -77.030591000344145, 38.893036651753739 ], [ -77.030667336664706, 38.8933851875831 ], [ -77.03069959164354, 38.89373789242677 ], [ -77.030687453999377, 38.894091369597916 ], [ -77.030631039965996, 38.894442214922158 ], [ -77.030530892198072, 38.894787049521376 ], [ -77.030387974569919, 38.895122552356092 ], [ -77.030203662916065, 38.895445492212332 ], [ -77.029979731801859, 38.895752758825381 ], [ -77.029718337451143, 38.896041392840097 ], [ -77.029421996994174, 38.896308614319267 ], [ -77.029093564235595, 38.896551849524769 ], [ -77.028736202175182, 38.896768755713794 ], [ -77.028353352545935, 38.896957243710446 ], [ -77.027948702662869, 38.897115498035333 ], [ -77.027526149902087, 38.897241994398705 ], [ -77.027089764152379, 38.897335514388445 ], [ -77.026643748601728, 38.897395157211058 ], [ -77.026192399237033, 38.897420348372435 ], [ -77.025740063447813, 38.897410845214317 ], [ -77.025291098133508, 38.897366739253428 ], [ -77.02484982771891, 38.897288455300135 ], [ -77.024420502482755, 38.897176747365663 ], [ -77.024007257602179, 38.897032691396802 ], [ -77.023614073307755, 38.896857674908759 ], [ -77.023244736534238, 38.8966533836157 ], [ -77.022902804436711, 38.896421785188416 ], [ -77.022591570123907, 38.896165110295541 ], [ -77.022314030939427, 38.89588583111145 ], [ -77.022072859596122, 38.89558663749802 ], [ -77.021870378441875, 38.895270411090209 ], [ -77.021708537104274, 38.894940197535199 ], [ -77.021588893729032, 38.894599177152948 ], [ -77.021512599992619, 38.894250634300896 ], [ -77.021480390032167, 38.893897925738365 ] ] ] } },
{ "type": "Feature", "properties": { "stop_id": 21949, "stop_code": 1001316, "stop_name": "Pennsylvania Av NW+28 St NW", "stop_desc": null, "stop_lat": 38.90479, "stop_lon": -77.05683, "zone_id": null, "stop_url": null, "dist_along_m": 1799.3373649500766, "stop_spacing_m": 94.4 }, "geometry": { "type": "Polygon", "coordinates": [ [ [ -77.052219768858166, 38.904871158341393 ], [ -77.052231799039831, 38.904517682381886 ], [ -77.05228811201907, 38.904166829842175 ], [ -77.05238816482742, 38.903821979578531 ], [ -77.052530993297722, 38.903486452593917 ], [ -77.052715221372836, 38.903163480058581 ], [ -77.0529390743786, 38.902856172197389 ], [ -77.053200396132411, 38.902567488343507 ], [ -77.053496669722151, 38.902300208446462 ], [ -77.053825041754649, 38.902056906308637 ], [ -77.054182349839976, 38.901839924807781 ], [ -77.054565153046326, 38.90165135334356 ], [ -77.054969765032922, 38.901493007725158 ], [ -77.055392289541132, 38.901366412693143 ], [ -77.055828657903277, 38.90127278724362 ], [ -77.056274668207848, 38.901213032895654 ], [ -77.056726025744922, 38.901187725014758 ], [ -77.057178384342976, 38.901197107275678 ], [ -77.057627388200032, 38.901241089317736 ], [ -77.058068713807117, 38.901319247615291 ], [ -77.058498111561235, 38.901430829554677 ], [ -77.058911446668205, 38.90157476067877 ], [ -77.059304738942231, 38.901749655029271 ], [ -77.05967420111962, 38.901953828487443 ], [ -77.060016275318617, 38.902185314985026 ], [ -77.060327667294402, 38.902441885429639 ], [ -77.060605378160062, 38.902721069162482 ], [ -77.060846733267908, 38.903020177742384 ], [ -77.061049407973201, 38.903336330827429 ], [ -77.061211450031834, 38.9036664839049 ], [ -77.061331298415951, 38.904007457603583 ], [ -77.061407798365778, 38.904355968305602 ], [ -77.061440212531792, 38.904708659764019 ], [ -77.06142822809943, 38.905062135421353 ], [ -77.061371959826559, 38.905412991118205 ], [ -77.061271948963608, 38.905757847877005 ], [ -77.061129158065754, 38.906093384445192 ], [ -77.060944961746273, 38.90641636928423 ], [ -77.060721133458983, 38.906723691696399 ], [ -77.060459828436564, 38.907012391789351 ], [ -77.060163562948162, 38.90727968898954 ], [ -77.059835190075603, 38.907523008829585 ], [ -77.059477872241132, 38.907740007751478 ], [ -77.059095050751139, 38.90792859568608 ], [ -77.058690412649128, 38.908086956191234 ], [ -77.058267855197244, 38.908213563954277 ], [ -77.057831448329225, 38.90830719948989 ], [ -77.057385395436327, 38.908366960891392 ], [ -77.056933992865112, 38.908392272522192 ], [ -77.056481588517755, 38.90838289056348 ], [ -77.056032539954316, 38.908338905364253 ], [ -77.055591172401861, 38.908260740571535 ], [ -77.055161737075295, 38.90814914904859 ], [ -77.054748370212678, 38.908005205620803 ], [ -77.054355053220178, 38.907830296719311 ], [ -77.053985574311397, 38.907626107022068 ], [ -77.053643492011076, 38.907394603221356 ], [ -77.053332100875338, 38.907138015074516 ], [ -77.053054399758835, 38.906858813920643 ], [ -77.052813062934604, 38.90655968887036 ], [ -77.052610414344755, 38.90624352089857 ], [ -77.052448405229796, 38.905913355090043 ], [ -77.05232859535154, 38.905572371305297 ], [ -77.052252137990052, 38.905223853549728 ], [ -77.052219768858166, 38.904871158341393 ] ] ] } },
{ "type": "Feature", "properties": { "stop_id": 21977, "stop_code": 1001299, "stop_name": "Pennsylvania Av NW+26 St NW", "stop_desc": null, "stop_lat": 38.904218, "stop_lon": -77.054544, "zone_id": null, "stop_url": null, "dist_along_m": 1175.2639001738128, "stop_spacing_m": 31.2 }, "geometry": { "type": "Polygon", "coordinates": [ [ [ -77.049933799242808, 38.904299067083286 ], [ -77.049945840808093, 38.903945591022755 ], [ -77.050002164768401, 38.903594739261834 ], [ -77.050102228049553, 38.903249890649249 ], [ -77.050245066383596, 38.90291436617202 ], [ -77.050429303618458, 38.902591396976241 ], [ -77.050653164991758, 38.902284093254593 ], [ -77.050914494240416, 38.901995414300366 ], [ -77.051210774380181, 38.901728140015884 ], [ -77.05153915195487, 38.901484844149508 ], [ -77.051896464521221, 38.901267869518556 ], [ -77.052279271104368, 38.901079305456584 ], [ -77.052683885331007, 38.90092096770146 ], [ -77.053106410920989, 38.9007943809181 ], [ -77.053542779196263, 38.900700764023156 ], [ -77.053988788246144, 38.900641018453364 ], [ -77.054440143372801, 38.900615719489728 ], [ -77.054892498427932, 38.900625110721123 ], [ -77.055341497643653, 38.900669101700551 ], [ -77.055782817555624, 38.900747268816296 ], [ -77.056212208615705, 38.900858859369812 ], [ -77.056625536094117, 38.901002798821047 ], [ -77.057018819878451, 38.901177701131509 ], [ -77.057388272786753, 38.901381882105831 ], [ -77.057730337026427, 38.901613375603354 ], [ -77.058041718448564, 38.901869952464288 ], [ -77.0583194182678, 38.902149141968046 ], [ -77.058560761942758, 38.902448255617877 ], [ -77.058763424938775, 38.902764413022986 ], [ -77.058925455124481, 38.903094569629076 ], [ -77.059045291586344, 38.903435546030842 ], [ -77.059121779679373, 38.903784058584449 ], [ -77.059154182168228, 38.904136751025028 ], [ -77.05914218635084, 38.904490226785597 ], [ -77.059085907094698, 38.904841081705783 ], [ -77.058985885756073, 38.905185936815442 ], [ -77.058843084991054, 38.905521470877851 ], [ -77.058658879508002, 38.905844452378595 ], [ -77.058435042849027, 38.906151770652102 ], [ -77.058173730327525, 38.906440465845833 ], [ -77.057877458284878, 38.906707757433431 ], [ -77.057549079866106, 38.9069510710016 ], [ -77.057191757546946, 38.907168063052694 ], [ -77.056808932677029, 38.907356643583775 ], [ -77.056404292332417, 38.907514996224016 ], [ -77.055981733796941, 38.907641595736521 ], [ -77.055545327014769, 38.907735222715438 ], [ -77.05509927537635, 38.907794975336529 ], [ -77.054647875216176, 38.907820278047787 ], [ -77.054195474413163, 38.907810887116341 ], [ -77.053746430493277, 38.907766892977655 ], [ -77.053305068638764, 38.907688719364842 ], [ -77.05287564000966, 38.90757711922614 ], [ -77.052462280779466, 38.907433167469947 ], [ -77.052068972280779, 38.90725825060764 ], [ -77.051699502645349, 38.907054053393807 ], [ -77.051357430308542, 38.906822542593147 ], [ -77.051046049730473, 38.906565948030426 ], [ -77.050768359664062, 38.906286741106527 ], [ -77.050527034275873, 38.905987610987594 ], [ -77.05032439739783, 38.905671438697361 ], [ -77.050162400157603, 38.905341269362125 ], [ -77.050042602202652, 38.905000282876365 ], [ -77.049966156698162, 38.904651763271488 ], [ -77.049933799242808, 38.904299067083286 ] ] ] } },
{ "type": "Feature", "properties": { "stop_id": 21979, "stop_code": 1003227, "stop_name": "Pennsylvania Av NW+28 St NW", "stop_desc": null, "stop_lat": 38.904908, "stop_lon": -77.056692, "zone_id": null, "stop_url": null, "dist_along_m": 1793.7295593053029, "stop_spacing_m": 5.6 }, "geometry": { "type": "Polygon", "coordinates": [ [ [ -77.052081760827491, 38.904989153097702 ], [ -77.052093791688634, 38.904635677140028 ], [ -77.052150105418107, 38.904284824652684 ], [ -77.052250159040227, 38.903939974491351 ], [ -77.052392988380021, 38.903604447658054 ], [ -77.05257721737199, 38.903281475321535 ], [ -77.052801071333064, 38.902974167704791 ], [ -77.053062394071517, 38.90268548413863 ], [ -77.053358668665709, 38.90241820456977 ], [ -77.053687041712834, 38.902174902797469 ], [ -77.054044350813129, 38.901957921695924 ], [ -77.054427155025124, 38.901769350660977 ], [ -77.054831767998252, 38.901611005497671 ], [ -77.055254293464458, 38.901484410942196 ], [ -77.055690662746812, 38.901390785986052 ], [ -77.056136673924954, 38.901331032143574 ], [ -77.056588032280544, 38.901305724775398 ], [ -77.057040391634189, 38.901315107551312 ], [ -77.057489396176649, 38.901359090105743 ], [ -77.057930722392342, 38.90143724890806 ], [ -77.05836012067239, 38.901548831339753 ], [ -77.058773456217608, 38.901692762938971 ], [ -77.05916674883791, 38.901867657742834 ], [ -77.059536211266305, 38.902071831628241 ], [ -77.059878285618623, 38.902303318522804 ], [ -77.060189677648566, 38.902559889330334 ], [ -77.06046738846868, 38.902839073388535 ], [ -77.060708743431704, 38.90313818225313 ], [ -77.060911417894303, 38.903454335579418 ], [ -77.06107345961469, 38.903784488852388 ], [ -77.061193307568288, 38.904125462698929 ], [ -77.061269806999448, 38.904473973499734 ], [ -77.061302220563633, 38.904826665006929 ], [ -77.061290235452077, 38.905180140662544 ], [ -77.061233966429171, 38.905530996307199 ], [ -77.061133954752563, 38.905875852963845 ], [ -77.060991162985289, 38.906211389380886 ], [ -77.060806965748981, 38.906534374021227 ], [ -77.060583136506295, 38.906841696189076 ], [ -77.060321830499106, 38.90713039599445 ], [ -77.060025564006054, 38.907397692866532 ], [ -77.059697190118627, 38.907641012341131 ], [ -77.059339871268861, 38.907858010863748 ], [ -77.058957048772911, 38.908046598369062 ], [ -77.058552409683998, 38.908204958419105 ], [ -77.058129851273762, 38.908331565705581 ], [ -77.057693443485192, 38.908425200747736 ], [ -77.05724738971837, 38.908484961643651 ], [ -77.056795986328339, 38.90851027276161 ], [ -77.056343581225136, 38.908500890287741 ], [ -77.055894531976094, 38.908456904575999 ], [ -77.055453163814889, 38.908378739278362 ], [ -77.055023727962293, 38.908267147262947 ], [ -77.054610360661442, 38.908123203359892 ], [ -77.054217043322723, 38.907948294004925 ], [ -77.053847564163064, 38.907744103880319 ], [ -77.053505481709621, 38.907512599682526 ], [ -77.05319409051998, 38.907256011172699 ], [ -77.052916389449337, 38.906976809693418 ], [ -77.052675052770255, 38.906677684358442 ], [ -77.052472404423455, 38.906361516145424 ], [ -77.052310395647083, 38.906031350141461 ], [ -77.052190586199714, 38.90569036620893 ], [ -77.052114129357236, 38.905341848354674 ], [ -77.052081760827491, 38.904989153097702 ] ] ] } },
{ "type": "Feature", "properties": { "stop_id": 27864, "stop_code": 1003733, "stop_name": "15 St NW+New York Av NW", "stop_desc": null, "stop_lat": 38.899051, "stop_lon": -77.033743, "zone_id": null, "stop_url": null, "dist_along_m": 1893.6976357863482, "stop_spacing_m": 158.9 }, "geometry": { "type": "Polygon", "coordinates": [ [ [ -77.029133073572225, 38.899131236858821 ], [ -77.029145218696499, 38.89877775990653 ], [ -77.029201642573966, 38.898426915257588 ], [ -77.029301801168458, 38.898082081691939 ], [ -77.029444729294482, 38.897746580051447 ], [ -77.02962904993565, 38.897423641262044 ], [ -77.02985298752688, 38.897116375223476 ], [ -77.030114385071556, 38.896827740865966 ], [ -77.030410724928288, 38.896560517662294 ], [ -77.030739153066364, 38.896317278868864 ], [ -77.031096506556011, 38.896100366753465 ], [ -77.031479344028824, 38.895911870047655 ], [ -77.031883978814349, 38.895753603840831 ], [ -77.032306514434836, 38.895627092109031 ], [ -77.032742882115841, 38.895533553046398 ], [ -77.033188879952547, 38.895473887340373 ], [ -77.033640213355142, 38.895448669503118 ], [ -77.034092536384449, 38.89545814234252 ], [ -77.034541493580818, 38.895502214625949 ], [ -77.034982761884351, 38.89558046195895 ], [ -77.035412092243476, 38.895692130870692 ], [ -77.035825350512567, 38.895836146066706 ], [ -77.036218557245263, 38.896011120779207 ], [ -77.036587926001118, 38.896215370115662 ], [ -77.036929899797386, 38.896446927277118 ], [ -77.03724118535564, 38.896703562490671 ], [ -77.037518784813201, 38.896982804473666 ], [ -77.037760024594789, 38.897281964223886 ], [ -77.037962581165829, 38.897598160906355 ], [ -77.038124503419553, 38.897928349588341 ], [ -77.038244231481684, 38.898269350555367 ], [ -77.03832061175099, 38.898617879926704 ], [ -77.038352908030546, 38.898970581275272 ], [ -77.038340808641166, 38.899324057948007 ], [ -77.038284429448026, 38.89967490577542 ], [ -77.038184312770099, 38.900019745855438 ], [ -77.038041422182047, 38.900355257095796 ], [ -77.037857133257688, 38.900678208201661 ], [ -77.037633220343267, 38.900985488800039 ], [ -77.037371839487051, 38.901274139401103 ], [ -77.037075507689124, 38.901541379907876 ], [ -77.036747078670501, 38.901784636398993 ], [ -77.036389715394776, 38.902001565926582 ], [ -77.036006859606459, 38.902190079089905 ], [ -77.035602198679825, 38.902348360167139 ], [ -77.035179630097247, 38.902474884610783 ], [ -77.034743223899866, 38.902568433738153 ], [ -77.034297183472631, 38.902628106475056 ], [ -77.033845805042134, 38.90265332803915 ], [ -77.033393436277933, 38.90264385547929 ], [ -77.032944434397223, 38.902599780017411 ], [ -77.03250312417714, 38.902521526170062 ], [ -77.032073756280042, 38.90240984765844 ], [ -77.031660466294113, 38.902265820145928 ], [ -77.031267234884623, 38.902090830873647 ], [ -77.030897849440322, 38.901886565293644 ], [ -77.030555867585235, 38.90165499082908 ], [ -77.030244582907542, 38.90139833791784 ], [ -77.029966993236044, 38.901119078522662 ], [ -77.029725771769975, 38.900819902314922 ], [ -77.02952324134003, 38.900503690762044 ], [ -77.029361352048397, 38.900173489368235 ], [ -77.02924166250267, 38.89983247833645 ], [ -77.029165324823865, 38.899483941934221 ], [ -77.029133073572225, 38.899131236858821 ] ] ] } }
]
}
