{
"type": "FeatureCollection",
"name": "vision_zero_clipped",
"crs": { "type": "name", "properties": { "name": "urn:ogc:def:crs:OGC:1.3:CRS84" } },
"features": [
{ "type": "Feature", "properties": { "OBJECTID": 1, "GLOBALID": "{7AA2347A-C035-4D5A-9196-07C309B4C7BF}", "REQUESTID": "1", "USERTYPE": "Pedestrian", "REQUESTTYPE": "Blocking the crosswalk", "REQUESTDATE": 1435622160000.0, "STATUS": "Unassigned", "STREETSEGID": 10022.0, "COMMENTS": "Cars for valet at the Capital Grille constantly block the crosswalk" }, "geometry": { "type": "Point", "coordinates": [ -77.020314939909042, 38.892890131189468 ] } },
{ "type": "Feature", "properties": { "OBJECTID": 2, "GLOBALID": "{1AFF4069-5D94-49A1-9D1F-0A089D414F5F}", "REQUESTID": "2", "USERTYPE": "Pedestrian", "REQUESTTYPE": "Other Driving Issue", "REQUESTDATE": 1435622256000.0, "STATUS": "Unassigned", "STREETSEGID": 10022.0, "COMMENTS": "Illegal U-Turns here" }, "geometry": { "type": "Point", "coordinates": [ -77.020876895506461, 38.893045620191081 ] } },
{ "type": "Feature", "properties": { "OBJECTID": 11, "GLOBALID": "{E918281F-AA57-4B60-B43D-CC5C693E9C1B}", "REQUESTID": "11", "USERTYPE": "Pedestrian", "REQUESTTYPE": "Poor visibility", "REQUESTDATE": 1435623553000.0, "STATUS": "Unassigned", "STREETSEGID": 8606.0, "COMMENTS": "Post-mounted signs on SW corner (facing eastbound traffic) almost completely block approaching motorists' view of pedestrians entering crosswalk. Extremely dangerous after 7pm, when right on red becomes legal." }, "geometry": { "type": "Point", "coordinates": [ -77.024162842706275, 38.893943397796356 ] } },
{ "type": "Feature", "properties": { "OBJECTID": 15, "GLOBALID": "{C3954859-1E5E-45D5-996C-4C5252514932}", "REQUESTID": "15", "USERTYPE": "Biker", "REQUESTTYPE": "Double parking", "REQUESTDATE": 1435623779000.0, "STATUS": "Unassigned", "STREETSEGID": 732.0, "COMMENTS": "Tour busses consistently block eastbound bike lane." }, "geometry": { "type": "Point", "coordinates": [ -77.032851688411426, 38.899101259619918 ] } },
{ "type": "Feature", "properties": { "OBJECTID": 19, "GLOBALID": "{D6ECB052-6812-4909-8B14-44455FB16E38}", "REQUESTID": "19", "USERTYPE": "Biker", "REQUESTTYPE": "Other Driving Issue", "REQUESTDATE": 1435623857000.0, "STATUS": "Unassigned", "STREETSEGID": 1067.0, "COMMENTS": "Illegal U-turns" }, "geometry": { "type": "Point", "coordinates": [ -77.032703597699069, 38.895520233682049 ] } },
{ "type": "Feature", "properties": { "OBJECTID": 41, "GLOBALID": "{1740F180-1968-4AEA-9D2F-2B9733495B2C}", "REQUESTID": "41", "USERTYPE": "Biker", "REQUESTTYPE": "Other Driving Issue", "REQUESTDATE": 1435624294000.0, "STATUS": "Unassigned", "STREETSEGID": 12987.0, "COMMENTS": "Drivers frequently make left turns onto Penn from the right lane, proceeding across marked bike lanes to proceed west on Penn and interfering with drivers making the left from the left lane." }, "geometry": { "type": "Point", "coordinates": [ -77.027055965108232, 38.894990880071632 ] } },
{ "type": "Feature", "properties": { "OBJECTID": 42, "GLOBALID": "{48E955DA-4D6A-44DD-8838-DF6BD6623568}", "REQUESTID": "42", "USERTYPE": "Biker", "REQUESTTYPE": "Other Driving Issue", "REQUESTDATE": 1435624337000.0, "STATUS": "Unassigned", "STREETSEGID": 12987.0, "COMMENTS": "Frequent u-turns across the bike lane in the middle of 11th made by valets from the two restaurants on the corners of 11th & Penn." }, "geometry": { "type": "Point", "coordinates": [ -77.027052906552399, 38.895333456420943 ] } },
{ "type": "Feature", "properties": { "OBJECTID": 81, "GLOBALID": "{EF86A552-C795-40DB-9BD7-3746DC6C2522}", "REQUESTID": "81", "USERTYPE": "Biker", "REQUESTTYPE": "Speeding", "REQUESTDATE": 1435624946000.0, "STATUS": "Unassigned", "STREETSEGID": 8606.0, "COMMENTS": null }, "geometry": { "type": "Point", "coordinates": [ -77.025248977825228, 38.894247401439699 ] } },
{ "type": "Feature", "properties": { "OBJECTID": 85, "GLOBALID": "{C87101DA-4E4F-4433-97F1-8B08FF246FCF}", "REQUESTID": "85", "USERTYPE": "Biker", "REQUESTTYPE": "Speeding", "REQUESTDATE": 1435624972000.0, "STATUS": "Unassigned", "STREETSEGID": 8606.0, "COMMENTS": null }, "geometry": { "type": "Point", "coordinates": [ -77.024808954234217, 38.894124242309523 ] } },
{ "type": "Feature", "properties": { "OBJECTID": 86, "GLOBALID": "{25E6AC02-52E3-4C1F-A3C6-D9C124579041}", "REQUESTID": "86", "USERTYPE": "Biker", "REQUESTTYPE": "Speeding", "REQUESTDATE": 1435624987000.0, "STATUS": "Unassigned", "STREETSEGID": 10736.0, "COMMENTS": null }, "geometry": { "type": "Point", "coordinates": [ -77.027607399221651, 38.894900725006586 ] } },
{ "type": "Feature", "properties": { "OBJECTID": 89, "GLOBALID": "{D07FA282-D2FB-4346-AC74-E99D74847359}", "REQUESTID": "89", "USERTYPE": "Biker", "REQUESTTYPE": "Speeding", "REQUESTDATE": 1435625007000.0, "STATUS": "Unassigned", "STREETSEGID": 8870.0, "COMMENTS": null }, "geometry": { "type": "Point", "coordinates": [ -77.026533977262162, 38.894606243364017 ] } },
{ "type": "Feature", "properties": { "OBJECTID": 96, "GLOBALID": "{4D157AA7-0D50-4CEB-B960-3718CB0942E6}", "REQUESTID": "96", "USERTYPE": "Biker", "REQUESTTYPE": "Blocking the bikebox", "REQUESTDATE": 1435625099000.0, "STATUS": "Unassigned", "STREETSEGID": 11684.0, "COMMENTS": "Drivers frequently enter bike box and crosswalk at this intersection during AM Rush." }, "geometry": { "type": "Point", "coordinates": [ -77.017562665530889, 38.891801208464251 ] } },
{ "type": "Feature", "properties": { "OBJECTID": 118, "GLOBALID": "{4D1CDD0C-7319-434F-80D0-94B31FD7E036}", "REQUESTID": "118", "USERTYPE": "Biker", "REQUESTTYPE": "Double parking", "REQUESTDATE": 1435625559000.0, "STATUS": "Unassigned", "STREETSEGID": 13022.0, "COMMENTS": "Uncontrolled parking area in the median of Pennsylvania Ave between 3rd & Constitution requires drivers to use the bike lanes to approach the parking area. Friends have been struck here. -drs" }, "geometry": { "type": "Point", "coordinates": [ -77.015783653264251, 38.891629187188933 ] } },
{ "type": "Feature", "properties": { "OBJECTID": 122, "GLOBALID": "{20B961FB-7304-44AE-BCC5-775E17675DA6}", "REQUESTID": "122", "USERTYPE": "Biker", "REQUESTTYPE": "Other Driving Issue", "REQUESTDATE": 1435625584000.0, "STATUS": "Unassigned", "STREETSEGID": 1067.0, "COMMENTS": "I was hit by a car here when I was in the cycle track" }, "geometry": { "type": "Point", "coordinates": [ -77.032406507256113, 38.895510471236641 ] } },
{ "type": "Feature", "properties": { "OBJECTID": 124, "GLOBALID": "{28EA7CD7-71D9-49CB-925D-3DB78BF5E4B0}", "REQUESTID": "124", "USERTYPE": "Biker", "REQUESTTYPE": "Other Driving Issue", "REQUESTDATE": 1435625614000.0, "STATUS": "Unassigned", "STREETSEGID": 6461.0, "COMMENTS": "Illegal u-turns" }, "geometry": { "type": "Point", "coordinates": [ -77.030917730120777, 38.895511102695238 ] } },
{ "type": "Feature", "properties": { "OBJECTID": 143, "GLOBALID": "{A25A546D-89DB-45E5-ABAE-EFADE12C13B9}", "REQUESTID": "143", "USERTYPE": "Pedestrian", "REQUESTTYPE": "Jaywalking", "REQUESTDATE": 1435683773000.0, "STATUS": "Unassigned", "STREETSEGID": 1754.0, "COMMENTS": "Second light here should be coordinated with the one on 7th" }, "geometry": { "type": "Point", "coordinates": [ -77.021913169587364, 38.893884723185231 ] } },
{ "type": "Feature", "properties": { "OBJECTID": 148, "GLOBALID": "{52CD40AE-D2AE-4394-9A95-27E834CA9FAB}", "REQUESTID": "148", "USERTYPE": "Biker", "REQUESTTYPE": "Jaywalking", "REQUESTDATE": 1435626032000.0, "STATUS": "Unassigned", "STREETSEGID": 9190.0, "COMMENTS": "Pedestrians often jaywalk to the middle of the street  and stand directly in the middle of the bike lane while the bikes have a green light." }, "geometry": { "type": "Point", "coordinates": [ -77.029635386143497, 38.895454397693605 ] } },
{ "type": "Feature", "properties": { "OBJECTID": 168, "GLOBALID": "{E4F26DC3-1D31-43F5-A1D5-CFFB10F9D9DF}", "REQUESTID": "168", "USERTYPE": "Biker", "REQUESTTYPE": "Other Driving Issue", "REQUESTDATE": 1435626856000.0, "STATUS": "Unassigned", "STREETSEGID": 12645.0, "COMMENTS": "During morning rush hour, cars turning left onto G Street are extremely aggressive and often don't look for cyclists before turning. I've nearly been hit more than once, and on several other occasions, have had to stop because of cars turning." }, "geometry": { "type": "Point", "coordinates": [ -77.039474261390367, 38.898329462831938 ] } },
{ "type": "Feature", "properties": { "OBJECTID": 176, "GLOBALID": "{DEC818B9-BBB8-4F5F-9DBB-624D26789368}", "REQUESTID": "176", "USERTYPE": "Biker", "REQUESTTYPE": "Double parking", "REQUESTDATE": 1435627115000.0, "STATUS": "Unassigned", "STREETSEGID": 732.0, "COMMENTS": "In addition to buses in bike lane, buses double park blocking right most lane." }, "geometry": { "type": "Point", "coordinates": [ -77.03306580814629, 38.899019251035277 ] } },
{ "type": "Feature", "properties": { "OBJECTID": 178, "GLOBALID": "{F8943F78-833F-4ECE-9D91-E0119A372778}", "REQUESTID": "178", "USERTYPE": "Pedestrian", "REQUESTTYPE": "Long distance to cross", "REQUESTDATE": 1435627172000.0, "STATUS": "Unassigned", "STREETSEGID": 8606.0, "COMMENTS": "The walk signals crossing Pennsylvania North-South (in either direction) no longer count down starting on green. This means people start too late, get stranded in the bike lanes in the median, causing havoc with bikers moving legally." }, "geometry": { "type": "Point", "coordinates": [ -77.0243796464555, 38.893996937234682 ] } },
{ "type": "Feature", "properties": { "OBJECTID": 189, "GLOBALID": "{8BE3D3FD-AAED-453F-BF3F-621B46A91423}", "REQUESTID": "189", "USERTYPE": "Biker", "REQUESTTYPE": "Other Driving Issue", "REQUESTDATE": 1435627657000.0, "STATUS": "Unassigned", "STREETSEGID": 1067.0, "COMMENTS": "Illegal U-turn through the bike lane morning of 6/29/15. Please add barriers to keep people on bikes safe. This has gone on too long." }, "geometry": { "type": "Point", "coordinates": [ -77.033184199226511, 38.895513810296173 ] } },
{ "type": "Feature", "properties": { "OBJECTID": 191, "GLOBALID": "{3ADA4B1A-8A5E-4959-8A35-BA026DBBB981}", "REQUESTID": "191", "USERTYPE": "Biker", "REQUESTTYPE": "Other Driving Issue", "REQUESTDATE": 1435627719000.0, "STATUS": "Unassigned", "STREETSEGID": 8606.0, "COMMENTS": "Barriers along cycle track do not go completely to the bollards, leaving enough room for cars to do illegal u-turns through the cycletrack. Please remeasure the distances and correct accordingly." }, "geometry": { "type": "Point", "coordinates": [ -77.02562009946611, 38.894344129073183 ] } },
{ "type": "Feature", "properties": { "OBJECTID": 216, "GLOBALID": "{F456879B-F97C-4CD7-B279-DE940A12416B}", "REQUESTID": "216", "USERTYPE": "Biker", "REQUESTTYPE": "Other Driving Issue", "REQUESTDATE": 1435628844000.0, "STATUS": "Unassigned", "STREETSEGID": 1681.0, "COMMENTS": "Motorists regularly make illegal U-turns here." }, "geometry": { "type": "Point", "coordinates": [ -77.028393546577902, 38.895109754116994 ] } },
{ "type": "Feature", "properties": { "OBJECTID": 234, "GLOBALID": "{68AFC007-E5A1-4119-9CD4-7F2B94FC3C08}", "REQUESTID": "234", "USERTYPE": "Biker", "REQUESTTYPE": "Other Biking Issue", "REQUESTDATE": 1435635969000.0, "STATUS": "Unassigned", "STREETSEGID": 4434.0, "COMMENTS": "Protected bike lane abruptly ends forcing bicyclists into heavy traffic on street or busy sidewalks. Extent the bike lane south." }, "geometry": { "type": "Point", "coordinates": [ -77.033651528517382, 38.896410301926231 ] } },
{ "type": "Feature", "properties": { "OBJECTID": 244, "GLOBALID": "{EE70DB45-EC8D-4D83-B2B3-A59C86215540}", "REQUESTID": "244", "USERTYPE": "Pedestrian", "REQUESTTYPE": "Blocking the crosswalk", "REQUESTDATE": 1435683847000.0, "STATUS": "Unassigned", "STREETSEGID": 1754.0, "COMMENTS": "Cars and buses often block the southern crosswalk at this intersection" }, "geometry": { "type": "Point", "coordinates": [ -77.021913169587364, 38.893884723185231 ] } },
{ "type": "Feature", "properties": { "OBJECTID": 251, "GLOBALID": "{4DF5187F-9C3C-4313-93A4-187AA3BACC6E}", "REQUESTID": "251", "USERTYPE": "Biker", "REQUESTTYPE": "Other Driving Issue", "REQUESTDATE": 1435686222000.0, "STATUS": "Unassigned", "STREETSEGID": 759.0, "COMMENTS": "Illegal U-turn through the bike lane morning of 6/30/15. Please add barriers to keep people on bikes safe." }, "geometry": { "type": "Point", "coordinates": [ -77.033647729171619, 38.895486847169124 ] } },
{ "type": "Feature", "properties": { "OBJECTID": 302, "GLOBALID": "{A3A7DD44-D7F4-438B-81D4-07CEEE5B7255}", "REQUESTID": "302", "USERTYPE": "Biker", "REQUESTTYPE": "Other Driving Issue", "REQUESTDATE": 1435691340000.0, "STATUS": "Unassigned", "STREETSEGID": 1345.0, "COMMENTS": "Illegal u-turn by DOJ box truck in front of cyclists on the cycletrack." }, "geometry": { "type": "Point", "coordinates": [ -77.017190278670611, 38.892012584992599 ] } },
{ "type": "Feature", "properties": { "OBJECTID": 306, "GLOBALID": "{A3CA7936-AF51-4F27-AAAA-E41A2CC6CC15}", "REQUESTID": "306", "USERTYPE": "Biker", "REQUESTTYPE": "Other Biking Issue", "REQUESTDATE": 1435691111000.0, "STATUS": "Unassigned", "STREETSEGID": 6335.0, "COMMENTS": "For cyclists traveling southeast on Penn Ave across 17th St to the \"pedestrianized plaza\", there are only \"left-turn\" and \"right-turn\" lanes. Not immediately obvious how to legally cross the street here, since cyclists can't ride on the sidewalk here" }, "geometry": { "type": "Point", "coordinates": [ -77.039462644715869, 38.89882126664746 ] } },
{ "type": "Feature", "properties": { "OBJECTID": 344, "GLOBALID": "{F806EA9A-3AD7-4928-A596-0E3EAF477483}", "REQUESTID": "344", "USERTYPE": "Biker", "REQUESTTYPE": "Other Biking Issue", "REQUESTDATE": 1435692419000.0, "STATUS": "Unassigned", "STREETSEGID": 1067.0, "COMMENTS": "Illegal U-Turns are bad on this block." }, "geometry": { "type": "Point", "coordinates": [ -77.032937145891665, 38.895521223841719 ] } },
{ "type": "Feature", "properties": { "OBJECTID": 393, "GLOBALID": "{7D916014-C8A0-41D3-8A5A-049219FE3B71}", "REQUESTID": "393", "USERTYPE": "Biker", "REQUESTTYPE": "Red light running", "REQUESTDATE": 1435702654000.0, "STATUS": "Unassigned", "STREETSEGID": 759.0, "COMMENTS": "Drivers waiting to turn left from Penn onto 15th try to go while cyclists have green light to proceed straight to 15th St cycletrack.  Signal needs to have red left arrow added so that drivers have firm visual cue." }, "geometry": { "type": "Point", "coordinates": [ -77.033650023351754, 38.895494632440858 ] } },
{ "type": "Feature", "properties": { "OBJECTID": 396, "GLOBALID": "{4D3840BE-6BFB-48B2-9B54-A254595F82A1}", "REQUESTID": "396", "USERTYPE": "Car Driver", "REQUESTTYPE": "Red light running", "REQUESTDATE": 1435703569000.0, "STATUS": "Unassigned", "STREETSEGID": 1345.0, "COMMENTS": "There is no reason for through traffic to stop at this light.  There are no pedestrian crosswalks or cross traffic.  Present signal timing requires cars to sit at light while watching entire green phase cycle at the next light to turn onto 1st St." }, "geometry": { "type": "Point", "coordinates": [ -77.016581852188295, 38.891850808702692 ] } },
{ "type": "Feature", "properties": { "OBJECTID": 466, "GLOBALID": "{8D30B463-3BA3-4DB1-86AE-DA56A66EB148}", "REQUESTID": "466", "USERTYPE": "Biker", "REQUESTTYPE": "Other Biking Issue", "REQUESTDATE": 1435714124000.0, "STATUS": "Unassigned", "STREETSEGID": 10325.0, "COMMENTS": "When DDOT retimed the traffic lights on Pennsylvania Ave, it more than doubled my commute time. I get stopped by every. single. light. And I'm a pretty fast cyclist." }, "geometry": { "type": "Point", "coordinates": [ -77.023067130474232, 38.893638217545771 ] } },
{ "type": "Feature", "properties": { "OBJECTID": 506, "GLOBALID": "{04908AD4-871F-4C32-99F0-F81A54A7C9DF}", "REQUESTID": "506", "USERTYPE": "Biker", "REQUESTTYPE": "Double parking", "REQUESTDATE": 1435777506000.0, "STATUS": "Unassigned", "STREETSEGID": 12987.0, "COMMENTS": "Regularly encounter drivers using the bike lane to double park." }, "geometry": { "type": "Point", "coordinates": [ -77.027048804125968, 38.895528520968995 ] } },
{ "type": "Feature", "properties": { "OBJECTID": 524, "GLOBALID": "{C863A7DB-C59D-4684-8BCF-BA5E163A186E}", "REQUESTID": "524", "USERTYPE": "Biker", "REQUESTTYPE": "Other Biking Issue", "REQUESTDATE": 1435781594000.0, "STATUS": "Unassigned", "STREETSEGID": 732.0, "COMMENTS": "Tourist motor coaches regularly block the bike lane." }, "geometry": { "type": "Point", "coordinates": [ -77.032897782452636, 38.899076878126891 ] } },
{ "type": "Feature", "properties": { "OBJECTID": 525, "GLOBALID": "{0E2854ED-8897-49EF-968F-98643CED961A}", "REQUESTID": "525", "USERTYPE": "Biker", "REQUESTTYPE": "Red light running", "REQUESTDATE": 1435781637000.0, "STATUS": "Unassigned", "STREETSEGID": 11282.0, "COMMENTS": "Really bad in the morning by north bound cars." }, "geometry": { "type": "Point", "coordinates": [ -77.041707098820908, 38.899601681252889 ] } },
{ "type": "Feature", "properties": { "OBJECTID": 526, "GLOBALID": "{9EACF5E2-C50B-427E-92D8-28E1B0635207}", "REQUESTID": "526", "USERTYPE": "Pedestrian", "REQUESTTYPE": "Failure to stop for pedestrians", "REQUESTDATE": 1435781711000.0, "STATUS": "Unassigned", "STREETSEGID": 7625.0, "COMMENTS": "The cars going left onto H St often push through huge pedestrian crowds." }, "geometry": { "type": "Point", "coordinates": [ -77.043464789003153, 38.900209808437381 ] } },
{ "type": "Feature", "properties": { "OBJECTID": 554, "GLOBALID": "{21CB12E2-4E05-4EE3-91C8-B955FE884762}", "REQUESTID": "554", "USERTYPE": "Biker", "REQUESTTYPE": "Red light running", "REQUESTDATE": 1435783948000.0, "STATUS": "Unassigned", "STREETSEGID": 6335.0, "COMMENTS": "Cars block the lanes at this intersection northbound in the morning - making it hard for bikes to cross. Bikes then have to go between cars and they are not seen by the cars taking a left onto 17th Street from Pennsylvania." }, "geometry": { "type": "Point", "coordinates": [ -77.039462644715869, 38.89882126664746 ] } },
{ "type": "Feature", "properties": { "OBJECTID": 555, "GLOBALID": "{9797F9A5-0982-4D1F-8B8C-CE90288FE3AB}", "REQUESTID": "555", "USERTYPE": "Pedestrian", "REQUESTTYPE": "Failure to stop for pedestrians", "REQUESTDATE": 1435784006000.0, "STATUS": "Unassigned", "STREETSEGID": 11042.0, "COMMENTS": "Pedestrian crosswalk here." }, "geometry": { "type": "Point", "coordinates": [ -77.043465847926797, 38.899582742306542 ] } },
{ "type": "Feature", "properties": { "OBJECTID": 566, "GLOBALID": "{BEF17B9C-E9F2-4CD4-B9C3-3BBAA0B80D86}", "REQUESTID": "566", "USERTYPE": "Pedestrian", "REQUESTTYPE": "Long wait to cross", "REQUESTDATE": 1435782646000.0, "STATUS": "Unassigned", "STREETSEGID": 10281.0, "COMMENTS": "To get from K Street to Washington Circle, you have to wait at four different lights and you have to zig zag back and forth in an irrational manner." }, "geometry": { "type": "Point", "coordinates": [ -77.049280558602916, 38.902261934581801 ] } },
{ "type": "Feature", "properties": { "OBJECTID": 591, "GLOBALID": "{F36D22B0-BE69-42D3-8DC3-DB80C6D6DA58}", "REQUESTID": "591", "USERTYPE": "Pedestrian", "REQUESTTYPE": "Not enough time to cross", "REQUESTDATE": 1435783588000.0, "STATUS": "Unassigned", "STREETSEGID": 12460.0, "COMMENTS": "Often there are large school groups crossing this intersection and they do not ever get across in time because the light is short." }, "geometry": { "type": "Point", "coordinates": [ -77.033475535471695, 38.898324340917647 ] } },
{ "type": "Feature", "properties": { "OBJECTID": 593, "GLOBALID": "{94B294A5-4790-4F2D-AF01-DD7F937A199F}", "REQUESTID": "593", "USERTYPE": "Pedestrian", "REQUESTTYPE": "Red light running", "REQUESTDATE": 1435784113000.0, "STATUS": "Unassigned", "STREETSEGID": 6253.0, "COMMENTS": "Cars make illegal right on reds here almost ever single cycle. They often don't even bother stopping." }, "geometry": { "type": "Point", "coordinates": [ -77.049664169071875, 38.903044913674506 ] } },
{ "type": "Feature", "properties": { "OBJECTID": 596, "GLOBALID": "{4162D00C-C552-49EF-BC5F-B0D308347FF8}", "REQUESTID": "596", "USERTYPE": "Pedestrian", "REQUESTTYPE": "Red light running", "REQUESTDATE": 1435784711000.0, "STATUS": "Unassigned", "STREETSEGID": 6464.0, "COMMENTS": "Drivers traveling from Washington circle onto 23rd frequently run the red arrow or turn right on a red arrow." }, "geometry": { "type": "Point", "coordinates": [ -77.050122828545625, 38.901917529923736 ] } },
{ "type": "Feature", "properties": { "OBJECTID": 637, "GLOBALID": "{090FF187-CF56-4BA2-AF6C-B729B29EF506}", "REQUESTID": "637", "USERTYPE": "Biker", "REQUESTTYPE": "Other Biking Issue", "REQUESTDATE": 1435786255000.0, "STATUS": "Unassigned", "STREETSEGID": 859.0, "COMMENTS": "When the White House complex is closely for security, it is difficult for people on bikes to access the 15th St cycle track. Adding 2 short cycle tracks on H St NW and 15th St NW would help immensely" }, "geometry": { "type": "Point", "coordinates": [ -77.033644082211325, 38.898789585266236 ] } },
{ "type": "Feature", "properties": { "OBJECTID": 674, "GLOBALID": "{7F75649B-C992-4765-8FA6-D90F04115061}", "REQUESTID": "674", "USERTYPE": "Biker", "REQUESTTYPE": "Other Biking Issue", "REQUESTDATE": 1435786582000.0, "STATUS": "Unassigned", "STREETSEGID": 1216.0, "COMMENTS": "Would be nice to have visual cue about how bicyclists should be traveling to connect between sections of the cycletrack. Currently dangerous for peds and bikes through the plaza area/Lafayette." }, "geometry": { "type": "Point", "coordinates": [ -77.034842564381847, 38.89877096317921 ] } },
{ "type": "Feature", "properties": { "OBJECTID": 681, "GLOBALID": "{752E2F53-8D84-4675-8FF7-E986FEE0CB75}", "REQUESTID": "681", "USERTYPE": "Biker", "REQUESTTYPE": "Other Biking Issue", "REQUESTDATE": 1435786912000.0, "STATUS": "Unassigned", "STREETSEGID": 11321.0, "COMMENTS": "Try turning left from Eastound PA Ave onto the L St bikelane. I have no clue how to do that safely. Drivers speed down PA Ave, and as a biker I have to get to the left lane to get onto L St." }, "geometry": { "type": "Point", "coordinates": [ -77.053801351229637, 38.903810983644476 ] } },
{ "type": "Feature", "properties": { "OBJECTID": 711, "GLOBALID": "{07EE274F-DB91-44AA-8F7C-76A6E3181758}", "REQUESTID": "711", "USERTYPE": "Pedestrian", "REQUESTTYPE": "Red light running", "REQUESTDATE": 1435788921000.0, "STATUS": "Unassigned", "STREETSEGID": 12645.0, "COMMENTS": "Cars often fail to notice the mid-block crosswalk with traffic light and drive straight through red lights." }, "geometry": { "type": "Point", "coordinates": [ -77.039477513715696, 38.897925897828934 ] } },
{ "type": "Feature", "properties": { "OBJECTID": 765, "GLOBALID": "{33C5EEB2-CEBC-4094-8EFB-026C05D4A59C}", "REQUESTID": "765", "USERTYPE": "Pedestrian", "REQUESTTYPE": "Not enough time to cross", "REQUESTDATE": 1435792154000.0, "STATUS": "Unassigned", "STREETSEGID": 7187.0, "COMMENTS": "crossing Pen Ave. on the east side of 22nd st is damgerious.  The penn ave light is too long and the 22nd light too short.  Since the hospital is close there are a number of elderly or handicaped persons that cross here and need more time" }, "geometry": { "type": "Point", "coordinates": [ -77.048653373595343, 38.902028563901204 ] } },
{ "type": "Feature", "properties": { "OBJECTID": 825, "GLOBALID": "{C95C3FC7-0433-473B-97D5-666F9609630B}", "REQUESTID": "825", "USERTYPE": "Biker", "REQUESTTYPE": "Other Biking Issue", "REQUESTDATE": 1435796036000.0, "STATUS": "Unassigned", "STREETSEGID": 759.0, "COMMENTS": "Please move the vendors and tour buses and extend the cycletrack to Constitution Ave.!!!!!" }, "geometry": { "type": "Point", "coordinates": [ -77.033647357112827, 38.895108631827284 ] } },
{ "type": "Feature", "properties": { "OBJECTID": 840, "GLOBALID": "{5B3433EA-7EAD-4225-96D0-185E8B790997}", "REQUESTID": "840", "USERTYPE": "Pedestrian", "REQUESTTYPE": "Failure to stop for pedestrians", "REQUESTDATE": 1435796376000.0, "STATUS": "Unassigned", "STREETSEGID": 11019.0, "COMMENTS": "This intersection is unsafe for pedestrians and bicyclists. Motorists hardly ever adhere to the \"yield to pedestrians\" sign as they come through the light on 21st and Pennsylvania. A yield sign is not sufficient for this intersection." }, "geometry": { "type": "Point", "coordinates": [ -77.0466531218661, 38.900685921771945 ] } },
{ "type": "Feature", "properties": { "OBJECTID": 868, "GLOBALID": "{4002B7FC-C723-4E44-AC5F-AA63EEDFFD6E}", "REQUESTID": "868", "USERTYPE": "Biker", "REQUESTTYPE": "Other Driving Issue", "REQUESTDATE": 1435798949000.0, "STATUS": "Unassigned", "STREETSEGID": 4361.0, "COMMENTS": "Too many traffic lights! Traffic circles, by design, should not have traffic lights in order to maintain traffic flow and control. These lights are poorly timed, often placing road users in danger." }, "geometry": { "type": "Point", "coordinates": [ -77.050768743634535, 38.9025337650178 ] } },
{ "type": "Feature", "properties": { "OBJECTID": 882, "GLOBALID": "{8CCD365F-BE49-4E69-AF44-647C6A313A12}", "REQUESTID": "882", "USERTYPE": "Biker", "REQUESTTYPE": "Other Biking Issue", "REQUESTDATE": 1435799014000.0, "STATUS": "Unassigned", "STREETSEGID": 3273.0, "COMMENTS": "Expansion joints on bridge (both ways) have sharp, deep edges that are a hazard to cyclists: they could cause pinch flats, leading to a loss of control and crash for the cyclist." }, "geometry": { "type": "Point", "coordinates": [ -77.055827297786422, 38.90451916899859 ] } },
{ "type": "Feature", "properties": { "OBJECTID": 893, "GLOBALID": "{BF448B13-2A6E-4FF0-8372-DCD8EA260AE3}", "REQUESTID": "893", "USERTYPE": "Biker", "REQUESTTYPE": "Other Biking Issue", "REQUESTDATE": 1435800834000.0, "STATUS": "Unassigned", "STREETSEGID": 3273.0, "COMMENTS": "Difficult to get onto Pennsylvania Ave from the trail here as a cyclist because of awkward, bottlenecked curb cut that veers left. Trail is also very narrow and shared with peds." }, "geometry": { "type": "Point", "coordinates": [ -77.056618157829448, 38.904796342106678 ] } },
{ "type": "Feature", "properties": { "OBJECTID": 909, "GLOBALID": "{4046875C-26C6-412F-9F1B-7C3A9D28CC9E}", "REQUESTID": "909", "USERTYPE": "Pedestrian", "REQUESTTYPE": "Failure to stop for pedestrians", "REQUESTDATE": 1435811580000.0, "STATUS": "Unassigned", "STREETSEGID": 1716.0, "COMMENTS": "The pedestrian island was removed last year, and this intersection is now unbelievably dangerous for pedestrians." }, "geometry": { "type": "Point", "coordinates": [ -77.050582907789433, 38.90204538723723 ] } },
{ "type": "Feature", "properties": { "OBJECTID": 935, "GLOBALID": "{B076E2A3-AF04-4916-8774-A7E4DFB59BC2}", "REQUESTID": "935", "USERTYPE": "Biker", "REQUESTTYPE": "Other Biking Issue", "REQUESTDATE": 1435850485000.0, "STATUS": "Unassigned", "STREETSEGID": 759.0, "COMMENTS": "Please extend the cycle track all the way to Hains Point. The stretch of road on 15th from where the track ends to Maine is frightening on the bike during rush hour, which is why you see so many cyclists on the sidewalk, even though it is forbidden." }, "geometry": { "type": "Point", "coordinates": [ -77.033645855850622, 38.894812070446356 ] } },
{ "type": "Feature", "properties": { "OBJECTID": 984, "GLOBALID": "{E0EAD1EE-963F-4570-90DE-52193ABA1011}", "REQUESTID": "984", "USERTYPE": "Biker", "REQUESTTYPE": "Jaywalking", "REQUESTDATE": 1435861574000.0, "STATUS": "Unassigned", "STREETSEGID": 10325.0, "COMMENTS": "There is a lot of people crossing in the middle of the block and using the bike lanes as a hang out while waiting for traffic to clear." }, "geometry": { "type": "Point", "coordinates": [ -77.022736790911253, 38.893548557141301 ] } },
{ "type": "Feature", "properties": { "OBJECTID": 1021, "GLOBALID": "{9DD66092-12B2-4243-A80E-B5C041A37FA6}", "REQUESTID": "1021", "USERTYPE": "Biker", "REQUESTTYPE": "Blocking the bikebox", "REQUESTDATE": 1435870437000.0, "STATUS": "Unassigned", "STREETSEGID": 11684.0, "COMMENTS": "Often drivers pull up and through the bike box here both in the left and right hand lane." }, "geometry": { "type": "Point", "coordinates": [ -77.017560552872439, 38.891802089800869 ] } },
{ "type": "Feature", "properties": { "OBJECTID": 1034, "GLOBALID": "{94D74D06-F68C-40E8-B671-0D42036AB77D}", "REQUESTID": "1034", "USERTYPE": "Pedestrian", "REQUESTTYPE": "Red light running", "REQUESTDATE": 1435864663000.0, "STATUS": "Unassigned", "STREETSEGID": 772.0, "COMMENTS": "Buses and other motor vehicles often begin left turn onto 7th street from eastbound Penn. Ave when left turn signal is red, posing hazard to those crossing on northern intersection of 7th & Penn. Ave." }, "geometry": { "type": "Point", "coordinates": [ -77.021921649650693, 38.893279173500353 ] } },
{ "type": "Feature", "properties": { "OBJECTID": 1097, "GLOBALID": "{F6510AB7-6670-4526-948E-5644EE4D610D}", "REQUESTID": "1097", "USERTYPE": "Biker", "REQUESTTYPE": "Other Biking Issue", "REQUESTDATE": 1435885134000.0, "STATUS": "Unassigned", "STREETSEGID": 759.0, "COMMENTS": "The 15th street cycletrack should be extended at least as far as the Mall, likely much further.\n\nAlso, the kind folks who own the Ellipse love to randomly block entrances and exits, blocking one of the routes for people heading to the National Mall." }, "geometry": { "type": "Point", "coordinates": [ -77.033647674720797, 38.895371408549032 ] } },
{ "type": "Feature", "properties": { "OBJECTID": 1098, "GLOBALID": "{2AA24BCA-2241-40D6-A56E-2E6113AE63DD}", "REQUESTID": "1098", "USERTYPE": "Pedestrian", "REQUESTTYPE": "Failure to stop for pedestrians", "REQUESTDATE": 1435885907000.0, "STATUS": "Unassigned", "STREETSEGID": 3030.0, "COMMENTS": "Many cyclists and segway riders fail to stop for the red light and fail to give right of way to pedestrians at the signals along here, especially at G and F streets." }, "geometry": { "type": "Point", "coordinates": [ -77.03364665032862, 38.897913967985197 ] } },
{ "type": "Feature", "properties": { "OBJECTID": 1123, "GLOBALID": "{FD48C22E-F8D9-40DA-9587-89435AD86CE1}", "REQUESTID": "1123", "USERTYPE": "Car Driver", "REQUESTTYPE": "Other Driving Issue", "REQUESTDATE": 1435908629000.0, "STATUS": "Unassigned", "STREETSEGID": 11282.0, "COMMENTS": "Extremely poor road surface, potholes, uneven paving creates great hazards." }, "geometry": { "type": "Point", "coordinates": [ -77.041707441866208, 38.899033006638042 ] } },
{ "type": "Feature", "properties": { "OBJECTID": 1283, "GLOBALID": "{EC4FBAC0-2A5F-44A9-9D37-9EABEC3EF87B}", "REQUESTID": "1283", "USERTYPE": "Biker", "REQUESTTYPE": "Other Biking Issue", "REQUESTDATE": 1436146174000.0, "STATUS": "Unassigned", "STREETSEGID": 6784.0, "COMMENTS": "remove a lane of parking, add a two way cycle track" }, "geometry": { "type": "Point", "coordinates": [ -77.059170011132338, 38.905226407434739 ] } },
{ "type": "Feature", "properties": { "OBJECTID": 1284, "GLOBALID": "{9F875520-095B-4D38-B01C-16A471CFADEE}", "REQUESTID": "1284", "USERTYPE": "Biker", "REQUESTTYPE": "Other Biking Issue", "REQUESTDATE": 1436146196000.0, "STATUS": "Unassigned", "STREETSEGID": 10279.0, "COMMENTS": "remove a lane of parking, add a two way cycle track" }, "geometry": { "type": "Point", "coordinates": [ -77.05246432952967, 38.9033503188598 ] } },
{ "type": "Feature", "properties": { "OBJECTID": 1285, "GLOBALID": "{2AD57941-CDC9-471D-915D-B2837A1F64B9}", "REQUESTID": "1285", "USERTYPE": "Biker", "REQUESTTYPE": "Other Biking Issue", "REQUESTDATE": 1436146219000.0, "STATUS": "Unassigned", "STREETSEGID": 7187.0, "COMMENTS": "remove a lane of parking, add a two way cycle track" }, "geometry": { "type": "Point", "coordinates": [ -77.047133010359488, 38.901493160132063 ] } },
{ "type": "Feature", "properties": { "OBJECTID": 1619, "GLOBALID": "{D04CDAF6-044D-4BF2-9B30-5169B5FCD1AA}", "REQUESTID": "1619", "USERTYPE": "Pedestrian", "REQUESTTYPE": "Red light running", "REQUESTDATE": 1436220830000.0, "STATUS": "Unassigned", "STREETSEGID": 445.0, "COMMENTS": "Drivers traveling westbound on Penn run the red light here all the time. Either they don't care or think the green line for I Street traffic is for them." }, "geometry": { "type": "Point", "coordinates": [ -77.046654741914452, 38.901299787700481 ] } },
{ "type": "Feature", "properties": { "OBJECTID": 1621, "GLOBALID": "{3891F8FB-7D7B-4068-AE0B-A23B32DF4383}", "REQUESTID": "1621", "USERTYPE": "Pedestrian", "REQUESTTYPE": "Red light running", "REQUESTDATE": 1436226194000.0, "STATUS": "Unassigned", "STREETSEGID": 4331.0, "COMMENTS": "City buses and cars constantly run the red light on Pennsylvania Avenue NW crossing 22nd Street NW. The intersection is often fully blocked by buses and cars when the light on Washington Circle is also red." }, "geometry": { "type": "Point", "coordinates": [ -77.048833726818074, 38.902095672985517 ] } },
{ "type": "Feature", "properties": { "OBJECTID": 1636, "GLOBALID": "{14DB7B9D-5AF0-4831-8952-2F82138D2A83}", "REQUESTID": "1636", "USERTYPE": "Pedestrian", "REQUESTTYPE": "Blocking the crosswalk", "REQUESTDATE": 1436221128000.0, "STATUS": "Unassigned", "STREETSEGID": 6335.0, "COMMENTS": "Frequent box blocking by drivers at this intersection." }, "geometry": { "type": "Point", "coordinates": [ -77.039468100094624, 38.898738516683458 ] } },
{ "type": "Feature", "properties": { "OBJECTID": 1718, "GLOBALID": "{54FCDC8A-628F-4056-A855-819F5B396386}", "REQUESTID": "1718", "USERTYPE": "Car Driver", "REQUESTTYPE": "Other Driving Issue", "REQUESTDATE": 1436314121000.0, "STATUS": "Unassigned", "STREETSEGID": 7982.0, "COMMENTS": "Driving lanes curve and then condense down due to street parking.  Drivers often disregard lane markings and swerve into other lanes." }, "geometry": { "type": "Point", "coordinates": [ -77.057794359659525, 38.905250114205998 ] } },
{ "type": "Feature", "properties": { "OBJECTID": 1762, "GLOBALID": "{02A4D7B3-864B-4642-BC13-971759B56EFC}", "REQUESTID": "1762", "USERTYPE": "Biker", "REQUESTTYPE": "Other Driving Issue", "REQUESTDATE": 1436395212000.0, "STATUS": "Unassigned", "STREETSEGID": 10736.0, "COMMENTS": "I was struck by a u-turning driver in the 1100 block of Penn Ave NW in early 2012. It's time to get serious about safe infrastructure and ticketing illegal driving." }, "geometry": { "type": "Point", "coordinates": [ -77.027370618125161, 38.894829506514967 ] } },
{ "type": "Feature", "properties": { "OBJECTID": 1770, "GLOBALID": "{90FAFD38-6761-4D56-8AC3-010270F53B63}", "REQUESTID": "1770", "USERTYPE": "Biker", "REQUESTTYPE": "Poor visibility", "REQUESTDATE": 1436396310000.0, "STATUS": "Unassigned", "STREETSEGID": 3030.0, "COMMENTS": "Near side traffic signals are completely obscured by trees and cannot be seen by cyclists in the cycle track." }, "geometry": { "type": "Point", "coordinates": [ -77.03364604432285, 38.898259334421567 ] } },
{ "type": "Feature", "properties": { "OBJECTID": 1774, "GLOBALID": "{2961DC27-54E4-4D2E-BA06-B405BFA13955}", "REQUESTID": "1774", "USERTYPE": "Biker", "REQUESTTYPE": "Blocking the bikebox", "REQUESTDATE": 1436400079000.0, "STATUS": "Unassigned", "STREETSEGID": 4758.0, "COMMENTS": "Brand new configuration of the Secret Service's entrance could benefit from a painted box for bikes to queue so that we don't block access to the entrance lane; inbound drivers don't turn into us; and pedestrians don't walk where bikes are queuing." }, "geometry": { "type": "Point", "coordinates": [ -77.033792995890153, 38.895484180195218 ] } },
{ "type": "Feature", "properties": { "OBJECTID": 1845, "GLOBALID": "{A0FCC8B6-A38B-4F39-8326-CBA79AFD6DE1}", "REQUESTID": "1845", "USERTYPE": "Biker", "REQUESTTYPE": "Jaywalking", "REQUESTDATE": 1436479178000.0, "STATUS": "Unassigned", "STREETSEGID": 11282.0, "COMMENTS": "Perhaps because the light timing is off, or because Pennsylvania Ave is so overbuilt for the amount of vehicular traffic, jaywalking here is epic and epidemic.  Every cycle during AM and PM rush, dozens of pedestrians cross PA Ave against the light." }, "geometry": { "type": "Point", "coordinates": [ -77.041708907234209, 38.899425612171576 ] } },
{ "type": "Feature", "properties": { "OBJECTID": 1857, "GLOBALID": "{F0ADF590-CAC9-4623-BDF3-2887009D988D}", "REQUESTID": "1857", "USERTYPE": "Biker", "REQUESTTYPE": "Other Biking Issue", "REQUESTDATE": 1436472510000.0, "STATUS": "Unassigned", "STREETSEGID": 1067.0, "COMMENTS": "Constant illegal u-turns.  Very dangerous.  PLEASE install barriers before someone is killed.  This is on you, DC." }, "geometry": { "type": "Point", "coordinates": [ -77.033208135995835, 38.895513758451706 ] } },
{ "type": "Feature", "properties": { "OBJECTID": 1907, "GLOBALID": "{7263A372-6CBB-4381-A9C1-077615CF7752}", "REQUESTID": "1907", "USERTYPE": "Biker", "REQUESTTYPE": "Red light running", "REQUESTDATE": 1436480142000.0, "STATUS": "Unassigned", "STREETSEGID": 4060.0, "COMMENTS": "Car drivers are many times confused by the green light for bicyclists and will proceed to make a left turn across the bicyclists crossing 15th.  Need a more prominent red light for cars." }, "geometry": { "type": "Point", "coordinates": [ -77.033495651590812, 38.896404316527523 ] } },
{ "type": "Feature", "properties": { "OBJECTID": 1917, "GLOBALID": "{32027C08-F15D-4608-905D-C5A8AC7825C2}", "REQUESTID": "1917", "USERTYPE": "Biker", "REQUESTTYPE": "Other Biking Issue", "REQUESTDATE": 1436480486000.0, "STATUS": "Unassigned", "STREETSEGID": 6255.0, "COMMENTS": "There is often horse excrement in the cycle tracks." }, "geometry": { "type": "Point", "coordinates": [ -77.033648936980029, 38.896925667703506 ] } },
{ "type": "Feature", "properties": { "OBJECTID": 1923, "GLOBALID": "{C01CBC20-99E0-4531-AD4F-8144FF0BFD25}", "REQUESTID": "1923", "USERTYPE": "Pedestrian", "REQUESTTYPE": "Red light running", "REQUESTDATE": 1436480619000.0, "STATUS": "Unassigned", "STREETSEGID": 10963.0, "COMMENTS": "Someone runs the red here almost every cycle during evening rush hour. It's absurdly dangerous." }, "geometry": { "type": "Point", "coordinates": [ -77.023977429479444, 38.893884356409643 ] } },
{ "type": "Feature", "properties": { "OBJECTID": 1955, "GLOBALID": "{47856DCB-79C2-4A63-A45C-1A14F324D39C}", "REQUESTID": "1955", "USERTYPE": "Biker", "REQUESTTYPE": "Jaywalking", "REQUESTDATE": 1436483911000.0, "STATUS": "Unassigned", "STREETSEGID": 7217.0, "COMMENTS": "Many pedestrians cross against the light while staring at their phones here." }, "geometry": { "type": "Point", "coordinates": [ -77.04170503376622, 38.89976668184633 ] } },
{ "type": "Feature", "properties": { "OBJECTID": 1969, "GLOBALID": "{37A5537F-5A4A-4FBB-8A79-66DE0B88C413}", "REQUESTID": "1969", "USERTYPE": "Biker", "REQUESTTYPE": "Other Biking Issue", "REQUESTDATE": 1436501564000.0, "STATUS": "Unassigned", "STREETSEGID": 6461.0, "COMMENTS": "The Pennsylvania cycletrack should have stops that prevent U-turns on all of the blocks.  The fact that the ones on the blocks between 15th St. and 13th St., in front of the Wilson building, are \"under study\" is ridiculous." }, "geometry": { "type": "Point", "coordinates": [ -77.031478047071275, 38.895508584742849 ] } },
{ "type": "Feature", "properties": { "OBJECTID": 1993, "GLOBALID": "{17FD6BF2-6743-496A-86FE-1485E8EBCDC9}", "REQUESTID": "1993", "USERTYPE": "Biker", "REQUESTTYPE": "Other Walking Issue", "REQUESTDATE": 1436550534000.0, "STATUS": "Unassigned", "STREETSEGID": 5719.0, "COMMENTS": "test" }, "geometry": { "type": "Point", "coordinates": [ -77.031746328909705, 38.896113733907519 ] } },
{ "type": "Feature", "properties": { "OBJECTID": 1995, "GLOBALID": "{D321551F-7E03-4EF5-805F-A51B22AE5661}", "REQUESTID": "1995", "USERTYPE": "Biker", "REQUESTTYPE": "Speeding", "REQUESTDATE": 1436552534000.0, "STATUS": "Unassigned", "STREETSEGID": 3273.0, "COMMENTS": null }, "geometry": { "type": "Point", "coordinates": [ -77.056308653246759, 38.904680855050771 ] } },
{ "type": "Feature", "properties": { "OBJECTID": 2032, "GLOBALID": "{72787579-0667-415A-BF5F-DAF87C9B2655}", "REQUESTID": "2032", "USERTYPE": "Pedestrian", "REQUESTTYPE": "Not enough time to cross", "REQUESTDATE": 1436570853000.0, "STATUS": "Unassigned", "STREETSEGID": 380.0, "COMMENTS": "The lights for pedestrians are timed badly at Washington Circle - not enough time to cross." }, "geometry": { "type": "Point", "coordinates": [ -77.050166022207776, 38.903125350165517 ] } },
{ "type": "Feature", "properties": { "OBJECTID": 2033, "GLOBALID": "{6966451D-F876-470A-A6FF-AB97310E2D48}", "REQUESTID": "2033", "USERTYPE": "Pedestrian", "REQUESTTYPE": "Not enough time to cross", "REQUESTDATE": 1436570876000.0, "STATUS": "Unassigned", "STREETSEGID": 839.0, "COMMENTS": "Not enough time to cross" }, "geometry": { "type": "Point", "coordinates": [ -77.050332657427774, 38.902021642092834 ] } },
{ "type": "Feature", "properties": { "OBJECTID": 2042, "GLOBALID": "{55691954-17C2-48A3-92FE-1DAEAC6D5CB0}", "REQUESTID": "2042", "USERTYPE": "Pedestrian", "REQUESTTYPE": "Other Driving Issue", "REQUESTDATE": 1436572744000.0, "STATUS": "Unassigned", "STREETSEGID": 1716.0, "COMMENTS": "Lights timed badly. Drivers coming around circle and turning right on 23rd are blocking New Hampshire Avenue.  When NH light changes to green - they cannot go.   The drivers wanting to go right on 23rd have the red light." }, "geometry": { "type": "Point", "coordinates": [ -77.050546959040773, 38.902088614991207 ] } },
{ "type": "Feature", "properties": { "OBJECTID": 2066, "GLOBALID": "{06A8E194-7CE4-4D68-B19E-B49B1110F1CE}", "REQUESTID": "2066", "USERTYPE": "Pedestrian", "REQUESTTYPE": "Long wait to cross", "REQUESTDATE": 1436749407000.0, "STATUS": "Unassigned", "STREETSEGID": 1681.0, "COMMENTS": null }, "geometry": { "type": "Point", "coordinates": [ -77.02948147934913, 38.895412072086373 ] } },
{ "type": "Feature", "properties": { "OBJECTID": 2085, "GLOBALID": "{4DF02BBD-24A6-49E8-9E03-012303CCCFFC}", "REQUESTID": "2085", "USERTYPE": "Biker", "REQUESTTYPE": "Speeding", "REQUESTDATE": 1436751067000.0, "STATUS": "Unassigned", "STREETSEGID": 8560.0, "COMMENTS": "Car drivers pick up speed going downhill when traveling north on 22nd." }, "geometry": { "type": "Point", "coordinates": [ -77.048819023836103, 38.903223308360694 ] } },
{ "type": "Feature", "properties": { "OBJECTID": 2355, "GLOBALID": "{C79A70DD-8428-454C-8B8F-1A84B4A7919A}", "REQUESTID": "2355", "USERTYPE": "Car Driver", "REQUESTTYPE": "Other Driving Issue", "REQUESTDATE": 1436907958000.0, "STATUS": "Unassigned", "STREETSEGID": 9127.0, "COMMENTS": "East bound traffic undergoes a lane shift to the left as they cross the intersection but because of no directional lines in the intersection and a very wide right lane, middle lane traffic veers into the right lane." }, "geometry": { "type": "Point", "coordinates": [ -77.01503094430484, 38.892086955997762 ] } },
{ "type": "Feature", "properties": { "OBJECTID": 2357, "GLOBALID": "{E75AA1CB-419E-43BA-B420-D355C36BAD28}", "REQUESTID": "2357", "USERTYPE": "Car Driver", "REQUESTTYPE": "Other Driving Issue", "REQUESTDATE": 1436908551000.0, "STATUS": "Unassigned", "STREETSEGID": 1297.0, "COMMENTS": "There is zero enforcement of illegally parked cars on 19th street during afternoon rush hour.  Particularly between Penn and I street." }, "geometry": { "type": "Point", "coordinates": [ -77.043464087135305, 38.900857187315744 ] } },
{ "type": "Feature", "properties": { "OBJECTID": 2362, "GLOBALID": "{B5757B79-1785-417B-855C-44733D578848}", "REQUESTID": "2362", "USERTYPE": "Biker", "REQUESTTYPE": "Other Biking Issue", "REQUESTDATE": 1436919590000.0, "STATUS": "Unassigned", "STREETSEGID": 4484.0, "COMMENTS": "Please add a protected bike lane on Penn Ave between the White House and Georgetown" }, "geometry": { "type": "Point", "coordinates": [ -77.045920435190524, 38.901068396257635 ] } },
{ "type": "Feature", "properties": { "OBJECTID": 2363, "GLOBALID": "{021F8A6F-8E19-4853-9699-A0C87ECE3E65}", "REQUESTID": "2363", "USERTYPE": "Biker", "REQUESTTYPE": "Other Biking Issue", "REQUESTDATE": 1436919661000.0, "STATUS": "Unassigned", "STREETSEGID": 12067.0, "COMMENTS": "My partner was hit by a taxicab here. Driver turned Right on Red and struck her. Please add protected bike lanes here." }, "geometry": { "type": "Point", "coordinates": [ -77.041545363889213, 38.899546515824653 ] } },
{ "type": "Feature", "properties": { "OBJECTID": 2370, "GLOBALID": "{482B1C06-123C-40CC-BC46-E251FD8BEB0A}", "REQUESTID": "2370", "USERTYPE": "Car Driver", "REQUESTTYPE": "Other Biking Issue", "REQUESTDATE": 1436907745000.0, "STATUS": "Unassigned", "STREETSEGID": 5399.0, "COMMENTS": "East bound traffic undergoes a lane shift to the left as they cross the intersection but because of no directional lines in the intersection and a very wide right lane, middle lane traffic veers into the right lane." }, "geometry": { "type": "Point", "coordinates": [ -77.015233751357115, 38.892093173424747 ] } },
{ "type": "Feature", "properties": { "OBJECTID": 2374, "GLOBALID": "{5DA23377-E960-4980-AE37-52C9D15B2617}", "REQUESTID": "2374", "USERTYPE": "Car Driver", "REQUESTTYPE": "Other Driving Issue", "REQUESTDATE": 1436909287000.0, "STATUS": "Unassigned", "STREETSEGID": 6087.0, "COMMENTS": "There are constantly delivery trucks blocking traffic here during rush hour" }, "geometry": { "type": "Point", "coordinates": [ -77.044905791132152, 38.900264491855353 ] } },
{ "type": "Feature", "properties": { "OBJECTID": 2669, "GLOBALID": "{A237242C-5E93-4D16-9CBC-44D5FD38ED29}", "REQUESTID": "2669", "USERTYPE": "Biker", "REQUESTTYPE": "Double parking", "REQUESTDATE": 1436995141000.0, "STATUS": "Unassigned", "STREETSEGID": 8497.0, "COMMENTS": "The current construction project on the 2300 Block of L St NW puts large dump trucks in the curb lane, bike lane, and occasionally the travel lane - blocking traffic and safe bicycle passage." }, "geometry": { "type": "Point", "coordinates": [ -77.050951152063917, 38.9037449447314 ] } },
{ "type": "Feature", "properties": { "OBJECTID": 2814, "GLOBALID": "{4E723355-A407-4799-86F5-2BB9DAFD1747}", "REQUESTID": "2814", "USERTYPE": "Biker", "REQUESTTYPE": "Other Biking Issue", "REQUESTDATE": 1437063961000.0, "STATUS": "Unassigned", "STREETSEGID": 8497.0, "COMMENTS": "Construction site does not have a detoured bike lane and trucks usually are blocking the pedestrian detour. Cyclists are forced to use a travel lane" }, "geometry": { "type": "Point", "coordinates": [ -77.050634651685712, 38.90374470308651 ] } },
{ "type": "Feature", "properties": { "OBJECTID": 2885, "GLOBALID": "{B7512E49-2A76-4EF2-A439-31454E228593}", "REQUESTID": "2885", "USERTYPE": "Pedestrian", "REQUESTTYPE": "Long wait to cross", "REQUESTDATE": 1437069604000.0, "STATUS": "Unassigned", "STREETSEGID": 11282.0, "COMMENTS": null }, "geometry": { "type": "Point", "coordinates": [ -77.041707098820908, 38.899601681252889 ] } },
{ "type": "Feature", "properties": { "OBJECTID": 2897, "GLOBALID": "{6A177F3F-ECAD-419F-BB7E-9A415CDAA0CD}", "REQUESTID": "2897", "USERTYPE": "Biker", "REQUESTTYPE": "Red light running", "REQUESTDATE": 1437069627000.0, "STATUS": "Unassigned", "STREETSEGID": 11282.0, "COMMENTS": null }, "geometry": { "type": "Point", "coordinates": [ -77.041707098820908, 38.899601681252889 ] } },
{ "type": "Feature", "properties": { "OBJECTID": 2898, "GLOBALID": "{87311070-3298-412C-9F1A-9E743452C7C9}", "REQUESTID": "2898", "USERTYPE": "Biker", "REQUESTTYPE": "Other Biking Issue", "REQUESTDATE": 1437069741000.0, "STATUS": "Unassigned", "STREETSEGID": 13022.0, "COMMENTS": "It's unclear how to safely enter the cycletrack here." }, "geometry": { "type": "Point", "coordinates": [ -77.015373339578261, 38.891508109917332 ] } },
{ "type": "Feature", "properties": { "OBJECTID": 2910, "GLOBALID": "{4CE4FB0A-6102-4AAA-988D-71542E4193FD}", "REQUESTID": "2910", "USERTYPE": "Pedestrian", "REQUESTTYPE": "Cyclist behavior", "REQUESTDATE": 1437071384000.0, "STATUS": "Unassigned", "STREETSEGID": 12645.0, "COMMENTS": "Cyclists ride on the sidewalk, which is always thronging with large groups of tourists.  Very dangerous for both cyclists and pedestrians as cyclists weave in and out to avoid hitting pedestrians." }, "geometry": { "type": "Point", "coordinates": [ -77.039473686767082, 38.898134762552843 ] } },
{ "type": "Feature", "properties": { "OBJECTID": 2983, "GLOBALID": "{74B690AE-E4A5-4D5C-AA6B-AF494A1F584F}", "REQUESTID": "2983", "USERTYPE": "Biker", "REQUESTTYPE": "Other Driving Issue", "REQUESTDATE": 1437089195000.0, "STATUS": "Unassigned", "STREETSEGID": 7982.0, "COMMENTS": "Cars fail to yield to cyclists who are existing the M St cycle track and merging with car traffic." }, "geometry": { "type": "Point", "coordinates": [ -77.057965290666417, 38.905247545018412 ] } },
{ "type": "Feature", "properties": { "OBJECTID": 2995, "GLOBALID": "{F289ED99-3AC5-409B-9B2F-78FC96A81C45}", "REQUESTID": "2995", "USERTYPE": "Pedestrian", "REQUESTTYPE": "Long wait to cross", "REQUESTDATE": 1437089391000.0, "STATUS": "Unassigned", "STREETSEGID": 9190.0, "COMMENTS": "I'm a pedestrian and a bicyclist. The timing of the lights at this intersection makes it difficult for pedestrians to cross Pennsylvania, which is why they tend to cross halfway and wait in the bike lanes to cross the rest of the way." }, "geometry": { "type": "Point", "coordinates": [ -77.029636124311281, 38.895588569039674 ] } },
{ "type": "Feature", "properties": { "OBJECTID": 3011, "GLOBALID": "{0E591C47-8E6B-4F98-824E-B0DF05DB9480}", "REQUESTID": "3011", "USERTYPE": "Biker", "REQUESTTYPE": "Other Biking Issue", "REQUESTDATE": 1437089733000.0, "STATUS": "Unassigned", "STREETSEGID": 628.0, "COMMENTS": "During rush hour and other times too, it's nearly impossible to ride on the left of Penn Ave and then safely merge left to jump onto the L St bike lane." }, "geometry": { "type": "Point", "coordinates": [ -77.053612934847038, 38.903749846775256 ] } },
{ "type": "Feature", "properties": { "OBJECTID": 3025, "GLOBALID": "{1783DE58-659F-4ACF-B15A-789973E53719}", "REQUESTID": "3025", "USERTYPE": "Pedestrian", "REQUESTTYPE": "Other Walking Issue", "REQUESTDATE": 1437090256000.0, "STATUS": "Unassigned", "STREETSEGID": 10438.0, "COMMENTS": "Sidewalk blocked due to construction at the H. Carl Moultrie Courthouse" }, "geometry": { "type": "Point", "coordinates": [ -77.019204918263355, 38.893603327967391 ] } },
{ "type": "Feature", "properties": { "OBJECTID": 3033, "GLOBALID": "{CB564380-30F0-4D95-920D-C117320ADB24}", "REQUESTID": "3033", "USERTYPE": "Car Driver", "REQUESTTYPE": "Other Driving Issue", "REQUESTDATE": 1437091078000.0, "STATUS": "Unassigned", "STREETSEGID": 10438.0, "COMMENTS": "US Marshals Service/Court Security Officer vehicles illegally parked in no parking area eliminate right turn lane and thus cause traffic to back up unnecessarily" }, "geometry": { "type": "Point", "coordinates": [ -77.019695681829006, 38.893604837121096 ] } },
{ "type": "Feature", "properties": { "OBJECTID": 3107, "GLOBALID": "{8E64663A-4F2B-4065-8E9B-7AD61D2FEE05}", "REQUESTID": "3107", "USERTYPE": "Pedestrian", "REQUESTTYPE": "Speeding", "REQUESTDATE": 1437096540000.0, "STATUS": "Unassigned", "STREETSEGID": 7125.0, "COMMENTS": "These should be true modern roundabouts." }, "geometry": { "type": "Point", "coordinates": [ -77.01252130640033, 38.890780660322328 ] } },
{ "type": "Feature", "properties": { "OBJECTID": 3158, "GLOBALID": "{F6C70C11-81D0-4507-ACB4-F75EB3477997}", "REQUESTID": "3158", "USERTYPE": "Biker", "REQUESTTYPE": "Other Driving Issue", "REQUESTDATE": 1437110958000.0, "STATUS": "Unassigned", "STREETSEGID": 6255.0, "COMMENTS": "Cars stop at the red light passed the line. This forces bikes going from Penn to 15 to make a right turn with diminished visibility." }, "geometry": { "type": "Point", "coordinates": [ -77.033652756524106, 38.896608895516593 ] } },
{ "type": "Feature", "properties": { "OBJECTID": 3200, "GLOBALID": "{A3CFDD61-764C-4F4C-B5A8-875E32919A1A}", "REQUESTID": "3200", "USERTYPE": "Pedestrian", "REQUESTTYPE": "Not enough time to cross", "REQUESTDATE": 1437155142000.0, "STATUS": "Unassigned", "STREETSEGID": 6464.0, "COMMENTS": "Not enough time to cross at this light. Every day I see people with limited mobility (wheelchairs, canes, walkers, or crutches) only make it halfway across the intersection before time runs out. Totally not acceptable." }, "geometry": { "type": "Point", "coordinates": [ -77.050123203470676, 38.901871946567603 ] } },
{ "type": "Feature", "properties": { "OBJECTID": 3232, "GLOBALID": "{F649D428-F9F1-4CCD-B5FE-57E51219048A}", "REQUESTID": "3232", "USERTYPE": "Pedestrian", "REQUESTTYPE": "Failure to stop for pedestrians", "REQUESTDATE": 1437160165000.0, "STATUS": "Unassigned", "STREETSEGID": 859.0, "COMMENTS": "Drivers are very aggressive here turning from NY Ave. on to 15th street. I've had cars nearly run over my feet when there's 20 seconds left for my right to cross. Very dangerous for pedestrians here." }, "geometry": { "type": "Point", "coordinates": [ -77.033645292196638, 38.898602873081892 ] } },
{ "type": "Feature", "properties": { "OBJECTID": 3235, "GLOBALID": "{7F2300F4-AA1E-4B7A-A2D4-05D4C0839A11}", "REQUESTID": "3235", "USERTYPE": "Biker", "REQUESTTYPE": "Other Driving Issue", "REQUESTDATE": 1437158261000.0, "STATUS": "Unassigned", "STREETSEGID": 1067.0, "COMMENTS": "I bike to and from work along Pennsylvania Avenue and two times in recent months I've narrowly avoided a collision with a driver making an illegal U-Turn on this block." }, "geometry": { "type": "Point", "coordinates": [ -77.032170073267565, 38.895508343053997 ] } },
{ "type": "Feature", "properties": { "OBJECTID": 3265, "GLOBALID": "{7EEC3B24-6E8B-4B3C-8D59-68C789ABD38E}", "REQUESTID": "3265", "USERTYPE": "Biker", "REQUESTTYPE": "Cyclist behavior", "REQUESTDATE": 1437164696000.0, "STATUS": "Unassigned", "STREETSEGID": 859.0, "COMMENTS": "Although I'm a biker, I often see cyclists blow thru red lights here and almost hit pedestrians, it could use a more obvious sign to clearly communicate bikers need to yield to pedestrians" }, "geometry": { "type": "Point", "coordinates": [ -77.033645583439707, 38.898521341005008 ] } },
{ "type": "Feature", "properties": { "OBJECTID": 3277, "GLOBALID": "{9BD233E2-D34F-43C3-8BD4-EB0675460A4B}", "REQUESTID": "3277", "USERTYPE": "Pedestrian", "REQUESTTYPE": "Failure to stop for pedestrians", "REQUESTDATE": 1437176825000.0, "STATUS": "Unassigned", "STREETSEGID": 6253.0, "COMMENTS": "The cars here don't stop for the light, don't respect pedestrians. In addition this light is too short." }, "geometry": { "type": "Point", "coordinates": [ -77.0495575199444, 38.903155104140616 ] } },
{ "type": "Feature", "properties": { "OBJECTID": 3288, "GLOBALID": "{63EE475A-7C15-4646-84DC-B017DA350CD3}", "REQUESTID": "3288", "USERTYPE": "Pedestrian", "REQUESTTYPE": "Failure to stop for pedestrians", "REQUESTDATE": 1437176911000.0, "STATUS": "Unassigned", "STREETSEGID": 380.0, "COMMENTS": "Cars turning east on L Street from 23rd will run you over if you;re crossing L Street." }, "geometry": { "type": "Point", "coordinates": [ -77.050115136296967, 38.903744851430559 ] } },
{ "type": "Feature", "properties": { "OBJECTID": 3343, "GLOBALID": "{084B1FC7-6B8E-4999-B0DC-173BBA8FA647}", "REQUESTID": "3343", "USERTYPE": "Pedestrian", "REQUESTTYPE": "Other Walking Issue", "REQUESTDATE": 1437198668000.0, "STATUS": "Unassigned", "STREETSEGID": 1716.0, "COMMENTS": "Length of lights, driver aggression make getting from one side of Washington Circle to the other long and dangerous." }, "geometry": { "type": "Point", "coordinates": [ -77.050534458924346, 38.902103646340748 ] } },
{ "type": "Feature", "properties": { "OBJECTID": 3352, "GLOBALID": "{7D57AF80-0C65-4A70-AB18-A815B9B98E7A}", "REQUESTID": "3352", "USERTYPE": "Biker", "REQUESTTYPE": "Other Biking Issue", "REQUESTDATE": 1437198446000.0, "STATUS": "Unassigned", "STREETSEGID": 759.0, "COMMENTS": "I have frequently encountered hostility from drivers trying to turn east onto Pennsylvania Ave from 15th St." }, "geometry": { "type": "Point", "coordinates": [ -77.033647617609788, 38.895250329787778 ] } },
{ "type": "Feature", "properties": { "OBJECTID": 3353, "GLOBALID": "{7076CA44-6F12-401E-9AF8-4460529BB7CD}", "REQUESTID": "3353", "USERTYPE": "Pedestrian", "REQUESTTYPE": "Failure to stop for pedestrians", "REQUESTDATE": 1437198525000.0, "STATUS": "Unassigned", "STREETSEGID": 1067.0, "COMMENTS": "Drivers fail to yield to pedestrians in this crosswalk, particularly during the mornign commute." }, "geometry": { "type": "Point", "coordinates": [ -77.033419314000696, 38.895512365886582 ] } },
{ "type": "Feature", "properties": { "OBJECTID": 3442, "GLOBALID": "{18D0BA08-9A59-4599-9EBD-4C129838608C}", "REQUESTID": "3442", "USERTYPE": "Car Driver", "REQUESTTYPE": "Other Driving Issue", "REQUESTDATE": 1437365818000.0, "STATUS": "Unassigned", "STREETSEGID": 511.0, "COMMENTS": "There are three lanes northbound at this intersection. Only leftmost lane is supposed to turn left onto Pennsylvania, but cars in middle lane often make the left turn, too.\nNeed better placement of signs so visible to drivers while waiting at light." }, "geometry": { "type": "Point", "coordinates": [ -77.054751034452153, 38.903744308494232 ] } },
{ "type": "Feature", "properties": { "OBJECTID": 3485, "GLOBALID": "{3E0F49D4-6A2A-4292-9E5A-3C462DA97E58}", "REQUESTID": "3485", "USERTYPE": "Biker", "REQUESTTYPE": "Blocking the bikebox", "REQUESTDATE": 1437433442000.0, "STATUS": "Unassigned", "STREETSEGID": 6425.0, "COMMENTS": "Cars turning left cut the turn too sharply and drive over the bike lane." }, "geometry": { "type": "Point", "coordinates": [ -77.030771535565691, 38.89551175927361 ] } },
{ "type": "Feature", "properties": { "OBJECTID": 3490, "GLOBALID": "{994B6242-D953-4986-8C8F-9E045D8F121D}", "REQUESTID": "3490", "USERTYPE": "Biker", "REQUESTTYPE": "Speeding", "REQUESTDATE": 1437430536000.0, "STATUS": "Unassigned", "STREETSEGID": 10736.0, "COMMENTS": "This is the worst stretch of Pennsylvania for cars speeding. This is the section that they get to maximum speed." }, "geometry": { "type": "Point", "coordinates": [ -77.027817684786172, 38.894950444552343 ] } },
{ "type": "Feature", "properties": { "OBJECTID": 3563, "GLOBALID": "{313C0A0F-BFBF-4DA4-832B-8C59EB6F197A}", "REQUESTID": "3563", "USERTYPE": "Biker", "REQUESTTYPE": "Other Biking Issue", "REQUESTDATE": 1437501710000.0, "STATUS": "Unassigned", "STREETSEGID": 10207.0, "COMMENTS": "No safe way to get to the PA Ave bike lanes from Constitution.  Cars get 2 lanes to turn right, so a bicyclists would have to merge 2 lanes to the left, which of course is suicidal given how people drive down this road." }, "geometry": { "type": "Point", "coordinates": [ -77.016075923272794, 38.891951400270834 ] } },
{ "type": "Feature", "properties": { "OBJECTID": 3654, "GLOBALID": "{572DE365-0BE6-4FA2-AB4E-B89655928ADA}", "REQUESTID": "3654", "USERTYPE": "Car Driver", "REQUESTTYPE": "Accessibility Issue", "REQUESTDATE": 1437676075000.0, "STATUS": "Unassigned", "STREETSEGID": 4361.0, "COMMENTS": "A man in a motorized wheelchair was driving westward in the eastbound road lane here because the sidewalks are so bad." }, "geometry": { "type": "Point", "coordinates": [ -77.051995102391118, 38.902531886091012 ] } },
{ "type": "Feature", "properties": { "OBJECTID": 3667, "GLOBALID": "{EDC69FB6-92A1-4D74-929C-8021AFB14886}", "REQUESTID": "3667", "USERTYPE": "Biker", "REQUESTTYPE": "Other Biking Issue", "REQUESTDATE": 1437622834000.0, "STATUS": "Unassigned", "STREETSEGID": 2438.0, "COMMENTS": "Entire M Street is full of bikers in the mornings and evenings. Its very dangerous because of lack of a cycletrack" }, "geometry": { "type": "Point", "coordinates": [ -77.058707050093972, 38.905232418050147 ] } },
{ "type": "Feature", "properties": { "OBJECTID": 3670, "GLOBALID": "{D4828920-56A6-489B-A4C9-5AA8643D14AF}", "REQUESTID": "3670", "USERTYPE": "Pedestrian", "REQUESTTYPE": "Accessibility Issue", "REQUESTDATE": 1437675976000.0, "STATUS": "Unassigned", "STREETSEGID": 4361.0, "COMMENTS": "The brick sidewalk on both the north and south side of the road is too narrow for a wheelchair around the treeboxes.  Further, the roots have pushed up the bricks, making it further unusable with a wheelchair." }, "geometry": { "type": "Point", "coordinates": [ -77.051780527128528, 38.902531566110561 ] } },
{ "type": "Feature", "properties": { "OBJECTID": 3674, "GLOBALID": "{961BB792-AE2F-4B67-8E6D-CBD2D4067339}", "REQUESTID": "3674", "USERTYPE": "Car Driver", "REQUESTTYPE": "Other Driving Issue", "REQUESTDATE": 1437763037000.0, "STATUS": "Unassigned", "STREETSEGID": 11502.0, "COMMENTS": "Drivers often pull up in left turn lane, then try to merge to continue straight through the intersection" }, "geometry": { "type": "Point", "coordinates": [ -77.051417641892741, 38.902844401971628 ] } },
{ "type": "Feature", "properties": { "OBJECTID": 3687, "GLOBALID": "{6FC9E8A7-459C-418E-AA78-EE33B7A8EC88}", "REQUESTID": "3687", "USERTYPE": "Biker", "REQUESTTYPE": "Speeding", "REQUESTDATE": 1437672888000.0, "STATUS": "Unassigned", "STREETSEGID": 12067.0, "COMMENTS": "Cars go at VERY excessive speeds in the south east direction from 18th to 17th to make the light at Pennsylvania and 17th. Someone is going to flip a car or hit a pedestrian here." }, "geometry": { "type": "Point", "coordinates": [ -77.040631961914272, 38.899230860688959 ] } },
{ "type": "Feature", "properties": { "OBJECTID": 3708, "GLOBALID": "{3D8EF2C9-A62A-41AD-939B-B207ADD94FC6}", "REQUESTID": "3708", "USERTYPE": "Biker", "REQUESTTYPE": "Other Driving Issue", "REQUESTDATE": 1437767723000.0, "STATUS": "Unassigned", "STREETSEGID": 6377.0, "COMMENTS": "Cars frequently parked at/ by the Newseum during rush hour no standing/ parking times." }, "geometry": { "type": "Point", "coordinates": [ -77.019927080606152, 38.893217745101168 ] } },
{ "type": "Feature", "properties": { "OBJECTID": 3796, "GLOBALID": "{055A6976-D741-41E3-A35B-929E57431F48}", "REQUESTID": "3796", "USERTYPE": "Biker", "REQUESTTYPE": "Other Driving Issue", "REQUESTDATE": 1438024813000.0, "STATUS": "Unassigned", "STREETSEGID": 6461.0, "COMMENTS": "Illegal U turns here are terribly hazardous." }, "geometry": { "type": "Point", "coordinates": [ -77.031231446153555, 38.895509693205625 ] } },
{ "type": "Feature", "properties": { "OBJECTID": 3893, "GLOBALID": "{AD82CB94-4F4E-475E-9869-A94821167AD5}", "REQUESTID": "3893", "USERTYPE": "Biker", "REQUESTTYPE": "Other Biking Issue", "REQUESTDATE": 1438034235000.0, "STATUS": "Unassigned", "STREETSEGID": 3691.0, "COMMENTS": "Need some bike parking here near the coffee shop!" }, "geometry": { "type": "Point", "coordinates": [ -77.039954063533358, 38.898324409971416 ] } },
{ "type": "Feature", "properties": { "OBJECTID": 4084, "GLOBALID": "{C060EF95-752D-4469-B533-C56C4A6FFFEB}", "REQUESTID": "4084", "USERTYPE": "Biker", "REQUESTTYPE": "Speeding", "REQUESTDATE": 1438193680000.0, "STATUS": "Unassigned", "STREETSEGID": 12430.0, "COMMENTS": null }, "geometry": { "type": "Point", "coordinates": [ -77.028112782906788, 38.894469488235288 ] } },
{ "type": "Feature", "properties": { "OBJECTID": 4085, "GLOBALID": "{19D8A8F2-6FDF-405F-8920-C9D171B25130}", "REQUESTID": "4085", "USERTYPE": "Biker", "REQUESTTYPE": "Other Walking Issue", "REQUESTDATE": 1438193756000.0, "STATUS": "Unassigned", "STREETSEGID": 554.0, "COMMENTS": "Pedestrians need pedestrian countdown light at this intersection!" }, "geometry": { "type": "Point", "coordinates": [ -77.029829715454326, 38.895496996545582 ] } },
{ "type": "Feature", "properties": { "OBJECTID": 4101, "GLOBALID": "{E1C0D3CE-330E-4CA1-9044-05583A8C4026}", "REQUESTID": "4101", "USERTYPE": "Biker", "REQUESTTYPE": "Other Walking Issue", "REQUESTDATE": 1438193648000.0, "STATUS": "Unassigned", "STREETSEGID": 7654.0, "COMMENTS": "The Pedestrian Lights here do not have a countdown function. This undoubtedly adds to the frequent jaywalking here." }, "geometry": { "type": "Point", "coordinates": [ -77.028099681210676, 38.895181193079019 ] } },
{ "type": "Feature", "properties": { "OBJECTID": 4102, "GLOBALID": "{933647C5-D890-496C-9396-EB458EFB2E9C}", "REQUESTID": "4102", "USERTYPE": "Biker", "REQUESTTYPE": "Jaywalking", "REQUESTDATE": 1438193669000.0, "STATUS": "Unassigned", "STREETSEGID": 12430.0, "COMMENTS": "Frequent jaywalking across Pennsylvania." }, "geometry": { "type": "Point", "coordinates": [ -77.028100515049914, 38.894854482766569 ] } },
{ "type": "Feature", "properties": { "OBJECTID": 4118, "GLOBALID": "{33CD4E9E-B7B3-4992-9EFF-10675FFD1EC5}", "REQUESTID": "4118", "USERTYPE": "Biker", "REQUESTTYPE": "Red light running", "REQUESTDATE": 1438193712000.0, "STATUS": "Unassigned", "STREETSEGID": 12430.0, "COMMENTS": "Frequently in the morning rush" }, "geometry": { "type": "Point", "coordinates": [ -77.028098325693662, 38.895026360268339 ] } },
{ "type": "Feature", "properties": { "OBJECTID": 4257, "GLOBALID": "{0A294AF4-4699-4D7C-A330-772A341919A0}", "REQUESTID": "4257", "USERTYPE": "Pedestrian", "REQUESTTYPE": "Red light running", "REQUESTDATE": 1438362724000.0, "STATUS": "Unassigned", "STREETSEGID": 6464.0, "COMMENTS": "Vehicles Turn Right on Red" }, "geometry": { "type": "Point", "coordinates": [ -77.050122196671936, 38.901994481394759 ] } },
{ "type": "Feature", "properties": { "OBJECTID": 4288, "GLOBALID": "{997D0056-97D0-4ABF-B778-20A46D4D7986}", "REQUESTID": "4288", "USERTYPE": "Pedestrian", "REQUESTTYPE": "Not enough time to cross", "REQUESTDATE": 1438415348000.0, "STATUS": "Unassigned", "STREETSEGID": 3624.0, "COMMENTS": "The traffic lights at 19th & Pennsylvania are synced so that the crosswalk across 19th and across H St are timed together - except that the H street crosswalk doesn't allow enough time to cross." }, "geometry": { "type": "Point", "coordinates": [ -77.043140533241527, 38.900238279746937 ] } },
{ "type": "Feature", "properties": { "OBJECTID": 4299, "GLOBALID": "{14F10E97-9C35-41CF-8839-A0985A621C75}", "REQUESTID": "4299", "USERTYPE": "Pedestrian", "REQUESTTYPE": "Other Walking Issue", "REQUESTDATE": 1438403741000.0, "STATUS": "Unassigned", "STREETSEGID": 4842.0, "COMMENTS": "There is no pedestrian light to cross Madison Drive" }, "geometry": { "type": "Point", "coordinates": [ -77.015201625770757, 38.890616215013196 ] } },
{ "type": "Feature", "properties": { "OBJECTID": 4301, "GLOBALID": "{DBB6B329-A171-4E2E-9BE8-44F07E1EA32F}", "REQUESTID": "4301", "USERTYPE": "Pedestrian", "REQUESTTYPE": "Blocking the crosswalk", "REQUESTDATE": 1438415176000.0, "STATUS": "Unassigned", "STREETSEGID": 9179.0, "COMMENTS": "During the morning rush hour, cars perpetually block the intersection and crosswalk" }, "geometry": { "type": "Point", "coordinates": [ -77.039457721585933, 38.898945095465692 ] } },
{ "type": "Feature", "properties": { "OBJECTID": 4302, "GLOBALID": "{6345964A-5CE9-4219-BA88-379AED44873E}", "REQUESTID": "4302", "USERTYPE": "Pedestrian", "REQUESTTYPE": "Blocking the crosswalk", "REQUESTDATE": 1438415264000.0, "STATUS": "Unassigned", "STREETSEGID": 7217.0, "COMMENTS": "During the morning rush hour, cars block the intersection and the crosswalk, and aggressively speed up to clear the intersection even when the light has changed and pedestrians have the right-of-way to cross 18th st." }, "geometry": { "type": "Point", "coordinates": [ -77.041705034326611, 38.899767640335796 ] } },
{ "type": "Feature", "properties": { "OBJECTID": 4303, "GLOBALID": "{1EF63A03-E8BF-4135-BBBA-1D9D97F12CB6}", "REQUESTID": "4303", "USERTYPE": "Car Driver", "REQUESTTYPE": "Jaywalking", "REQUESTDATE": 1438415401000.0, "STATUS": "Unassigned", "STREETSEGID": 12067.0, "COMMENTS": "World Bank employees disregard the crosswalk signs and begin to enter the intersection with only a few seconds to spare" }, "geometry": { "type": "Point", "coordinates": [ -77.039615433538017, 38.898875402037632 ] } },
{ "type": "Feature", "properties": { "OBJECTID": 4551, "GLOBALID": "{119F6138-FFC2-48A8-B5B2-B5F302364C25}", "REQUESTID": "4551", "USERTYPE": "Pedestrian", "REQUESTTYPE": "Red light running", "REQUESTDATE": 1438468330000.0, "STATUS": "Unassigned", "STREETSEGID": 380.0, "COMMENTS": "Drivers facing the circle still see a \"Yield\" sign that predates the new traffic lights.  The sign should be removed - I believe the intention is to have cars enter the circle on green light only." }, "geometry": { "type": "Point", "coordinates": [ -77.050126040821908, 38.903215795912544 ] } },
{ "type": "Feature", "properties": { "OBJECTID": 4632, "GLOBALID": "{D6912688-EB54-4A70-979E-555DA3E026B3}", "REQUESTID": "4632", "USERTYPE": "Biker", "REQUESTTYPE": "Other Biking Issue", "REQUESTDATE": 1438647678000.0, "STATUS": "Unassigned", "STREETSEGID": 1955.0, "COMMENTS": "The random and unannounced closures of the plaza by the SS causes some very unpleasant detours for bike commuters. A cycletrack on the north side could be left open, and help reduce ped/bike conflict in general." }, "geometry": { "type": "Point", "coordinates": [ -77.036608437116257, 38.898755734086549 ] } },
{ "type": "Feature", "properties": { "OBJECTID": 4634, "GLOBALID": "{07E4EE4D-DBF8-4054-8E5B-CBDC08047047}", "REQUESTID": "4634", "USERTYPE": "Pedestrian", "REQUESTTYPE": "Not enough time to cross", "REQUESTDATE": 1438650487000.0, "STATUS": "Unassigned", "STREETSEGID": 9190.0, "COMMENTS": null }, "geometry": { "type": "Point", "coordinates": [ -77.029635731566771, 38.895517251692205 ] } },
{ "type": "Feature", "properties": { "OBJECTID": 4868, "GLOBALID": "{532A5679-DD30-4347-8EA7-D6F2BC930755}", "REQUESTID": "4868", "USERTYPE": "Pedestrian", "REQUESTTYPE": "Red light running", "REQUESTDATE": 1438653577000.0, "STATUS": "Unassigned", "STREETSEGID": 11684.0, "COMMENTS": "Many cyclists seem oblivious to traffic signal on Pennsylvania Ave. and blow through crosswalks when pedestrians are meant to have the right away. The addition of traffic signals with a bike icon may help them to comprehend the law." }, "geometry": { "type": "Point", "coordinates": [ -77.017566946035458, 38.892117163903869 ] } },
{ "type": "Feature", "properties": { "OBJECTID": 4903, "GLOBALID": "{D22F2B9E-FDA6-48FE-9957-CD5F28BD334F}", "REQUESTID": "4903", "USERTYPE": "Pedestrian", "REQUESTTYPE": "Other Walking Issue", "REQUESTDATE": 1438679132000.0, "STATUS": "Unassigned", "STREETSEGID": 6050.0, "COMMENTS": "Crosswalk missing.  There should be a crosswalk directly in front of the awning at 2000 Pennsylvania Avenue to make a true  north cross\ning to the the sidewalk on west bound Pennsylvania.  Pedestrians jaywalk here every day be crosswalk wrong place." }, "geometry": { "type": "Point", "coordinates": [ -77.045527439019068, 38.900702006215909 ] } },
{ "type": "Feature", "properties": { "OBJECTID": 4956, "GLOBALID": "{EA2F5377-968F-4172-A14A-A9BAA41BEFBA}", "REQUESTID": "4956", "USERTYPE": "Pedestrian", "REQUESTTYPE": "Long distance to cross", "REQUESTDATE": 1438715290000.0, "STATUS": "Unassigned", "STREETSEGID": 10279.0, "COMMENTS": "There is no pedestrian refuge in the middle of this crosswalk, which cuts across 6 lanes of traffic. Oftentimes pedestrians/jaywalkers get stuck in the middle with no protection from multi-directional traffic flows." }, "geometry": { "type": "Point", "coordinates": [ -77.053071893930976, 38.903562432644684 ] } },
{ "type": "Feature", "properties": { "OBJECTID": 4957, "GLOBALID": "{A77C1212-91C8-478A-87B9-1EC8AABA9636}", "REQUESTID": "4957", "USERTYPE": "Pedestrian", "REQUESTTYPE": "Long distance to cross", "REQUESTDATE": 1438715314000.0, "STATUS": "Unassigned", "STREETSEGID": 11502.0, "COMMENTS": "There is no pedestrian refuge in the middle of this crosswalk, which cuts across 6 lanes of traffic. Oftentimes pedestrians/jaywalkers get stuck in the middle with no protection from multi-directional traffic flows." }, "geometry": { "type": "Point", "coordinates": [ -77.05141878099424, 38.902985235421241 ] } },
{ "type": "Feature", "properties": { "OBJECTID": 4979, "GLOBALID": "{1772D426-BB86-4809-84D8-3EEB85FF77B4}", "REQUESTID": "4979", "USERTYPE": "Biker", "REQUESTTYPE": "Other Biking Issue", "REQUESTDATE": 1438719413000.0, "STATUS": "Unassigned", "STREETSEGID": 6461.0, "COMMENTS": "Cars regularly U-turn at this spot making it dangerous for bikes obeying the laws in the bike lanes." }, "geometry": { "type": "Point", "coordinates": [ -77.031226050155283, 38.895509717169205 ] } },
{ "type": "Feature", "properties": { "OBJECTID": 5112, "GLOBALID": "{2A052BF3-7C36-41B1-81C1-D82A42B4F449}", "REQUESTID": "5112", "USERTYPE": "Biker", "REQUESTTYPE": "Other Driving Issue", "REQUESTDATE": 1438991729000.0, "STATUS": "Unassigned", "STREETSEGID": 9190.0, "COMMENTS": "Taxi illegal u-turn." }, "geometry": { "type": "Point", "coordinates": [ -77.029635386143497, 38.895454397693605 ] } },
{ "type": "Feature", "properties": { "OBJECTID": 5113, "GLOBALID": "{3898500B-DBC2-488D-9437-0522FA79825A}", "REQUESTID": "5113", "USERTYPE": "Biker", "REQUESTTYPE": "Cyclist behavior", "REQUESTDATE": 1438991807000.0, "STATUS": "Unassigned", "STREETSEGID": 11908.0, "COMMENTS": "Some cyclist do not stop when the light is red." }, "geometry": { "type": "Point", "coordinates": [ -77.018589491528047, 38.892397156119245 ] } },
{ "type": "Feature", "properties": { "OBJECTID": 5114, "GLOBALID": "{7EFCFE8E-A9CC-4673-9C06-D5B9F8FD6A19}", "REQUESTID": "5114", "USERTYPE": "Biker", "REQUESTTYPE": "Cyclist behavior", "REQUESTDATE": 1438991884000.0, "STATUS": "Unassigned", "STREETSEGID": 7790.0, "COMMENTS": "Some cyclist do not stop when the light is red." }, "geometry": { "type": "Point", "coordinates": [ -77.026003786515034, 38.89444937554795 ] } },
{ "type": "Feature", "properties": { "OBJECTID": 5115, "GLOBALID": "{33F5CCEE-D03C-4B15-93EB-2C6089C06E37}", "REQUESTID": "5115", "USERTYPE": "Biker", "REQUESTTYPE": "Cyclist behavior", "REQUESTDATE": 1438992253000.0, "STATUS": "Unassigned", "STREETSEGID": 10207.0, "COMMENTS": "Some cyclist do not stop when the light is red." }, "geometry": { "type": "Point", "coordinates": [ -77.016390039165628, 38.891790605791996 ] } },
{ "type": "Feature", "properties": { "OBJECTID": 5127, "GLOBALID": "{B07D03B8-D98B-4365-8454-A7D9634FCA3B}", "REQUESTID": "5127", "USERTYPE": "Biker", "REQUESTTYPE": "Cyclist behavior", "REQUESTDATE": 1438991829000.0, "STATUS": "Unassigned", "STREETSEGID": 11821.0, "COMMENTS": "Some cyclist do not stop when the light is red." }, "geometry": { "type": "Point", "coordinates": [ -77.019901723031424, 38.89276645522358 ] } },
{ "type": "Feature", "properties": { "OBJECTID": 5128, "GLOBALID": "{9F7F5A3D-8607-475F-BB75-31AE7065F128}", "REQUESTID": "5128", "USERTYPE": "Biker", "REQUESTTYPE": "Cyclist behavior", "REQUESTDATE": 1438991869000.0, "STATUS": "Unassigned", "STREETSEGID": 10963.0, "COMMENTS": "Some cyclist do not stop when the light is red." }, "geometry": { "type": "Point", "coordinates": [ -77.023977273764856, 38.893860060866544 ] } },
{ "type": "Feature", "properties": { "OBJECTID": 5129, "GLOBALID": "{7B22F04C-5C09-4846-B1BB-18ADC0DC4B18}", "REQUESTID": "5129", "USERTYPE": "Biker", "REQUESTTYPE": "Cyclist behavior", "REQUESTDATE": 1438992096000.0, "STATUS": "Unassigned", "STREETSEGID": 12781.0, "COMMENTS": "Some cyclist do not stop when the light is red." }, "geometry": { "type": "Point", "coordinates": [ -77.03195742777703, 38.895519967268378 ] } },
{ "type": "Feature", "properties": { "OBJECTID": 5130, "GLOBALID": "{FAE92B75-C047-456F-9A54-BFA0C12C6AE0}", "REQUESTID": "5130", "USERTYPE": "Biker", "REQUESTTYPE": "Failure to stop for pedestrians", "REQUESTDATE": 1438992339000.0, "STATUS": "Unassigned", "STREETSEGID": 7125.0, "COMMENTS": "Some cyclist do not yield to pedestrians already on the crosswalk." }, "geometry": { "type": "Point", "coordinates": [ -77.012422013476069, 38.890836040903096 ] } },
{ "type": "Feature", "properties": { "OBJECTID": 5140, "GLOBALID": "{2027DC2D-1B0F-4C6F-8996-489FF9BA644F}", "REQUESTID": "5140", "USERTYPE": "Biker", "REQUESTTYPE": "Cyclist behavior", "REQUESTDATE": 1438991846000.0, "STATUS": "Unassigned", "STREETSEGID": 772.0, "COMMENTS": "Some cyclist do not stop when the light is red." }, "geometry": { "type": "Point", "coordinates": [ -77.021921352519286, 38.893302552081387 ] } },
{ "type": "Feature", "properties": { "OBJECTID": 5141, "GLOBALID": "{03476B02-EFDB-4606-89A1-C3F4716D40A9}", "REQUESTID": "5141", "USERTYPE": "Biker", "REQUESTTYPE": "Cyclist behavior", "REQUESTDATE": 1438991936000.0, "STATUS": "Unassigned", "STREETSEGID": 12987.0, "COMMENTS": "Some cyclist do not stop when the light is red." }, "geometry": { "type": "Point", "coordinates": [ -77.02705568204324, 38.894758196670473 ] } },
{ "type": "Feature", "properties": { "OBJECTID": 5142, "GLOBALID": "{8C1EDCE1-8A47-45CE-9758-ED6ECE6CAE8B}", "REQUESTID": "5142", "USERTYPE": "Biker", "REQUESTTYPE": "Cyclist behavior", "REQUESTDATE": 1438991949000.0, "STATUS": "Unassigned", "STREETSEGID": 12430.0, "COMMENTS": "Some cyclist do not stop when the light is red." }, "geometry": { "type": "Point", "coordinates": [ -77.028098420160759, 38.895017434753903 ] } },
{ "type": "Feature", "properties": { "OBJECTID": 5143, "GLOBALID": "{36B89298-6103-4DD8-81AE-AD14F0634C2E}", "REQUESTID": "5143", "USERTYPE": "Biker", "REQUESTTYPE": "Cyclist behavior", "REQUESTDATE": 1438991978000.0, "STATUS": "Unassigned", "STREETSEGID": 9190.0, "COMMENTS": "Some cyclist do not stop when the light is red." }, "geometry": { "type": "Point", "coordinates": [ -77.029635386143497, 38.895454397693605 ] } },
{ "type": "Feature", "properties": { "OBJECTID": 5144, "GLOBALID": "{7398C969-D198-4580-B44A-C44F3CB74692}", "REQUESTID": "5144", "USERTYPE": "Biker", "REQUESTTYPE": "Cyclist behavior", "REQUESTDATE": 1438992521000.0, "STATUS": "Unassigned", "STREETSEGID": 3275.0, "COMMENTS": "Some cyclist do not stop when the light is red." }, "geometry": { "type": "Point", "coordinates": [ -77.015183558814485, 38.891455415036013 ] } },
{ "type": "Feature", "properties": { "OBJECTID": 5153, "GLOBALID": "{A16E7571-1353-4B23-AB42-D3884DBF6CF7}", "REQUESTID": "5153", "USERTYPE": "Biker", "REQUESTTYPE": "Cyclist behavior", "REQUESTDATE": 1438992074000.0, "STATUS": "Unassigned", "STREETSEGID": 6425.0, "COMMENTS": "Some cyclist do not stop when the light is red, esp. with green LEFT arrow." }, "geometry": { "type": "Point", "coordinates": [ -77.030771535565691, 38.89551175927361 ] } },
{ "type": "Feature", "properties": { "OBJECTID": 5248, "GLOBALID": "{065DF337-4271-44ED-BD35-BE43A90CFADF}", "REQUESTID": "5248", "USERTYPE": "Biker", "REQUESTTYPE": "Other Biking Issue", "REQUESTDATE": 1439243119000.0, "STATUS": "Unassigned", "STREETSEGID": 1362.0, "COMMENTS": "Add cycle track here, when the cycle track in front of the white house is closed, bikers have nowhere to go but delve into the dangerous traffic going up 15th St, have to cross multiple lanes" }, "geometry": { "type": "Point", "coordinates": [ -77.033642246757779, 38.89907270602054 ] } },
{ "type": "Feature", "properties": { "OBJECTID": 5264, "GLOBALID": "{7D642E00-E74B-4CDE-8AD7-06FCE8FF9F00}", "REQUESTID": "5264", "USERTYPE": "Biker", "REQUESTTYPE": "Blocking the crosswalk", "REQUESTDATE": 1439250853000.0, "STATUS": "Unassigned", "STREETSEGID": 5399.0, "COMMENTS": "Cars block the crosswalk preventing pedestrians/cyclist to cross safely or forcing them on Constitution Avenue. Cyclist use this since no safe entry from the Penn Ave bike lane to Constitution. Signs also say to use crosswalk for turns." }, "geometry": { "type": "Point", "coordinates": [ -77.015187816743349, 38.89190982117654 ] } },
{ "type": "Feature", "properties": { "OBJECTID": 5267, "GLOBALID": "{5C16AB7D-823D-45B2-BDC0-125523F52526}", "REQUESTID": "5267", "USERTYPE": "Pedestrian", "REQUESTTYPE": "Blocking the crosswalk", "REQUESTDATE": 1439243485000.0, "STATUS": "Unassigned", "STREETSEGID": 839.0, "COMMENTS": "Cars frequently get backed up from the \"No turn on red\" onto 23rd.  Drivers regularly stop right on the crosswalk, sending people scattering among the cars to get across." }, "geometry": { "type": "Point", "coordinates": [ -77.05037827341458, 38.902034593565645 ] } },
{ "type": "Feature", "properties": { "OBJECTID": 5307, "GLOBALID": "{B494DB9F-A92C-4F89-BF5F-FBD317C25ADB}", "REQUESTID": "5307", "USERTYPE": "Biker", "REQUESTTYPE": "Other Driving Issue", "REQUESTDATE": 1439494955000.0, "STATUS": "Unassigned", "STREETSEGID": 1067.0, "COMMENTS": "Bike lane on 1300 and 1400 blocks of Pennsylvania Ave needs zebra bumpers, like the rest of the Pennsylvania Ave bike lane has.  There's no protection from U-turning vehicles on these blocks." }, "geometry": { "type": "Point", "coordinates": [ -77.032572503483422, 38.895511902438436 ] } },
{ "type": "Feature", "properties": { "OBJECTID": 5495, "GLOBALID": "{A8B195F1-073C-4C62-BD14-213D524227D9}", "REQUESTID": "5495", "USERTYPE": "Biker", "REQUESTTYPE": "Other Biking Issue", "REQUESTDATE": 1439499083000.0, "STATUS": "Unassigned", "STREETSEGID": 1668.0, "COMMENTS": "Bike lane is always closed because of poorly parked vehicles or fbi cones closing off bike lane." }, "geometry": { "type": "Point", "coordinates": [ -77.025994358846091, 38.895421922943036 ] } },
{ "type": "Feature", "properties": { "OBJECTID": 5504, "GLOBALID": "{C283CB1B-1442-4613-91FF-4540DE5FC4C0}", "REQUESTID": "5504", "USERTYPE": "Biker", "REQUESTTYPE": "Other Biking Issue", "REQUESTDATE": 1439501512000.0, "STATUS": "Unassigned", "STREETSEGID": 4361.0, "COMMENTS": "While cycling in the center lane (to go down to water st), a car in the left lane traffic tried to aggressively push me out of my lane to change lanes, rather than slowing down a bit to go behind me. I've biked here many times Ok, but this was bad" }, "geometry": { "type": "Point", "coordinates": [ -77.052882863955801, 38.902535113462193 ] } },
{ "type": "Feature", "properties": { "OBJECTID": 5515, "GLOBALID": "{7C855127-B762-41CB-9A08-20E05109F76B}", "REQUESTID": "5515", "USERTYPE": "Biker", "REQUESTTYPE": "Other Biking Issue", "REQUESTDATE": 1439510899000.0, "STATUS": "Unassigned", "STREETSEGID": 11684.0, "COMMENTS": "Lack of striping and change of road surface between the museums here is very difficult for cyclists, cars do not stay in their (unmarked) lane, and the bumpy surface always makes me feel like I could fall off my bike." }, "geometry": { "type": "Point", "coordinates": [ -77.017560263605077, 38.891371529207049 ] } },
{ "type": "Feature", "properties": { "OBJECTID": 5536, "GLOBALID": "{171C7A7C-A3E9-40F6-9CAC-D758D7742F76}", "REQUESTID": "5536", "USERTYPE": "Biker", "REQUESTTYPE": "Blocking the bikebox", "REQUESTDATE": 1439515256000.0, "STATUS": "Unassigned", "STREETSEGID": 10325.0, "COMMENTS": "Segway tours frequently block the bike lanes here." }, "geometry": { "type": "Point", "coordinates": [ -77.023504862953885, 38.893760114428204 ] } },
{ "type": "Feature", "properties": { "OBJECTID": 5586, "GLOBALID": "{8A8043FF-5794-4B66-BCB5-D8F39BBA8C15}", "REQUESTID": "5586", "USERTYPE": "Car Driver", "REQUESTTYPE": "Red light running", "REQUESTDATE": 1439519407000.0, "STATUS": "Unassigned", "STREETSEGID": 11684.0, "COMMENTS": "In the morning many drivers proceed straight from the left turn only lanes." }, "geometry": { "type": "Point", "coordinates": [ -77.017564327611524, 38.891988084218973 ] } },
{ "type": "Feature", "properties": { "OBJECTID": 5634, "GLOBALID": "{F4A81FB3-BF7E-4562-9BAC-BF1EB7B66AD4}", "REQUESTID": "5634", "USERTYPE": "Car Driver", "REQUESTTYPE": "Jaywalking", "REQUESTDATE": 1439575047000.0, "STATUS": "Unassigned", "STREETSEGID": 8560.0, "COMMENTS": "Pedestrians jaywalk across the K Street Service lane at all times, ignoring thru traffic from the service lane or traffic that may be merging from the main lane into the service lane at the intersection" }, "geometry": { "type": "Point", "coordinates": [ -77.048827876661477, 38.902541123411439 ] } },
{ "type": "Feature", "properties": { "OBJECTID": 5723, "GLOBALID": "{82E9D50A-1C26-4A6E-8B2F-B4C133C03FB8}", "REQUESTID": "5723", "USERTYPE": "Biker", "REQUESTTYPE": "Other Driving Issue", "REQUESTDATE": 1439880755000.0, "STATUS": "Unassigned", "STREETSEGID": 6461.0, "COMMENTS": "Illegal U-turns across the bike lane are really scary when you are riding along on a bike." }, "geometry": { "type": "Point", "coordinates": [ -77.031708749326441, 38.895507546738322 ] } },
{ "type": "Feature", "properties": { "OBJECTID": 5972, "GLOBALID": "{4191B35C-CC76-48BA-AEF9-910DDD8657F0}", "REQUESTID": "5972", "USERTYPE": "Pedestrian", "REQUESTTYPE": "Failure to stop for pedestrians", "REQUESTDATE": 1440454519000.0, "STATUS": "Unassigned", "STREETSEGID": 9787.0, "COMMENTS": "This crosswalk here is ridiculously long, just to cross a 1 lane road.  The curb ought to be extended on both sides.  As is, car drivers like to charge up to the stop line at high speed and dodge pedestrians given the ample room." }, "geometry": { "type": "Point", "coordinates": [ -77.042079246502453, 38.899642689882434 ] } },
{ "type": "Feature", "properties": { "OBJECTID": 5975, "GLOBALID": "{07A527E6-3B0D-4EA8-BC67-4DB6506343F1}", "REQUESTID": "5975", "USERTYPE": "Pedestrian", "REQUESTTYPE": "Other Walking Issue", "REQUESTDATE": 1440540703000.0, "STATUS": "Unassigned", "STREETSEGID": 7625.0, "COMMENTS": "Pedestrian signal to cross 19th St. on the north side of this intersection turns to solid red 20 seconds too early. It turns to red the same time as the left arrow from Penn Ave to H St. even though pedestrians still have 20 seconds to cross 19th St." }, "geometry": { "type": "Point", "coordinates": [ -77.043464789003153, 38.900209808437381 ] } },
{ "type": "Feature", "properties": { "OBJECTID": 5991, "GLOBALID": "{4C303D97-AC9E-4776-97A6-66CE323785B4}", "REQUESTID": "5991", "USERTYPE": "Pedestrian", "REQUESTTYPE": "Other Walking Issue", "REQUESTDATE": 1440541302000.0, "STATUS": "Unassigned", "STREETSEGID": 13071.0, "COMMENTS": "The pedestrian signal to cross 19th St. on the north side of this intersection turns solid red 20 seconds too soon. It turns solid red when the left arrow for traffic from Penn to H St. turns green, but there are still 20 seconds left to cross." }, "geometry": { "type": "Point", "coordinates": [ -77.044901372315721, 38.900909075974774 ] } },
{ "type": "Feature", "properties": { "OBJECTID": 6791, "GLOBALID": "{1FF654C0-48AB-47A8-91C0-37FB7BD6B922}", "REQUESTID": "6791", "USERTYPE": "Biker", "REQUESTTYPE": "Red light running", "REQUESTDATE": 1441652726000.0, "STATUS": "Unassigned", "STREETSEGID": 3030.0, "COMMENTS": "Cars going south on 15th St NW often run the red light way after it's turned red. Either there's something wrong with the light placement or the drivers are tourists who aren't used to lights on the side of the street rather than overhead. Look out!" }, "geometry": { "type": "Point", "coordinates": [ -77.033645933268176, 38.898322058788906 ] } },
{ "type": "Feature", "properties": { "OBJECTID": 7442, "GLOBALID": "{AE811854-F999-4616-8AC8-2A7A245ABDBA}", "REQUESTID": "7442", "USERTYPE": "Pedestrian", "REQUESTTYPE": "Accessibility Issue", "REQUESTDATE": 1442022620000.0, "STATUS": "Unassigned", "STREETSEGID": 6425.0, "COMMENTS": "There is no curbcut to cross" }, "geometry": { "type": "Point", "coordinates": [ -77.030771535565691, 38.89551175927361 ] } },
{ "type": "Feature", "properties": { "OBJECTID": 8101, "GLOBALID": "{026B7735-C2C1-4907-A274-36014DC4E60F}", "REQUESTID": "8101", "USERTYPE": "Biker", "REQUESTTYPE": "Double parking", "REQUESTDATE": 1442518841000.0, "STATUS": "Unassigned", "STREETSEGID": 12067.0, "COMMENTS": "It's a plague" }, "geometry": { "type": "Point", "coordinates": [ -77.041103692010381, 38.899395318973305 ] } },
{ "type": "Feature", "properties": { "OBJECTID": 8738, "GLOBALID": "{5A4A64B5-9D86-4A22-8BDF-5A2EBD76A3D9}", "REQUESTID": "8738", "USERTYPE": "Biker", "REQUESTTYPE": "Other Driving Issue", "REQUESTDATE": 1443113459000.0, "STATUS": "Unassigned", "STREETSEGID": 10325.0, "COMMENTS": "Many park-its have already come detached from road by drivers still doing illegal u-turns, and when a driver does an illegal u-turn over a detached one, it is pushed into the middle of the cycletrack and left as an obstruction" }, "geometry": { "type": "Point", "coordinates": [ -77.022341917490508, 38.89342576186187 ] } },
{ "type": "Feature", "properties": { "OBJECTID": 9745, "GLOBALID": "{03F7F8F7-7435-406C-BB67-83D4C0995D72}", "REQUESTID": "9745", "USERTYPE": "Biker", "REQUESTTYPE": "Not enough time to cross", "REQUESTDATE": 1444832974000.0, "STATUS": "Unassigned", "STREETSEGID": 6338.0, "COMMENTS": null }, "geometry": { "type": "Point", "coordinates": [ -77.031968917288381, 38.896891133062475 ] } },
{ "type": "Feature", "properties": { "OBJECTID": 11969, "GLOBALID": "{D49268FA-EE8D-4F0A-B6A1-A89FFC34033A}", "REQUESTID": "11969", "USERTYPE": "Biker", "REQUESTTYPE": "Other Driving Issue", "REQUESTDATE": 1446839849000.0, "STATUS": "Unassigned", "STREETSEGID": 3273.0, "COMMENTS": "Speeding and buzzing (passing too close--within inches) by silver Mercedes. This road really needs a bike lane." }, "geometry": { "type": "Point", "coordinates": [ -77.056155337334616, 38.904627597585588 ] } },
{ "type": "Feature", "properties": { "OBJECTID": 15457, "GLOBALID": "{84E323DA-BBE3-49DD-931D-102202DFAF6F}", "REQUESTID": "15457", "USERTYPE": "Car Driver", "REQUESTTYPE": "Jaywalking", "REQUESTDATE": 1449950045000.0, "STATUS": "Unassigned", "STREETSEGID": 6377.0, "COMMENTS": null }, "geometry": { "type": "Point", "coordinates": [ -77.019926802316533, 38.893484224478861 ] } },
{ "type": "Feature", "properties": { "OBJECTID": 16019, "GLOBALID": "{27C1760E-09E0-493F-9276-8B75B3D3E9A2}", "REQUESTID": "16019", "USERTYPE": "Car Driver", "REQUESTTYPE": "Double parking", "REQUESTDATE": 1450400964000.0, "STATUS": "Unassigned", "STREETSEGID": 3030.0, "COMMENTS": "Old Ebbitt Grill valet parking can at times occupy all N. bound travel lanes." }, "geometry": { "type": "Point", "coordinates": [ -77.03364646044362, 38.898022190923754 ] } },
{ "type": "Feature", "properties": { "OBJECTID": 16492, "GLOBALID": "{EE43E1AA-4FC5-43E4-AC8A-A2717F89FE0B}", "REQUESTID": "16492", "USERTYPE": "Pedestrian", "REQUESTTYPE": "Red light running", "REQUESTDATE": 1451719491000.0, "STATUS": "Unassigned", "STREETSEGID": 10842.0, "COMMENTS": null }, "geometry": { "type": "Point", "coordinates": [ -77.029632624516495, 38.896534718724077 ] } },
{ "type": "Feature", "properties": { "OBJECTID": 17154, "GLOBALID": "{F0A51793-D073-462F-9284-6785BF330D80}", "REQUESTID": "17154", "USERTYPE": "Pedestrian", "REQUESTTYPE": "Other Walking Issue", "REQUESTDATE": 1452193589000.0, "STATUS": "Unassigned", "STREETSEGID": 9179.0, "COMMENTS": "sidewalk on 17th street next to the Renwick is broken and not level.  I've witnessed multiple trips and falls by pedestrians." }, "geometry": { "type": "Point", "coordinates": [ -77.039454558160912, 38.89923872591477 ] } },
{ "type": "Feature", "properties": { "OBJECTID": 17809, "GLOBALID": "{57655A35-7259-4710-9719-1317496363F7}", "REQUESTID": "17809", "USERTYPE": "Pedestrian", "REQUESTTYPE": "Speeding", "REQUESTDATE": 1452905286000.0, "STATUS": "Unassigned", "STREETSEGID": 9755.0, "COMMENTS": null }, "geometry": { "type": "Point", "coordinates": [ -77.056536583945331, 38.904026101508478 ] } },
{ "type": "Feature", "properties": { "OBJECTID": 18161, "GLOBALID": "{9C1A026B-359C-49C4-AD43-1106F49779C1}", "REQUESTID": "18161", "USERTYPE": "Pedestrian", "REQUESTTYPE": "Red light running", "REQUESTDATE": 1453321903000.0, "STATUS": "Unassigned", "STREETSEGID": 1716.0, "COMMENTS": "Cars frequently drive through the crosswalk even when the light is red and pedestrians are attempting to cross via the crosswalk." }, "geometry": { "type": "Point", "coordinates": [ -77.05053418593107, 38.902103975263941 ] } },
{ "type": "Feature", "properties": { "OBJECTID": 26417, "GLOBALID": "{FD78BC41-D887-45E5-95E4-1C84526AB0E6}", "REQUESTID": "26417", "USERTYPE": "Biker", "REQUESTTYPE": "Double parking", "REQUESTDATE": 1463440243000.0, "STATUS": "Unassigned", "STREETSEGID": 6087.0, "COMMENTS": "Every morning during rush hour, there are delivery trucks blocking a lane on 20th Street. This makes for a dangerous driving and lane changing, and lots of backed up cars. It's hard to get through on a bike." }, "geometry": { "type": "Point", "coordinates": [ -77.044906478453385, 38.900118375073681 ] } },
{ "type": "Feature", "properties": { "OBJECTID": 30979, "GLOBALID": "{D2E609C0-A333-461F-A9DF-24E084064E87}", "REQUESTID": "30979", "USERTYPE": "Biker", "REQUESTTYPE": "Other Biking Issue", "REQUESTDATE": 1471887450000.0, "STATUS": "Unassigned", "STREETSEGID": 9127.0, "COMMENTS": "No good bicycle connection between the Mall and the MBT. Louisiana is pretty harrowing on a bike, but the only way to get from the Mall to the 1st Street cycletrack and MBT." }, "geometry": { "type": "Point", "coordinates": [ -77.014838314961679, 38.892088971479907 ] } },
{ "type": "Feature", "properties": { "OBJECTID": 31953, "GLOBALID": "{455C6612-D4BF-471D-80FD-F3E4D8A48456}", "REQUESTID": "31953", "USERTYPE": "Biker", "REQUESTTYPE": "Jaywalking", "REQUESTDATE": 1473704822000.0, "STATUS": "Unassigned", "STREETSEGID": 1681.0, "COMMENTS": "Peds don't wait for the walk signal and cross Penn Ave although Cars and Bikes have green light to proceed. Peds congregate in center island and block bike lane esp. when we have a green light." }, "geometry": { "type": "Point", "coordinates": [ -77.029441496446481, 38.895401076647552 ] } },
{ "type": "Feature", "properties": { "OBJECTID": 31954, "GLOBALID": "{B47B0DBC-BC35-4163-8BC9-327CF1B38F21}", "REQUESTID": "31954", "USERTYPE": "Biker", "REQUESTTYPE": "Blocking the crosswalk", "REQUESTDATE": 1473704973000.0, "STATUS": "Unassigned", "STREETSEGID": 12430.0, "COMMENTS": "Cars block center island and the bike lane. Some try to drive on the bike lane or make U-turns." }, "geometry": { "type": "Point", "coordinates": [ -77.02809884141449, 38.894977743779847 ] } },
{ "type": "Feature", "properties": { "OBJECTID": 33825, "GLOBALID": "{35FDFEF0-2AF3-4A78-9054-376FD97B3715}", "REQUESTID": "33825", "USERTYPE": "Biker", "REQUESTTYPE": "Blocking the bikebox", "REQUESTDATE": 1477942079000.0, "STATUS": "Unassigned", "STREETSEGID": 13022.0, "COMMENTS": "Cars are parking in the poorly demarcated bike lane." }, "geometry": { "type": "Point", "coordinates": [ -77.016073420027368, 38.891702492948959 ] } },
{ "type": "Feature", "properties": { "OBJECTID": 33841, "GLOBALID": "{F49EAC51-0C1D-4C25-BF38-AE981E688F69}", "REQUESTID": "33841", "USERTYPE": "Biker", "REQUESTTYPE": "Blocking the bikebox", "REQUESTDATE": 1477942130000.0, "STATUS": "Unassigned", "STREETSEGID": 9615.0, "COMMENTS": "Cars are using the bike lane for left-hand turns due to the poorly marked lanes." }, "geometry": { "type": "Point", "coordinates": [ -77.018418500881452, 38.892353983557499 ] } },
{ "type": "Feature", "properties": { "OBJECTID": 34483, "GLOBALID": "{116D9719-F487-4A65-BBAD-A2AA719C2804}", "REQUESTID": "34483", "USERTYPE": "Pedestrian", "REQUESTTYPE": "Other Driving Issue", "REQUESTDATE": 1479117936000.0, "STATUS": "Unassigned", "STREETSEGID": 1955.0, "COMMENTS": "Having Penn Ave NW closed between 15th & 17th destroys the planned east-west traffic flow in the city, creating safety problems on H and I. Open it back up to traffic and revert H and I to how they used to be." }, "geometry": { "type": "Point", "coordinates": [ -77.036268702328556, 38.898757679568931 ] } },
{ "type": "Feature", "properties": { "OBJECTID": 34789, "GLOBALID": "{FCFE1BAE-5CF0-48BD-88E9-7AA7931A4D31}", "REQUESTID": "34789", "USERTYPE": "Biker", "REQUESTTYPE": "Other Biking Issue", "REQUESTDATE": 1480978730000.0, "STATUS": "Unassigned", "STREETSEGID": 772.0, "COMMENTS": "Please add a bike lane to 7th.  Cars often drive aggressively towards cyclists  heading towards the Penn Ave cycle track." }, "geometry": { "type": "Point", "coordinates": [ -77.021924361684782, 38.892970669595691 ] } },
{ "type": "Feature", "properties": { "OBJECTID": 34791, "GLOBALID": "{50A24B35-A879-424B-9573-34182D18E803}", "REQUESTID": "34791", "USERTYPE": "Biker", "REQUESTTYPE": "Other Biking Issue", "REQUESTDATE": 1480979304000.0, "STATUS": "Unassigned", "STREETSEGID": 10325.0, "COMMENTS": "Pedestrians don't have a designated place to wait at intersections on Penn Ave so cyclists  using the cycletrack are often forced too close to the traffic lane to avoid people waiting to cross the intersection." }, "geometry": { "type": "Point", "coordinates": [ -77.022145751645866, 38.893368292480837 ] } },
{ "type": "Feature", "properties": { "OBJECTID": 35457, "GLOBALID": "{02AD95B6-508B-4FD4-A336-0263AED58A2A}", "REQUESTID": "35457", "USERTYPE": "Pedestrian", "REQUESTTYPE": "Jaywalking", "REQUESTDATE": 1484358792000.0, "STATUS": "Unassigned", "STREETSEGID": 5719.0, "COMMENTS": null }, "geometry": { "type": "Point", "coordinates": [ -77.030416062401471, 38.896121452210338 ] } },
{ "type": "Feature", "properties": { "OBJECTID": 36113, "GLOBALID": "{A2E6AFF0-5BE8-4AE7-B58F-49452E38131E}", "REQUESTID": "36113", "USERTYPE": "Pedestrian", "REQUESTTYPE": "Poor visibility", "REQUESTDATE": 1485896666000.0, "STATUS": "Unassigned", "STREETSEGID": 839.0, "COMMENTS": "Dangerous light pattern in circle. Pedestrians crossing from hospital side see red lights, lanes of stopped traffic;  think they can cross; can't see cars in far lanes still traveling around circle at high speed.  Someone may get killed." }, "geometry": { "type": "Point", "coordinates": [ -77.050272819571632, 38.902008262520354 ] } },
{ "type": "Feature", "properties": { "OBJECTID": 36417, "GLOBALID": "{288ECF47-D24C-490A-B5CA-4EE817BBB434}", "REQUESTID": "36417", "USERTYPE": "Pedestrian", "REQUESTTYPE": "Long wait to cross", "REQUESTDATE": 1486617557000.0, "STATUS": "Unassigned", "STREETSEGID": 6425.0, "COMMENTS": null }, "geometry": { "type": "Point", "coordinates": [ -77.03078747210013, 38.894640594471767 ] } },
{ "type": "Feature", "properties": { "OBJECTID": 39681, "GLOBALID": "{42FCBC6D-4872-430A-8C2F-A38AEB5A525B}", "REQUESTID": "39681", "USERTYPE": "Biker", "REQUESTTYPE": "Double parking", "REQUESTDATE": 1494023992000.0, "STATUS": "Unassigned", "STREETSEGID": 732.0, "COMMENTS": "Almost every day." }, "geometry": { "type": "Point", "coordinates": [ -77.033401867939631, 38.898903991618404 ] } },
{ "type": "Feature", "properties": { "OBJECTID": 40017, "GLOBALID": "{DEC48AEB-76AD-48D2-B4FF-2FC978F4E5DC}", "REQUESTID": "40017", "USERTYPE": "Biker", "REQUESTTYPE": "Other Driving Issue", "REQUESTDATE": 1495733516000.0, "STATUS": "Unassigned", "STREETSEGID": 8058.0, "COMMENTS": "Driver of WMATA bus 7207 did not signal pull out and then did not signal as he cut across two lanes of traffic in traffic circle, forcing other vehicles already in lane to take evasive action. Bus failure to signal in this area is common." }, "geometry": { "type": "Point", "coordinates": [ -77.051221223277352, 38.90291625693596 ] } },
{ "type": "Feature", "properties": { "OBJECTID": 46530, "GLOBALID": "{75DD3206-9FD3-48D1-8D76-45CBAA0917AA}", "REQUESTID": "46530", "USERTYPE": "Pedestrian", "REQUESTTYPE": "Stop sign running", "REQUESTDATE": 1527138631000.0, "STATUS": "Unassigned", "STREETSEGID": 11282.0, "COMMENTS": "So no stop sign. Cars just run red lights here. EVERY SINGLE DAY, I see ~5 cars each cycle during the morning, and usually another 1-2 each cycle in the evening. Not just 1 second late, but like 3-4 seconds late. Surprised more people not hit here." }, "geometry": { "type": "Point", "coordinates": [ -77.041707098820908, 38.899601681252889 ] } },
{ "type": "Feature", "properties": { "OBJECTID": 63509, "GLOBALID": "{CDEEA24B-1102-402A-93E5-1F565A14FDE0}", "REQUESTID": "63509", "USERTYPE": "Biker", "REQUESTTYPE": "Other Biking Issue", "REQUESTDATE": 1564731573000.0, "STATUS": "Unassigned", "STREETSEGID": 1216.0, "COMMENTS": "Problem area for cyclists. Cyclists turning all directions and already have to stress over tourists." }, "geometry": { "type": "Point", "coordinates": [ -77.035119743506073, 38.898768529893879 ] } },
{ "type": "Feature", "properties": { "OBJECTID": 64499, "GLOBALID": "{E2C25475-5436-4A1D-9452-B7FB2CE4AD2F}", "REQUESTID": "64499", "USERTYPE": "Pedestrian", "REQUESTTYPE": "Other Driving Issue", "REQUESTDATE": 1568335999000.0, "STATUS": "Unassigned", "STREETSEGID": 1955.0, "COMMENTS": "THE GUY WHO LIVES HERE DRIVES AROUND IN A BIG CARAVAN AND ACTS LIKE HE OWNS THE PLACE, TOTAL JERK." }, "geometry": { "type": "Point", "coordinates": [ -77.037949674060584, 38.898755131297975 ] } }
]
}
