LATITUDE,LONGITUDE,MODE,SEVERITY,YEAR,REPORTDATE,segment_id,FATAL_DRIVER,FATAL_BICYCLIST,FATAL_PEDESTRIAN,MAJORINJURIES_BICYCLIST,MAJORINJURIES_PEDESTRIAN,MAJORINJURIES_DRIVER,WARD,in_impact_zone,Zone
38.90050216009049,-77.04429532938653,vehicle,minor_or_property,2021,2021-02-13 15:25:34,6,0,0,0,0,0,0,Ward 2,True,Impact Zone (17th-22nd St)
38.90228262761568,-77.05141688070657,vehicle,minor_or_property,2020,2020-10-26 21:55:50,5,0,0,0,0,0,0,Ward 2,False,Rest of Corridor
38.89521564674664,-77.02876842362211,vehicle,minor_or_property,2021,2021-01-25 12:42:34,12,0,0,0,0,0,0,Ward 2,False,Rest of Corridor
38.89517844893615,-77.024980292057,vehicle,major_injury,2021,2021-01-29 23:30:33,11,0,0,0,0,0,1,Ward 2,False,Rest of Corridor
38.90441718328847,-77.0570106099773,vehicle,minor_or_property,2020,2020-11-27 21:00:56,5,0,0,0,0,0,0,Ward 2,False,Rest of Corridor
38.90041089614896,-77.04403385782308,vehicle,minor_or_property,2021,2021-06-23 17:02:00,6,0,0,0,0,0,0,Ward 2,True,Impact Zone (17th-22nd St)
38.89388472408713,-77.02191316382402,vehicle,minor_or_property,2020,2020-10-22 19:56:57,9,0,0,0,0,0,0,Ward 6,False,Rest of Corridor
38.89331768759441,-77.0199269713523,vehicle,minor_or_property,2021,2021-02-16 19:21:47,9,0,0,0,0,0,0,Ward 6,False,Rest of Corridor
38.89875100036168,-77.03908799213713,vehicle,minor_or_property,2021,2021-08-01 03:35:00,6,0,0,0,0,0,0,Ward 2,True,Impact Zone (17th-22nd St)
38.90364597274951,-77.05330095237287,vehicle,minor_or_property,2021,2021-08-02 17:34:00,2,0,0,0,0,0,0,Ward 2,False,Rest of Corridor
38.90509210701995,-77.05756214437842,vehicle,minor_or_property,2021,2021-08-05 16:45:00,1,0,0,0,0,0,0,Ward 2,False,Rest of Corridor
38.9020955605044,-77.04883343161055,vehicle,minor_or_property,2021,2021-07-27 03:32:50,2,0,0,0,0,0,0,Ward 2,True,Impact Zone (17th-22nd St)
38.89204744700742,-77.01424072593633,vehicle,minor_or_property,2021,2021-08-01 08:00:08,15,0,0,0,0,0,0,Ward 2,False,Rest of Corridor
38.902257107278125,-77.04665146219787,vehicle,minor_or_property,2021,2021-08-14 17:50:00,3,0,0,0,0,0,0,Ward 2,True,Impact Zone (17th-22nd St)
38.89313315107231,-77.01992717339851,vehicle,minor_or_property,2021,2021-08-15 03:52:00,9,0,0,0,0,0,0,Ward 6,False,Rest of Corridor
38.89931507902948,-77.03364113102288,vehicle,minor_or_property,2021,2021-08-15 06:34:00,5,0,0,0,0,0,0,Ward 2,False,Rest of Corridor
38.90539071806049,-77.05702508464705,vehicle,minor_or_property,2021,2021-08-16 21:54:00,5,0,0,0,0,0,0,Ward 2,False,Rest of Corridor
38.90400972974714,-77.05330183522541,vehicle,minor_or_property,2021,2021-08-20 15:37:00,3,0,0,0,0,0,0,Ward 2,False,Rest of Corridor
38.905347880292254,-77.05916879874157,vehicle,minor_or_property,2021,2021-08-27 02:18:00,1,0,0,0,0,0,0,Ward 2,False,Rest of Corridor
38.899013408927416,-77.04170749035332,vehicle,minor_or_property,2021,2021-08-28 20:00:00,4,0,0,0,0,0,0,Ward 2,True,Impact Zone (17th-22nd St)
38.90297493202976,-77.05138928436196,vehicle,minor_or_property,2021,2021-08-28 18:00:00,2,0,0,0,0,0,0,Ward 2,False,Rest of Corridor
38.90279393779351,-77.05087089509838,vehicle,minor_or_property,2021,2021-08-28 18:05:00,6,0,0,0,0,0,0,Ward 2,False,Rest of Corridor
38.902792858741606,-77.04881832226555,vehicle,minor_or_property,2021,2021-08-31 00:20:00,5,0,0,0,0,0,0,Ward 2,True,Impact Zone (17th-22nd St)
38.90479569882645,-77.05661647178306,vehicle,minor_or_property,2021,2021-09-13 13:00:00,5,0,0,0,0,0,0,Ward 2,False,Rest of Corridor
38.90134338102978,-77.0454849961192,vehicle,minor_or_property,2021,2021-09-14 05:20:00,6,0,0,0,0,0,0,Ward 2,True,Impact Zone (17th-22nd St)
38.90355542625583,-77.05475003979724,vehicle,minor_or_property,2021,2021-08-23 22:00:00,3,0,0,0,0,0,0,Ward 2,False,Rest of Corridor
38.89997443266503,-77.04490779427425,vehicle,minor_or_property,2021,2021-09-16 15:09:00,6,0,0,0,0,0,0,Ward 2,True,Impact Zone (17th-22nd St)
38.9021978678185,-77.05141723463655,vehicle,minor_or_property,2021,2021-09-16 20:40:00,5,0,0,0,0,0,0,Ward 2,False,Rest of Corridor
38.89502751596024,-77.0281024103039,vehicle,minor_or_property,2021,2021-09-16 01:10:00,13,0,0,0,0,0,0,Ward 2,False,Rest of Corridor
38.89350748976384,-77.02262088389196,vehicle,minor_or_property,2021,2021-09-18 17:00:00,7,0,0,0,0,0,0,Ward 2,False,Rest of Corridor
38.8935950501992,-77.0219170171282,vehicle,minor_or_property,2021,2021-09-19 21:10:00,9,0,0,0,0,0,0,Ward 6,False,Rest of Corridor
38.90323700390778,-77.05213978534019,vehicle,minor_or_property,2021,2021-09-24 12:22:00,2,0,0,0,0,0,0,Ward 2,False,Rest of Corridor
38.89551286942371,-77.03279968847234,vehicle,minor_or_property,2021,2021-08-29 01:15:00,15,0,0,0,0,0,0,Ward 2,False,Rest of Corridor
38.89997443266503,-77.04490779427425,vehicle,minor_or_property,2021,2021-09-25 16:36:00,6,0,0,0,0,0,0,Ward 2,True,Impact Zone (17th-22nd St)
38.89612012650432,-77.02997220893742,vehicle,minor_or_property,2021,2021-09-29 16:27:00,1,0,0,0,0,0,0,Ward 2,False,Rest of Corridor
38.89464189667551,-77.03135120174998,vehicle,minor_or_property,2021,2021-09-30 05:50:00,14,0,0,0,0,0,0,Ward 2,False,Rest of Corridor
38.89653320700657,-77.03196982203339,vehicle,minor_or_property,2021,2021-09-30 14:15:00,14,0,0,0,0,0,0,Ward 2,False,Rest of Corridor
38.89905583260852,-77.03295914804923,vehicle,minor_or_property,2021,2021-09-30 19:31:00,5,0,0,0,0,0,0,Ward 2,False,Rest of Corridor
38.89283244820594,-77.02294029152293,vehicle,minor_or_property,2021,2021-09-30 15:58:00,7,0,0,0,0,0,0,Ward 2,False,Rest of Corridor
38.90192694143246,-77.0483802573267,vehicle,minor_or_property,2021,2021-09-28 11:30:00,3,0,0,0,0,0,0,Ward 2,True,Impact Zone (17th-22nd St)
38.90225611635904,-77.0466514615498,vehicle,minor_or_property,2021,2021-10-04 01:00:00,3,0,0,0,0,0,0,Ward 2,True,Impact Zone (17th-22nd St)
38.90297493202976,-77.05138928436196,vehicle,minor_or_property,2021,2021-10-05 00:40:00,2,0,0,0,0,0,0,Ward 2,False,Rest of Corridor
38.89905362374162,-77.03296559120461,vehicle,minor_or_property,2021,2021-09-30 13:17:00,5,0,0,0,0,0,0,Ward 2,False,Rest of Corridor
38.90180631778472,-77.04803516243102,vehicle,minor_or_property,2021,2021-10-06 17:49:00,3,0,0,0,0,0,0,Ward 2,True,Impact Zone (17th-22nd St)
38.90319506949362,-77.0520196946654,vehicle,minor_or_property,2021,2021-09-30 14:50:00,2,0,0,0,0,0,0,Ward 2,False,Rest of Corridor
38.89612012650432,-77.02997220893742,vehicle,minor_or_property,2021,2021-10-09 16:00:00,1,0,0,0,0,0,0,Ward 2,False,Rest of Corridor
38.90278870210112,-77.04951228635895,vehicle,minor_or_property,2021,2021-10-09 17:15:00,5,0,0,0,0,0,0,Ward 2,True,Impact Zone (17th-22nd St)
38.90295815258178,-77.05134120922672,vehicle,minor_or_property,2020,2020-01-04 02:31:13,2,0,0,0,0,0,0,Ward 2,False,Rest of Corridor
38.90018892188713,-77.04340600883336,vehicle,minor_or_property,2020,2020-01-04 00:13:17,4,0,0,0,0,0,0,Ward 2,True,Impact Zone (17th-22nd St)
38.893327475763016,-77.02200640840239,vehicle,minor_or_property,2020,2020-01-03 01:57:45,7,0,0,0,0,0,0,Ward 6,False,Rest of Corridor
38.90208364585957,-77.05049933114685,vehicle,minor_or_property,2020,2020-01-08 15:59:15,5,0,0,0,0,0,0,Ward 2,True,Impact Zone (17th-22nd St)
38.89479627543396,-77.0272477848676,vehicle,minor_or_property,2020,2020-01-08 17:45:32,11,0,0,0,0,0,0,Ward 2,False,Rest of Corridor
38.89203978905553,-77.01402428363672,vehicle,minor_or_property,2020,2020-01-07 20:18:07,15,0,0,0,0,0,0,Ward 2,False,Rest of Corridor
38.90371843506121,-77.0535196732349,vehicle,minor_or_property,2020,2020-01-10 03:38:01,3,0,0,0,0,0,0,Ward 2,False,Rest of Corridor
38.90178727941124,-77.0501238921741,vehicle,minor_or_property,2020,2020-01-10 21:59:47,1,0,0,0,0,0,0,Ward 2,True,Impact Zone (17th-22nd St)
38.89611898489572,-77.03200049569246,vehicle,minor_or_property,2020,2020-01-11 00:42:29,14,0,0,0,0,0,0,Ward 2,False,Rest of Corridor
38.89179059768381,-77.01639004377452,vehicle,minor_or_property,2020,2020-01-09 12:25:39,16,0,0,0,0,0,0,Ward 6,False,Rest of Corridor
38.90527697517983,-77.05916951236891,vehicle,minor_or_property,2020,2020-01-09 16:45:18,1,0,0,0,0,0,0,Ward 2,False,Rest of Corridor
38.90369427071639,-77.05344956003496,vehicle,minor_or_property,2020,2020-01-09 16:46:52,3,0,0,0,0,0,0,Ward 2,False,Rest of Corridor
38.90134153324175,-77.0459252189358,vehicle,minor_or_property,2020,2020-01-11 03:21:11,6,0,0,0,0,0,0,Ward 2,True,Impact Zone (17th-22nd St)
38.90307029106971,-77.05017445937936,vehicle,minor_or_property,2020,2020-01-13 02:18:24,5,0,0,0,0,0,0,Ward 2,True,Impact Zone (17th-22nd St)
38.89548684626828,-77.03364772917121,vehicle,minor_or_property,2020,2020-01-12 11:39:32,15,0,0,0,0,0,0,Ward 2,False,Rest of Corridor
38.90522556432827,-77.05811097683672,vehicle,minor_or_property,2020,2020-01-12 12:08:46,1,0,0,0,0,0,0,Ward 2,False,Rest of Corridor
38.90070000759779,-77.04577553734448,vehicle,minor_or_property,2020,2020-01-15 00:07:05,6,0,0,0,0,0,0,Ward 2,True,Impact Zone (17th-22nd St)
38.90376280918064,-77.05330521310815,vehicle,minor_or_property,2020,2020-01-15 00:23:02,3,0,0,0,0,0,0,Ward 2,False,Rest of Corridor
38.90207660801236,-77.0504838548736,vehicle,minor_or_property,2020,2020-01-13 17:43:38,5,0,0,0,0,0,0,Ward 2,True,Impact Zone (17th-22nd St)
38.902302038790026,-77.050741182212,vehicle,minor_or_property,2020,2020-01-14 00:24:18,5,0,0,0,0,0,0,Ward 2,False,Rest of Corridor
38.90072818355425,-77.04494600098752,vehicle,minor_or_property,2020,2020-01-14 13:57:10,7,0,0,0,0,0,0,Ward 2,True,Impact Zone (17th-22nd St)
38.90306566032069,-77.05021744661583,vehicle,minor_or_property,2020,2020-01-15 17:55:32,5,0,0,0,0,0,0,Ward 2,True,Impact Zone (17th-22nd St)
38.895054482027874,-77.02819786777066,vehicle,minor_or_property,2020,2020-01-15 18:24:16,13,0,0,0,0,0,0,Ward 2,False,Rest of Corridor
38.90267002434772,-77.05075465579327,vehicle,minor_or_property,2020,2020-01-17 18:56:27,5,0,0,0,0,0,0,Ward 2,False,Rest of Corridor
38.892766388604805,-77.01990146941816,vehicle,minor_or_property,2020,2020-01-16 02:44:10,1,0,0,0,0,0,0,Ward 2,False,Rest of Corridor
38.89209180932362,-77.01527003088577,vehicle,minor_or_property,2020,2020-01-17 20:18:11,8,0,0,0,0,0,0,Ward 6,False,Rest of Corridor
38.89612089182663,-77.03201087136001,vehicle,minor_or_property,2020,2020-01-19 16:20:08,14,0,0,0,0,0,0,Ward 2,False,Rest of Corridor
38.89537072547846,-77.03195799262198,vehicle,minor_or_property,2020,2020-01-18 17:31:30,16,0,0,0,0,0,0,Ward 2,False,Rest of Corridor
38.89241322666245,-77.01863153687906,vehicle,minor_or_property,2020,2020-01-18 18:16:55,1,0,0,0,0,0,0,Ward 6,False,Rest of Corridor
38.89359284314635,-77.0219170279773,vehicle,minor_or_property,2020,2020-01-19 23:12:38,9,0,0,0,0,0,0,Ward 6,False,Rest of Corridor
38.89162902561791,-77.01402114826571,vehicle,minor_or_property,2020,2020-01-21 16:08:09,15,0,0,0,0,0,0,Ward 2,False,Rest of Corridor
38.903690420188674,-77.05343852409409,vehicle,minor_or_property,2020,2020-01-21 20:55:12,3,0,0,0,0,0,0,Ward 2,False,Rest of Corridor
38.89613847682041,-77.02838433975049,vehicle,minor_or_property,2020,2020-01-24 15:19:30,12,0,0,0,0,0,0,Ward 2,False,Rest of Corridor
38.89359981661499,-77.02397546989665,vehicle,minor_or_property,2020,2020-01-24 17:37:34,10,0,0,0,0,0,0,Ward 2,False,Rest of Corridor
38.899677651267154,-77.04192911535274,vehicle,minor_or_property,2020,2020-01-26 01:00:15,4,0,0,0,0,0,0,Ward 2,True,Impact Zone (17th-22nd St)
38.89520379305616,-77.02872644750285,vehicle,minor_or_property,2020,2020-01-27 18:14:33,12,0,0,0,0,0,0,Ward 2,False,Rest of Corridor
38.902660564071226,-77.04945593771419,vehicle,minor_or_property,2020,2020-01-27 19:06:56,5,0,0,0,0,0,0,Ward 2,True,Impact Zone (17th-22nd St)
38.89791229513252,-77.03364664838683,vehicle,minor_or_property,2020,2020-01-25 13:53:06,5,0,0,0,0,0,0,Ward 2,False,Rest of Corridor
38.90374479017476,-77.05011513394811,vehicle,minor_or_property,2020,2020-01-30 02:24:36,5,0,0,0,0,0,0,Ward 2,True,Impact Zone (17th-22nd St)
38.89360529382763,-77.01984480539308,vehicle,minor_or_property,2020,2020-01-28 16:45:05,9,0,0,0,0,0,0,Ward 6,False,Rest of Corridor
38.89360551596526,-77.01991577819216,vehicle,minor_or_property,2020,2020-01-28 19:23:51,9,0,0,0,0,0,0,Ward 6,False,Rest of Corridor
38.901635252997785,-77.0475410411489,vehicle,minor_or_property,2020,2020-01-31 17:49:14,3,0,0,0,0,0,0,Ward 2,True,Impact Zone (17th-22nd St)
38.892072543469006,-77.01402454366853,vehicle,minor_or_property,2020,2020-01-31 18:43:37,15,0,0,0,0,0,0,Ward 2,False,Rest of Corridor
38.90253377013588,-77.05011429462617,vehicle,minor_or_property,2020,2020-01-30 23:36:41,5,0,0,0,0,0,0,Ward 2,True,Impact Zone (17th-22nd St)
38.898916803160965,-77.04170772206903,vehicle,minor_or_property,2020,2020-01-31 02:10:21,4,0,0,0,0,0,0,Ward 2,True,Impact Zone (17th-22nd St)
38.90321324318374,-77.052071748545,vehicle,minor_or_property,2020,2020-02-02 19:47:28,2,0,0,0,0,0,0,Ward 2,False,Rest of Corridor
38.90519572024314,-77.05916869557613,vehicle,minor_or_property,2020,2020-02-03 02:57:23,1,0,0,0,0,0,0,Ward 2,False,Rest of Corridor
38.89384235764153,-77.02397715369509,vehicle,minor_or_property,2020,2020-02-04 04:40:43,10,0,0,0,0,0,0,Ward 6,False,Rest of Corridor
38.90270678623117,-77.05141666766883,vehicle,minor_or_property,2020,2020-02-04 16:27:49,2,0,0,0,0,0,0,Ward 2,False,Rest of Corridor
38.90298518863815,-77.05141864376922,vehicle,minor_or_property,2020,2020-02-07 21:41:15,2,0,0,0,0,0,0,Ward 2,False,Rest of Corridor
38.89875122840211,-77.03902563734026,vehicle,minor_or_property,2020,2020-02-07 19:15:49,6,0,0,0,0,0,0,Ward 2,True,Impact Zone (17th-22nd St)
38.899034134842985,-77.03364249716964,vehicle,minor_or_property,2020,2020-02-06 15:33:12,5,0,0,0,0,0,0,Ward 2,False,Rest of Corridor
38.89276102290159,-77.01988217168025,vehicle,minor_or_property,2020,2020-02-07 03:24:18,1,0,0,0,0,0,0,Ward 2,False,Rest of Corridor
38.90528740503208,-77.0570173467587,vehicle,minor_or_property,2020,2020-02-09 18:33:44,5,0,0,0,0,0,0,Ward 2,False,Rest of Corridor
38.90279914865047,-77.05141727609382,vehicle,minor_or_property,2020,2020-02-10 19:37:39,2,0,0,0,0,0,0,Ward 2,False,Rest of Corridor
38.89297824319593,-77.02065270096723,vehicle,minor_or_property,2020,2020-02-10 20:22:23,9,0,0,0,0,0,0,Ward 6,False,Rest of Corridor
38.90253376531578,-77.0496402959715,vehicle,minor_or_property,2020,2020-02-10 03:24:48,5,0,0,0,0,0,0,Ward 2,True,Impact Zone (17th-22nd St)
38.9011917563732,-77.04346306207454,vehicle,minor_or_property,2020,2020-02-09 01:46:46,6,0,0,0,0,0,0,Ward 2,True,Impact Zone (17th-22nd St)
38.89160662181213,-77.01402098248622,vehicle,minor_or_property,2020,2020-02-09 11:51:28,15,0,0,0,0,0,0,Ward 2,False,Rest of Corridor
38.895876905257474,-77.03195949894813,vehicle,minor_or_property,2020,2020-02-11 00:30:08,2,0,0,0,0,0,0,Ward 2,False,Rest of Corridor
38.90354219438276,-77.05330556703238,vehicle,minor_or_property,2020,2020-02-13 01:36:11,2,0,0,0,0,0,0,Ward 2,False,Rest of Corridor
38.89502639987104,-77.02809846749615,vehicle,minor_or_property,2020,2020-02-11 19:57:33,13,0,0,0,0,0,0,Ward 2,False,Rest of Corridor
38.89203978905553,-77.01402428363672,vehicle,minor_or_property,2020,2020-02-13 02:44:19,15,0,0,0,0,0,0,Ward 2,False,Rest of Corridor
38.8928300031077,-77.02012704822276,vehicle,minor_or_property,2020,2020-02-14 04:03:49,9,0,0,0,0,0,0,Ward 2,False,Rest of Corridor
38.89716238441101,-77.03364796618834,vehicle,minor_or_property,2020,2020-02-14 04:09:24,14,0,0,0,0,0,0,Ward 2,False,Rest of Corridor
38.89280691071687,-77.02004515366401,vehicle,minor_or_property,2020,2020-02-14 04:54:41,9,0,0,0,0,0,0,Ward 2,False,Rest of Corridor
38.90018110180687,-77.04338397363537,vehicle,minor_or_property,2020,2020-02-14 22:11:02,4,0,0,0,0,0,0,Ward 2,True,Impact Zone (17th-22nd St)
38.8962427979899,-77.03248245055445,vehicle,minor_or_property,2020,2020-02-13 15:45:44,14,0,0,0,0,0,0,Ward 2,False,Rest of Corridor
38.89284191389965,-77.02016927512643,vehicle,minor_or_property,2020,2020-02-15 17:53:34,9,0,0,0,0,0,0,Ward 2,False,Rest of Corridor
38.89548684626828,-77.03364772917121,vehicle,minor_or_property,2020,2020-02-20 03:20:07,15,0,0,0,0,0,0,Ward 2,False,Rest of Corridor
38.90144102400771,-77.04698378880771,vehicle,minor_or_property,2020,2020-02-20 04:45:53,3,0,0,0,0,0,0,Ward 2,True,Impact Zone (17th-22nd St)
38.89509752316047,-77.02835025400394,vehicle,minor_or_property,2020,2020-02-20 18:24:27,12,0,0,0,0,0,0,Ward 2,False,Rest of Corridor
38.90145673456302,-77.0470286217001,vehicle,minor_or_property,2020,2020-02-21 13:08:27,3,0,0,0,0,0,0,Ward 2,True,Impact Zone (17th-22nd St)
38.891864876007865,-77.01629504476256,vehicle,minor_or_property,2020,2020-02-25 13:29:39,16,0,0,0,0,0,0,Ward 6,False,Rest of Corridor
38.9036438808549,-77.05330523951808,vehicle,minor_or_property,2020,2020-02-24 19:07:54,2,0,0,0,0,0,0,Ward 2,False,Rest of Corridor
38.89208361294952,-77.01992532408127,vehicle,minor_or_property,2020,2020-02-24 19:33:33,9,0,0,0,0,0,0,Ward 2,False,Rest of Corridor
38.9055895614515,-77.0581178334503,vehicle,minor_or_property,2020,2020-02-24 00:46:11,1,0,0,0,0,0,0,Ward 2,False,Rest of Corridor
38.90070413085873,-77.04487667762986,vehicle,minor_or_property,2020,2020-02-24 02:03:33,6,0,0,0,0,0,0,Ward 2,True,Impact Zone (17th-22nd St)
38.89331458405544,-77.02196241695378,vehicle,minor_or_property,2020,2020-02-27 03:58:55,7,0,0,0,0,0,0,Ward 6,False,Rest of Corridor
38.89161465756023,-77.01424203428283,vehicle,minor_or_property,2020,2020-02-26 02:20:18,15,0,0,0,0,0,0,Ward 2,False,Rest of Corridor
38.905486194734046,-77.05703094858032,vehicle,minor_or_property,2020,2020-02-26 16:13:23,5,0,0,0,0,0,0,Ward 2,False,Rest of Corridor
38.90071301231365,-77.04490217231489,vehicle,minor_or_property,2020,2020-02-26 17:25:44,7,0,0,0,0,0,0,Ward 2,True,Impact Zone (17th-22nd St)
38.90253377013588,-77.05011429462617,vehicle,minor_or_property,2020,2020-02-29 02:31:06,5,0,0,0,0,0,0,Ward 2,True,Impact Zone (17th-22nd St)
38.90501401609696,-77.05728214551905,vehicle,minor_or_property,2020,2020-02-28 06:03:31,5,0,0,0,0,0,0,Ward 2,False,Rest of Corridor
38.89209038664169,-77.01470340191162,vehicle,minor_or_property,2020,2020-03-03 00:19:25,15,0,0,0,0,0,0,Ward 6,False,Rest of Corridor
38.900998116364136,-77.04571902066002,vehicle,minor_or_property,2020,2020-03-03 01:39:43,6,0,0,0,0,0,0,Ward 2,True,Impact Zone (17th-22nd St)
38.89179645007041,-77.01641180784931,vehicle,minor_or_property,2020,2020-03-03 03:09:43,8,0,0,0,0,0,0,Ward 6,False,Rest of Corridor
38.89704733295104,-77.0319680696852,vehicle,minor_or_property,2020,2020-03-04 11:33:44,14,0,0,0,0,0,0,Ward 2,False,Rest of Corridor
38.89445167345941,-77.02600434181572,vehicle,minor_or_property,2020,2020-03-04 12:55:33,11,0,0,0,0,0,0,Ward 2,False,Rest of Corridor
38.90538857758658,-77.05811481047725,vehicle,minor_or_property,2020,2020-03-07 10:15:22,1,0,0,0,0,0,0,Ward 2,False,Rest of Corridor
38.90327877818186,-77.04881910445746,vehicle,minor_or_property,2020,2020-03-10 01:32:29,5,0,0,0,0,0,0,Ward 2,True,Impact Zone (17th-22nd St)
38.89463876810562,-77.0319593707528,vehicle,minor_or_property,2020,2020-03-10 04:56:19,14,0,0,0,0,0,0,Ward 2,False,Rest of Corridor
38.89804699294917,-77.03947430912042,vehicle,minor_or_property,2020,2020-03-11 15:43:47,6,0,0,0,0,0,0,Ward 2,True,Impact Zone (17th-22nd St)
38.892093398480114,-77.0152418363852,vehicle,minor_or_property,2020,2020-03-12 14:12:28,8,0,0,0,0,0,0,Ward 2,False,Rest of Corridor
38.902384962585295,-77.05141682765904,vehicle,minor_or_property,2020,2020-03-11 11:32:40,5,0,0,0,0,0,0,Ward 2,False,Rest of Corridor
38.89041815702232,-77.01401191947659,vehicle,minor_or_property,2020,2020-03-14 08:34:10,7,0,0,0,0,0,0,Ward 2,False,Rest of Corridor
38.90307115487691,-77.05166482028531,vehicle,minor_or_property,2020,2020-03-13 12:17:38,2,0,0,0,0,0,0,Ward 2,False,Rest of Corridor
38.90291056051241,-77.05347188023259,vehicle,major_injury,2020,2020-03-16 02:37:50,2,0,0,0,0,0,1,Ward 2,False,Rest of Corridor
38.89179045352391,-77.01639022817132,vehicle,minor_or_property,2020,2020-03-23 14:59:53,16,0,0,0,0,0,0,Ward 2,False,Rest of Corridor
38.90025629689555,-77.04359557406309,vehicle,minor_or_property,2020,2020-03-24 17:27:33,6,0,0,0,0,0,0,Ward 2,True,Impact Zone (17th-22nd St)
38.8919449497,-77.01424102822688,vehicle,minor_or_property,2020,2020-04-05 06:32:39,15,0,0,0,0,0,0,Ward 2,False,Rest of Corridor
38.89152285318746,-77.01424231565102,vehicle,minor_or_property,2020,2020-04-02 21:20:44,15,0,0,0,0,0,0,Ward 6,False,Rest of Corridor
38.891673950697616,-77.01424186169154,vehicle,minor_or_property,2020,2020-04-04 19:11:33,15,0,0,0,0,0,0,Ward 2,False,Rest of Corridor
38.90128967277993,-77.04490393025884,vehicle,minor_or_property,2020,2020-04-24 12:20:58,7,0,0,0,0,0,0,Ward 2,True,Impact Zone (17th-22nd St)
38.89498019187516,-77.027927636511,vehicle,minor_or_property,2020,2020-04-24 14:15:40,11,0,0,0,0,0,0,Ward 2,False,Rest of Corridor
38.90266573513932,-77.05141668419219,vehicle,minor_or_property,2020,2020-05-02 17:35:26,2,0,0,0,0,0,0,Ward 2,False,Rest of Corridor
38.89390758814517,-77.02406042513891,vehicle,minor_or_property,2020,2020-05-05 23:01:01,11,0,0,0,0,0,0,Ward 2,False,Rest of Corridor
38.89550642772818,-77.03195729260378,vehicle,minor_or_property,2020,2020-05-04 14:39:09,16,0,0,0,0,0,0,Ward 2,False,Rest of Corridor
38.892062535176414,-77.01402446101243,vehicle,minor_or_property,2020,2020-05-08 05:17:13,15,0,0,0,0,0,0,Ward 2,False,Rest of Corridor
38.89190682624948,-77.01424114741157,vehicle,minor_or_property,2020,2020-05-08 13:10:07,15,0,0,0,0,0,0,Ward 2,False,Rest of Corridor
38.90371843506121,-77.0535196732349,vehicle,minor_or_property,2020,2020-05-13 13:04:47,3,0,0,0,0,0,0,Ward 2,False,Rest of Corridor
38.90214363657287,-77.05059405754533,vehicle,minor_or_property,2020,2020-05-13 16:56:40,5,0,0,0,0,0,0,Ward 2,True,Impact Zone (17th-22nd St)
38.90158326638164,-77.05012558183749,vehicle,minor_or_property,2020,2020-05-19 14:56:47,1,0,0,0,0,0,0,Ward 2,True,Impact Zone (17th-22nd St)
38.89946385781831,-77.03515149879532,vehicle,minor_or_property,2020,2020-05-22 11:24:33,16,0,0,0,0,0,0,Ward 2,False,Rest of Corridor
38.89209046501951,-77.01514746488704,vehicle,major_injury,2020,2020-05-20 10:13:30,8,0,0,0,0,0,1,Ward 2,False,Rest of Corridor
38.90260092900076,-77.05141671817783,vehicle,minor_or_property,2020,2020-05-21 00:08:15,2,0,0,0,0,0,0,Ward 2,False,Rest of Corridor
38.89204678939621,-77.01424072580507,vehicle,minor_or_property,2020,2020-05-26 17:48:58,15,0,0,0,0,0,0,Ward 2,False,Rest of Corridor
38.89613339004325,-77.0296418573822,vehicle,minor_or_property,2020,2020-05-24 07:42:44,1,0,0,0,0,0,0,Ward 2,False,Rest of Corridor
38.90512737542077,-77.05768857708338,vehicle,minor_or_property,2020,2020-05-24 09:25:47,1,0,0,0,0,0,0,Ward 2,False,Rest of Corridor
38.89238721635726,-77.01853800028942,vehicle,minor_or_property,2020,2020-05-31 21:25:16,17,0,0,0,0,0,0,Ward 6,False,Rest of Corridor
38.89621756377501,-77.03196642979218,vehicle,minor_or_property,2020,2020-06-13 14:47:44,14,0,0,0,0,0,0,Ward 2,False,Rest of Corridor
38.89208990758627,-77.01420692596524,vehicle,minor_or_property,2020,2020-06-27 16:36:18,15,0,0,0,0,0,0,Ward 6,False,Rest of Corridor
38.89954335269813,-77.04170797313266,vehicle,minor_or_property,2020,2020-06-20 21:58:42,3,0,0,0,0,0,0,Ward 2,True,Impact Zone (17th-22nd St)
38.90484388588125,-77.05809989781183,vehicle,minor_or_property,2020,2020-06-27 20:24:34,1,0,0,0,0,0,0,Ward 2,False,Rest of Corridor
38.89203978905553,-77.01402428363672,vehicle,minor_or_property,2020,2020-07-01 21:38:40,15,0,0,0,0,0,0,Ward 2,False,Rest of Corridor
38.902534305322725,-77.05266570245135,vehicle,minor_or_property,2020,2020-07-02 02:42:20,2,0,0,0,0,0,0,Ward 2,False,Rest of Corridor
38.90253377255209,-77.04765432061285,vehicle,minor_or_property,2020,2020-07-02 23:46:52,3,0,0,0,0,0,0,Ward 2,True,Impact Zone (17th-22nd St)
38.90182972694308,-77.05012355309047,vehicle,minor_or_property,2020,2020-07-05 07:46:40,1,0,0,0,0,0,0,Ward 2,True,Impact Zone (17th-22nd St)
38.89892007363828,-77.03974264585813,vehicle,minor_or_property,2020,2020-07-08 19:51:06,4,0,0,0,0,0,0,Ward 2,True,Impact Zone (17th-22nd St)
38.90546828655144,-77.05703008110933,vehicle,minor_or_property,2020,2020-07-09 17:46:29,5,0,0,0,0,0,0,Ward 2,False,Rest of Corridor
38.89502353775519,-77.02808788422334,vehicle,minor_or_property,2020,2020-07-09 22:57:55,12,0,0,0,0,0,0,Ward 2,False,Rest of Corridor
38.89131684935353,-77.01217425273147,vehicle,minor_or_property,2020,2020-07-14 21:41:08,15,0,0,0,0,0,0,Ward 2,False,Rest of Corridor
38.90143509663721,-77.05012616942061,vehicle,minor_or_property,2020,2020-07-17 16:31:00,1,0,0,0,0,0,0,Ward 2,True,Impact Zone (17th-22nd St)
38.89239870447592,-77.01857931592501,vehicle,minor_or_property,2020,2020-07-20 16:26:48,17,0,0,0,0,0,0,Ward 6,False,Rest of Corridor
38.89883267746737,-77.03949484875382,vehicle,minor_or_property,2020,2020-07-24 05:46:15,4,0,0,0,0,0,0,Ward 2,True,Impact Zone (17th-22nd St)
38.90364151475096,-77.05329845882387,vehicle,minor_or_property,2020,2020-07-25 19:00:43,2,0,0,0,0,0,0,Ward 2,False,Rest of Corridor
38.89550648516799,-77.03194490059951,vehicle,minor_or_property,2020,2020-07-30 15:22:10,14,0,0,0,0,0,0,Ward 2,False,Rest of Corridor
38.899582952204334,-77.04346583998503,vehicle,minor_or_property,2020,2020-07-28 17:22:44,4,0,0,0,0,0,0,Ward 2,True,Impact Zone (17th-22nd St)
38.898765604263446,-77.03929877803222,vehicle,minor_or_property,2020,2020-07-31 13:49:41,6,0,0,0,0,0,0,Ward 2,True,Impact Zone (17th-22nd St)
38.9037499571854,-77.054082844338,vehicle,minor_or_property,2020,2020-08-05 15:21:20,3,0,0,0,0,0,0,Ward 2,False,Rest of Corridor
38.89676289347852,-77.03196924484048,vehicle,minor_or_property,2020,2020-08-03 21:35:22,14,0,0,0,0,0,0,Ward 2,False,Rest of Corridor
38.90171773026553,-77.05141962078478,vehicle,minor_or_property,2020,2020-08-05 19:58:16,5,0,0,0,0,0,0,Ward 2,False,Rest of Corridor
38.898751020603946,-77.03908134049546,vehicle,minor_or_property,2020,2020-08-06 20:31:35,6,0,0,0,0,0,0,Ward 2,True,Impact Zone (17th-22nd St)
38.89393769893363,-77.02416800727416,vehicle,minor_or_property,2020,2020-08-08 03:58:17,11,0,0,0,0,0,0,Ward 2,False,Rest of Corridor
38.90515213876833,-77.05916683783668,vehicle,minor_or_property,2020,2020-08-10 23:31:24,1,0,0,0,0,0,0,Ward 2,False,Rest of Corridor
38.89208309953855,-77.01933534178856,vehicle,minor_or_property,2020,2020-08-14 01:03:40,9,0,0,0,0,0,0,Ward 2,False,Rest of Corridor
38.901345785681045,-77.04490436907778,vehicle,minor_or_property,2020,2020-08-24 16:41:56,7,0,0,0,0,0,0,Ward 2,True,Impact Zone (17th-22nd St)
38.900495653210776,-77.0434635025476,vehicle,minor_or_property,2020,2020-08-28 17:15:02,6,0,0,0,0,0,0,Ward 2,True,Impact Zone (17th-22nd St)
38.9055843294035,-77.05703571939019,vehicle,minor_or_property,2020,2020-08-28 23:21:50,5,0,0,0,0,0,0,Ward 2,False,Rest of Corridor
38.89960873733543,-77.04172774752737,vehicle,minor_or_property,2020,2020-08-27 17:12:34,4,0,0,0,0,0,0,Ward 2,True,Impact Zone (17th-22nd St)
38.89531408253762,-77.02809672489656,vehicle,minor_or_property,2020,2020-08-27 20:34:13,12,0,0,0,0,0,0,Ward 2,False,Rest of Corridor
38.89330068422858,-77.02191397574575,vehicle,minor_or_property,2020,2020-08-31 22:08:53,7,0,0,0,0,0,0,Ward 6,False,Rest of Corridor
38.89797189003885,-77.0394748324254,vehicle,minor_or_property,2020,2020-08-31 23:13:29,6,0,0,0,0,0,0,Ward 2,True,Impact Zone (17th-22nd St)
38.89548427494844,-77.0337861958827,vehicle,minor_or_property,2020,2020-09-06 13:13:53,15,0,0,0,0,0,0,Ward 2,False,Rest of Corridor
38.8920904729956,-77.01529363772622,vehicle,minor_or_property,2020,2020-09-09 20:17:37,8,0,0,0,0,0,0,Ward 6,False,Rest of Corridor
38.90267988727446,-77.05141667133636,vehicle,minor_or_property,2020,2020-09-16 20:53:22,2,0,0,0,0,0,0,Ward 2,False,Rest of Corridor
38.898842946209456,-77.03952382432666,vehicle,minor_or_property,2020,2020-09-24 04:59:31,4,0,0,0,0,0,0,Ward 2,True,Impact Zone (17th-22nd St)
38.90199448139622,-77.05012219321341,vehicle,minor_or_property,2020,2020-09-23 22:26:31,1,0,0,0,0,0,0,Ward 2,True,Impact Zone (17th-22nd St)
38.90517957734932,-77.05810963658962,vehicle,minor_or_property,2020,2020-09-30 13:39:50,1,0,0,0,0,0,0,Ward 2,False,Rest of Corridor
38.90322379651537,-77.05210196149058,vehicle,minor_or_property,2020,2020-09-30 17:36:35,2,0,0,0,0,0,0,Ward 2,False,Rest of Corridor
38.90545090011165,-77.05916822704384,vehicle,minor_or_property,2020,2020-10-08 22:26:15,1,0,0,0,0,0,0,Ward 2,False,Rest of Corridor
38.89278789658543,-77.0199777382494,vehicle,minor_or_property,2020,2020-10-09 13:30:03,8,0,0,0,0,0,0,Ward 6,False,Rest of Corridor
38.903339801612574,-77.05243421219194,vehicle,minor_or_property,2020,2020-10-16 03:54:40,2,0,0,0,0,0,0,Ward 2,False,Rest of Corridor
38.89207192276645,-77.01424065013425,vehicle,minor_or_property,2020,2020-10-20 01:31:49,15,0,0,0,0,0,0,Ward 2,False,Rest of Corridor
38.89209020708548,-77.01396441121449,vehicle,minor_or_property,2020,2020-10-28 06:36:34,15,0,0,0,0,0,0,Ward 6,False,Rest of Corridor
38.89877777944034,-77.03390705910746,vehicle,minor_or_property,2020,2020-10-28 18:35:38,5,0,0,0,0,0,0,Ward 2,False,Rest of Corridor
38.905790322285945,-77.05703801700128,vehicle,minor_or_property,2020,2020-10-26 20:26:14,5,0,0,0,0,0,0,Ward 2,False,Rest of Corridor
38.89412421258629,-77.02483436834328,vehicle,minor_or_property,2020,2020-11-03 13:16:53,11,0,0,0,0,0,0,Ward 2,False,Rest of Corridor
38.90175629054764,-77.05012414708165,vehicle,minor_or_property,2020,2020-11-04 15:59:59,1,0,0,0,0,0,0,Ward 2,True,Impact Zone (17th-22nd St)
38.89613339004325,-77.0296418573822,vehicle,minor_or_property,2020,2020-11-10 03:30:48,1,0,0,0,0,0,0,Ward 2,False,Rest of Corridor
38.89461182466171,-77.02600249818883,vehicle,minor_or_property,2020,2020-11-13 16:42:38,14,0,0,0,0,0,0,Ward 2,False,Rest of Corridor
38.903673074792266,-77.05338884506844,vehicle,minor_or_property,2020,2020-11-15 04:38:58,3,0,0,0,0,0,0,Ward 2,False,Rest of Corridor
38.903576804511765,-77.05330551219606,vehicle,minor_or_property,2020,2020-11-19 21:55:59,2,0,0,0,0,0,0,Ward 2,False,Rest of Corridor
38.90166454903291,-77.05012505100531,vehicle,minor_or_property,2020,2020-11-18 07:31:05,1,0,0,0,0,0,0,Ward 2,True,Impact Zone (17th-22nd St)
38.90153773805928,-77.05012575735556,vehicle,minor_or_property,2020,2020-11-20 16:58:11,1,0,0,0,0,0,0,Ward 2,True,Impact Zone (17th-22nd St)
38.893899837641456,-77.02403272263948,vehicle,minor_or_property,2020,2020-11-23 03:48:17,11,0,0,0,0,0,0,Ward 2,False,Rest of Corridor
38.901652766043554,-77.05012518106668,vehicle,minor_or_property,2020,2020-11-20 20:13:35,1,0,0,0,0,0,0,Ward 2,True,Impact Zone (17th-22nd St)
38.89104842697508,-77.01424376551213,vehicle,minor_or_property,2020,2020-11-26 00:39:53,7,0,0,0,0,0,0,Ward 2,False,Rest of Corridor
38.892093562556845,-77.0152270704387,vehicle,minor_or_property,2020,2020-12-04 02:09:19,8,0,0,0,0,0,0,Ward 2,False,Rest of Corridor
38.89550927485337,-77.03132364037123,vehicle,minor_or_property,2020,2020-12-03 12:44:32,14,0,0,0,0,0,0,Ward 2,False,Rest of Corridor
38.89065298714168,-77.01401370613326,vehicle,minor_or_property,2020,2020-12-06 14:51:19,7,0,0,0,0,0,0,Ward 2,False,Rest of Corridor
38.90172153305666,-77.04778881099564,vehicle,minor_or_property,2020,2020-12-06 17:54:46,3,0,0,0,0,0,0,Ward 2,True,Impact Zone (17th-22nd St)
38.89203978905553,-77.01402428363672,vehicle,minor_or_property,2020,2020-12-04 17:11:15,15,0,0,0,0,0,0,Ward 2,False,Rest of Corridor
38.89148276579243,-77.0140200359959,vehicle,minor_or_property,2020,2020-12-11 02:06:16,15,0,0,0,0,0,0,Ward 6,False,Rest of Corridor
38.903112882220505,-77.05017529634817,vehicle,minor_or_property,2020,2020-12-10 15:29:02,5,0,0,0,0,0,0,Ward 2,True,Impact Zone (17th-22nd St)
38.89203939268712,-77.0140242835588,vehicle,minor_or_property,2020,2020-12-10 17:18:14,15,0,0,0,0,0,0,Ward 2,False,Rest of Corridor
38.893566592705405,-77.02191728503664,vehicle,minor_or_property,2020,2020-12-13 01:23:58,9,0,0,0,0,0,0,Ward 6,False,Rest of Corridor
38.90374479043946,-77.05475103828074,pedestrian,major_injury,2020,2020-12-17 14:04:07,3,0,0,0,0,1,0,Ward 2,False,Rest of Corridor
38.895036705670094,-77.02813495575653,vehicle,minor_or_property,2020,2020-12-15 01:30:13,13,0,0,0,0,0,0,Ward 2,False,Rest of Corridor
38.89912871459877,-77.03945542532067,vehicle,minor_or_property,2020,2020-12-18 08:07:19,4,0,0,0,0,0,0,Ward 2,True,Impact Zone (17th-22nd St)
38.900267995892136,-77.04362737609857,vehicle,minor_or_property,2020,2020-12-18 13:39:29,6,0,0,0,0,0,0,Ward 2,True,Impact Zone (17th-22nd St)
38.89190281752202,-77.01424115813815,vehicle,minor_or_property,2020,2020-12-18 18:51:16,15,0,0,0,0,0,0,Ward 2,False,Rest of Corridor
38.89204678939621,-77.01424072580507,vehicle,minor_or_property,2020,2020-12-21 01:57:25,15,0,0,0,0,0,0,Ward 2,False,Rest of Corridor
38.89136530382802,-77.01518695156693,vehicle,minor_or_property,2020,2020-12-21 15:36:20,7,0,0,0,0,0,0,Ward 2,False,Rest of Corridor
38.8999295764862,-77.04265792542752,vehicle,minor_or_property,2020,2020-12-21 20:14:02,4,0,0,0,0,0,0,Ward 2,True,Impact Zone (17th-22nd St)
38.90536396703312,-77.0581142716174,vehicle,minor_or_property,2020,2020-12-21 21:59:32,1,0,0,0,0,0,0,Ward 2,False,Rest of Corridor
38.90498677762512,-77.05718450757236,vehicle,minor_or_property,2020,2020-12-31 20:40:35,5,0,0,0,0,0,0,Ward 2,False,Rest of Corridor
38.891829948761554,-77.01424138565466,vehicle,minor_or_property,2020,2020-12-29 07:09:33,15,0,0,0,0,0,0,Ward 2,False,Rest of Corridor
38.904970725870406,-77.0571269534604,vehicle,minor_or_property,2020,2020-12-30 00:15:39,5,0,0,0,0,0,0,Ward 2,False,Rest of Corridor
38.90053909012946,-77.04440141252906,vehicle,minor_or_property,2020,2020-12-30 13:23:14,6,0,0,0,0,0,0,Ward 2,True,Impact Zone (17th-22nd St)
38.90305984156781,-77.05330637095739,vehicle,minor_or_property,2021,2021-01-05 11:32:47,2,0,0,0,0,0,0,Ward 2,False,Rest of Corridor
38.89480406467144,-77.02397469885733,vehicle,minor_or_property,2021,2021-01-02 17:28:21,10,0,0,0,0,0,0,Ward 6,False,Rest of Corridor
38.90523978840751,-77.0570142073819,vehicle,minor_or_property,2021,2021-01-12 18:17:54,5,0,0,0,0,0,0,Ward 2,False,Rest of Corridor
38.90527478473325,-77.05701651810769,vehicle,minor_or_property,2021,2021-01-15 18:20:56,5,0,0,0,0,0,0,Ward 2,False,Rest of Corridor
38.903470234812175,-77.05141812876928,vehicle,minor_or_property,2021,2021-01-21 16:06:39,2,0,0,0,0,0,0,Ward 2,False,Rest of Corridor
38.904885506998575,-77.05686812862304,vehicle,minor_or_property,2021,2021-01-21 16:51:55,5,0,0,0,0,0,0,Ward 2,False,Rest of Corridor
38.90362392638984,-77.05324807642921,vehicle,minor_or_property,2021,2021-01-19 17:56:11,2,0,0,0,0,0,0,Ward 2,False,Rest of Corridor
38.90308379559924,-77.0517010295448,vehicle,minor_or_property,2021,2021-01-21 01:42:24,2,0,0,0,0,0,0,Ward 2,False,Rest of Corridor
38.892006000752986,-77.01590609011116,vehicle,minor_or_property,2021,2021-01-23 02:36:49,8,0,0,0,0,0,0,Ward 2,False,Rest of Corridor
38.89841181367584,-77.03947430350364,vehicle,minor_or_property,2021,2021-01-27 18:36:40,6,0,0,0,0,0,0,Ward 2,True,Impact Zone (17th-22nd St)
38.90515042721689,-77.05916676724277,vehicle,minor_or_property,2021,2021-01-28 05:05:59,1,0,0,0,0,0,0,Ward 2,False,Rest of Corridor
38.90253230267013,-77.05223049608394,vehicle,minor_or_property,2021,2021-02-01 23:21:45,2,0,0,0,0,0,0,Ward 2,False,Rest of Corridor
38.89167975209296,-77.01424183979606,vehicle,minor_or_property,2021,2021-01-29 14:30:21,15,0,0,0,0,0,0,Ward 2,False,Rest of Corridor
38.892167447589685,-77.01424035797754,vehicle,minor_or_property,2021,2021-01-29 15:12:03,15,0,0,0,0,0,0,Ward 2,False,Rest of Corridor
38.90380024573899,-77.05475133448174,vehicle,minor_or_property,2021,2021-02-04 22:49:51,3,0,0,0,0,0,0,Ward 2,False,Rest of Corridor
38.90420253313479,-77.05494052086152,vehicle,minor_or_property,2021,2021-02-06 18:39:28,4,0,0,0,0,0,0,Ward 2,False,Rest of Corridor
38.90247576005331,-77.04882911505024,vehicle,minor_or_property,2021,2021-02-16 01:00:34,3,0,0,0,0,0,0,Ward 2,True,Impact Zone (17th-22nd St)
38.89145375893218,-77.01424253239199,vehicle,minor_or_property,2021,2021-02-16 18:30:24,15,0,0,0,0,0,0,Ward 2,False,Rest of Corridor
38.893325711253695,-77.02200040223013,vehicle,minor_or_property,2021,2021-02-17 02:10:42,7,0,0,0,0,0,0,Ward 2,False,Rest of Corridor
38.90588072991402,-77.05703842364368,vehicle,minor_or_property,2021,2021-02-17 21:45:55,5,0,0,0,0,0,0,Ward 2,False,Rest of Corridor
38.89431674690297,-77.02191632821207,vehicle,minor_or_property,2021,2021-02-24 14:15:32,9,0,0,0,0,0,0,Ward 6,False,Rest of Corridor
38.90201933024284,-77.05032291073569,vehicle,minor_or_property,2021,2021-03-01 02:21:08,1,0,0,0,0,0,0,Ward 2,True,Impact Zone (17th-22nd St)
38.902089450697005,-77.04881699926595,vehicle,minor_or_property,2021,2021-03-03 21:02:52,3,0,0,0,0,0,0,Ward 2,True,Impact Zone (17th-22nd St)
38.89204678939621,-77.01424072580507,vehicle,minor_or_property,2021,2021-03-08 01:02:10,15,0,0,0,0,0,0,Ward 2,False,Rest of Corridor
38.905207998292354,-77.05811046677677,vehicle,minor_or_property,2021,2021-03-08 12:41:57,1,0,0,0,0,0,0,Ward 2,False,Rest of Corridor
38.89198473069087,-77.01424090937297,vehicle,major_injury,2021,2021-03-10 02:03:02,15,0,0,0,0,0,1,Ward 2,False,Rest of Corridor
38.902837785389536,-77.05330675838343,vehicle,minor_or_property,2021,2021-03-13 22:40:18,2,0,0,0,0,0,0,Ward 2,False,Rest of Corridor
38.901535926230494,-77.04883104252865,vehicle,minor_or_property,2021,2021-03-12 17:54:36,3,0,0,0,0,0,0,Ward 2,True,Impact Zone (17th-22nd St)
38.89550857494448,-77.03148097850266,vehicle,minor_or_property,2021,2021-03-14 19:52:23,14,0,0,0,0,0,0,Ward 2,False,Rest of Corridor
38.90399226740516,-77.05434713078668,vehicle,minor_or_property,2021,2021-03-19 20:42:26,3,0,0,0,0,0,0,Ward 2,False,Rest of Corridor
38.89277347390889,-77.01992660031534,vehicle,minor_or_property,2021,2021-03-17 14:52:36,1,0,0,0,0,0,0,Ward 2,False,Rest of Corridor
38.89958368335245,-77.04170736266714,vehicle,minor_or_property,2021,2021-03-18 11:17:07,3,0,0,0,0,0,0,Ward 2,True,Impact Zone (17th-22nd St)
38.90234682566829,-77.04950870552058,vehicle,minor_or_property,2021,2021-03-20 18:06:32,5,0,0,0,0,0,0,Ward 2,True,Impact Zone (17th-22nd St)
38.90199448139622,-77.05012219321341,vehicle,minor_or_property,2021,2021-03-21 21:16:09,1,0,0,0,0,0,0,Ward 2,True,Impact Zone (17th-22nd St)
38.89797088484036,-77.03799657873391,vehicle,minor_or_property,2021,2021-03-25 17:33:34,7,0,0,0,0,0,0,Ward 2,True,Impact Zone (17th-22nd St)
38.90305030823386,-77.04992751231448,vehicle,minor_or_property,2021,2021-03-28 07:31:55,5,0,0,0,0,0,0,Ward 2,True,Impact Zone (17th-22nd St)
38.89139722235,-77.01401938520857,vehicle,minor_or_property,2021,2021-03-31 16:53:28,15,0,0,0,0,0,0,Ward 6,False,Rest of Corridor
38.89208797011808,-77.01493436624581,vehicle,minor_or_property,2021,2021-04-02 10:36:16,8,0,0,0,0,0,0,Ward 6,False,Rest of Corridor
38.90362238796872,-77.05324367128581,vehicle,minor_or_property,2021,2021-04-05 13:35:14,2,0,0,0,0,0,0,Ward 2,False,Rest of Corridor
38.8923870813085,-77.01853751612175,vehicle,minor_or_property,2021,2021-04-04 01:20:16,17,0,0,0,0,0,0,Ward 6,False,Rest of Corridor
38.90509936812363,-77.05810731155535,vehicle,minor_or_property,2021,2021-04-04 23:04:25,1,0,0,0,0,0,0,Ward 2,False,Rest of Corridor
38.89853583166179,-77.03947476408395,vehicle,minor_or_property,2021,2021-10-19 17:10:00,6,0,0,0,0,0,0,Ward 2,True,Impact Zone (17th-22nd St)
38.90210206623363,-77.04885092485439,vehicle,minor_or_property,2021,2021-04-13 16:23:40,2,0,0,0,0,0,0,Ward 2,True,Impact Zone (17th-22nd St)
38.9007700520227,-77.04665243792525,vehicle,minor_or_property,2021,2021-04-20 13:03:34,6,0,0,0,0,0,0,Ward 2,True,Impact Zone (17th-22nd St)
38.90021853502288,-77.04171741758124,vehicle,minor_or_property,2021,2021-04-19 16:18:12,4,0,0,0,0,0,0,Ward 2,True,Impact Zone (17th-22nd St)
38.89209294702326,-77.01524978986188,vehicle,minor_or_property,2021,2021-04-29 22:48:10,8,0,0,0,0,0,0,Ward 2,False,Rest of Corridor
38.89278039715733,-77.01995114329358,vehicle,minor_or_property,2021,2021-05-02 03:55:45,8,0,0,0,0,0,0,Ward 2,False,Rest of Corridor
38.9049552185259,-77.05810312438605,vehicle,minor_or_property,2021,2021-05-05 22:23:45,1,0,0,0,0,0,0,Ward 2,False,Rest of Corridor
38.90300716833,-77.05148159469425,vehicle,minor_or_property,2021,2021-05-07 17:52:48,2,0,0,0,0,0,0,Ward 2,False,Rest of Corridor
38.89463900760103,-77.03184108893144,vehicle,minor_or_property,2021,2021-05-07 01:28:41,14,0,0,0,0,0,0,Ward 2,False,Rest of Corridor
38.90445494480697,-77.05809257141797,vehicle,minor_or_property,2021,2021-05-07 15:35:46,1,0,0,0,0,0,0,Ward 2,False,Rest of Corridor
38.89241081380297,-77.01862285644106,vehicle,minor_or_property,2021,2021-05-09 06:45:25,1,0,0,0,0,0,0,Ward 6,False,Rest of Corridor
38.89551373225799,-77.03322105251483,vehicle,minor_or_property,2021,2021-05-09 11:38:57,14,0,0,0,0,0,0,Ward 2,False,Rest of Corridor
38.90517117745699,-77.05784562641372,vehicle,minor_or_property,2021,2021-05-12 20:43:13,1,0,0,0,0,0,0,Ward 2,False,Rest of Corridor
38.8981270039444,-77.03596307232442,vehicle,minor_or_property,2021,2021-05-12 13:41:54,16,0,0,0,0,0,0,Ward 2,False,Rest of Corridor
38.90163466813487,-77.04753936913222,vehicle,minor_or_property,2021,2021-05-14 12:18:00,3,0,0,0,0,0,0,Ward 2,True,Impact Zone (17th-22nd St)
38.89497716736742,-77.03195983360094,vehicle,minor_or_property,2021,2021-05-18 14:15:11,14,0,0,0,0,0,0,Ward 2,False,Rest of Corridor
38.89208335860263,-77.01961851208185,vehicle,minor_or_property,2021,2021-05-17 12:25:36,9,0,0,0,0,0,0,Ward 2,False,Rest of Corridor
38.89133112796932,-77.01401887656661,vehicle,major_injury,2021,2021-05-20 14:02:12,15,0,0,0,0,0,1,Ward 2,False,Rest of Corridor
38.902135881152766,-77.05141758192454,vehicle,minor_or_property,2021,2021-05-19 14:31:55,5,0,0,0,0,0,0,Ward 2,False,Rest of Corridor
38.891080127861166,-77.01401695990421,vehicle,minor_or_property,2021,2021-05-21 00:33:31,7,0,0,0,0,0,0,Ward 2,False,Rest of Corridor
38.90071301231365,-77.04490217231489,vehicle,minor_or_property,2021,2021-05-21 00:33:56,7,0,0,0,0,0,0,Ward 2,True,Impact Zone (17th-22nd St)
38.901345343214345,-77.04476629298493,vehicle,minor_or_property,2021,2021-05-28 01:32:25,7,0,0,0,0,0,0,Ward 2,True,Impact Zone (17th-22nd St)
38.90253376753461,-77.04940129643471,vehicle,minor_or_property,2021,2021-05-28 15:14:28,5,0,0,0,0,0,0,Ward 2,True,Impact Zone (17th-22nd St)
38.90177578695838,-77.0508276403991,vehicle,minor_or_property,2021,2021-05-31 22:24:17,5,0,0,0,0,0,0,Ward 2,False,Rest of Corridor
38.90293815215712,-77.05128394344645,vehicle,minor_or_property,2021,2021-06-01 09:35:00,2,0,0,0,0,0,0,Ward 2,False,Rest of Corridor
38.89118019279401,-77.014017728807,vehicle,minor_or_property,2021,2021-05-31 12:58:31,15,0,0,0,0,0,0,Ward 2,False,Rest of Corridor
38.90537471291601,-77.05565585691204,vehicle,minor_or_property,2021,2021-06-03 21:27:09,5,0,0,0,0,0,0,Ward 3,False,Rest of Corridor
38.90531233034863,-77.05701898075144,vehicle,minor_or_property,2021,2021-06-02 04:27:45,5,0,0,0,0,0,0,Ward 2,False,Rest of Corridor
38.8993338175001,-77.03945392483621,vehicle,minor_or_property,2021,2021-06-05 18:23:50,4,0,0,0,0,0,0,Ward 2,True,Impact Zone (17th-22nd St)
38.89639110154137,-77.03306462794518,vehicle,minor_or_property,2021,2021-06-05 19:09:31,14,0,0,0,0,0,0,Ward 2,False,Rest of Corridor
38.90185705839891,-77.05012333019792,vehicle,minor_or_property,2021,2021-06-04 21:36:37,1,0,0,0,0,0,0,Ward 2,True,Impact Zone (17th-22nd St)
38.903069428588616,-77.05006406000882,vehicle,minor_or_property,2021,2021-06-07 21:46:59,5,0,0,0,0,0,0,Ward 2,True,Impact Zone (17th-22nd St)
38.90508757483104,-77.05754586174506,vehicle,minor_or_property,2021,2021-06-06 21:05:52,1,0,0,0,0,0,0,Ward 2,False,Rest of Corridor
38.90170089211728,-77.04772952929424,vehicle,minor_or_property,2021,2021-06-09 19:46:54,3,0,0,0,0,0,0,Ward 2,True,Impact Zone (17th-22nd St)
38.89203978905553,-77.01402428363672,vehicle,minor_or_property,2021,2021-06-17 00:42:43,15,0,0,0,0,0,0,Ward 2,False,Rest of Corridor
38.90496952087109,-77.05712261759105,vehicle,minor_or_property,2021,2021-06-16 02:06:08,5,0,0,0,0,0,0,Ward 2,False,Rest of Corridor
38.893884372614544,-77.02397747905187,vehicle,minor_or_property,2021,2021-06-16 19:04:38,11,0,0,0,0,0,0,Ward 2,False,Rest of Corridor
38.89398155490676,-77.0219139774208,vehicle,minor_or_property,2021,2021-06-19 07:03:56,9,0,0,0,0,0,0,Ward 6,False,Rest of Corridor
38.902983731121566,-77.05141446933675,vehicle,minor_or_property,2021,2021-06-19 19:58:08,2,0,0,0,0,0,0,Ward 2,False,Rest of Corridor
38.90134317194936,-77.04553608991532,vehicle,minor_or_property,2021,2021-06-21 16:14:12,6,0,0,0,0,0,0,Ward 2,True,Impact Zone (17th-22nd St)
38.892117322367646,-77.01756750167213,vehicle,minor_or_property,2021,2021-06-21 19:44:19,1,0,0,0,0,0,0,Ward 6,False,Rest of Corridor
38.89938290625992,-77.04106809301234,vehicle,minor_or_property,2021,2021-06-22 15:37:04,4,0,0,0,0,0,0,Ward 2,True,Impact Zone (17th-22nd St)
38.89307715083813,-77.0210300799889,vehicle,minor_or_property,2021,2021-06-24 13:37:26,9,0,0,0,0,0,0,Ward 2,False,Rest of Corridor
38.891434435909495,-77.01401966916583,vehicle,minor_or_property,2021,2021-06-26 03:12:57,15,0,0,0,0,0,0,Ward 6,False,Rest of Corridor
38.90574470409011,-77.05703780758454,vehicle,minor_or_property,2021,2021-06-27 05:01:45,5,0,0,0,0,0,0,Ward 2,False,Rest of Corridor
38.89551353655463,-77.03295789178995,vehicle,minor_or_property,2021,2021-06-26 08:09:16,15,0,0,0,0,0,0,Ward 2,False,Rest of Corridor
38.89957901380061,-77.04164063513002,vehicle,minor_or_property,2021,2021-06-28 02:29:34,3,0,0,0,0,0,0,Ward 2,True,Impact Zone (17th-22nd St)
38.90307425882264,-77.05167372268522,vehicle,minor_or_property,2021,2021-06-28 06:37:45,2,0,0,0,0,0,0,Ward 2,False,Rest of Corridor
38.89412421258629,-77.02483436834328,vehicle,minor_or_property,2021,2021-07-01 20:10:50,11,0,0,0,0,0,0,Ward 2,False,Rest of Corridor
38.89613339004325,-77.0296418573822,vehicle,minor_or_property,2021,2021-07-02 21:37:38,1,0,0,0,0,0,0,Ward 2,False,Rest of Corridor
38.90199448139622,-77.05012219321341,vehicle,minor_or_property,2021,2021-07-04 05:54:56,1,0,0,0,0,0,0,Ward 2,True,Impact Zone (17th-22nd St)
38.90173741796741,-77.05012430674682,vehicle,minor_or_property,2021,2021-07-07 20:09:30,1,0,0,0,0,0,0,Ward 2,True,Impact Zone (17th-22nd St)
38.89961769865116,-77.0394520298453,vehicle,minor_or_property,2021,2021-07-09 15:39:00,4,0,0,0,0,0,0,Ward 2,True,Impact Zone (17th-22nd St)
38.90021653064848,-77.04348369132914,vehicle,minor_or_property,2021,2021-07-14 20:00:57,6,0,0,0,0,0,0,Ward 2,True,Impact Zone (17th-22nd St)
38.89160818926781,-77.01402099432117,vehicle,minor_or_property,2021,2021-07-15 19:22:33,15,0,0,0,0,0,0,Ward 2,False,Rest of Corridor
38.89295978758933,-77.02058724498971,vehicle,minor_or_property,2021,2021-07-16 22:00:34,9,0,0,0,0,0,0,Ward 2,False,Rest of Corridor
38.89474451278887,-77.0270564111452,vehicle,minor_or_property,2021,2021-07-17 17:43:02,15,0,0,0,0,0,0,Ward 2,False,Rest of Corridor
38.89307715083813,-77.0210300799889,vehicle,minor_or_property,2021,2021-07-22 00:22:17,9,0,0,0,0,0,0,Ward 2,False,Rest of Corridor
38.90523575263447,-77.05811126183438,pedestrian,major_injury,2021,2021-07-22 22:38:50,1,0,0,0,0,1,0,Ward 2,False,Rest of Corridor
38.8999005151145,-77.04346545708329,vehicle,minor_or_property,2021,2021-07-23 19:58:08,4,0,0,0,0,0,0,Ward 2,True,Impact Zone (17th-22nd St)
38.90299824330842,-77.05145601763688,vehicle,minor_or_property,2021,2021-07-27 18:10:35,2,0,0,0,0,0,0,Ward 2,False,Rest of Corridor
38.8987679037482,-77.03516487415288,vehicle,minor_or_property,2021,2021-07-26 13:02:30,16,0,0,0,0,0,0,Ward 2,False,Rest of Corridor
38.89203978905553,-77.01402428363672,vehicle,minor_or_property,2021,2021-07-26 16:59:26,15,0,0,0,0,0,0,Ward 2,False,Rest of Corridor
38.89307715083813,-77.0210300799889,vehicle,minor_or_property,2021,2021-07-30 14:12:56,9,0,0,0,0,0,0,Ward 2,False,Rest of Corridor
38.9020955605044,-77.04883343161055,vehicle,minor_or_property,2021,2021-07-28 14:56:12,2,0,0,0,0,0,0,Ward 2,True,Impact Zone (17th-22nd St)
38.89124945768948,-77.01217440260454,vehicle,minor_or_property,2021,2021-07-28 19:25:11,15,0,0,0,0,0,0,Ward 2,False,Rest of Corridor
38.89278054120462,-77.01995165052313,vehicle,minor_or_property,2021,2021-07-29 01:05:37,8,0,0,0,0,0,0,Ward 6,False,Rest of Corridor
38.90308379559924,-77.0517010295448,vehicle,minor_or_property,2021,2021-10-25 16:01:00,2,0,0,0,0,0,0,Ward 2,False,Rest of Corridor
38.89550770304478,-77.03167384421704,vehicle,minor_or_property,2021,2021-10-27 14:45:00,14,0,0,0,0,0,0,Ward 2,False,Rest of Corridor
38.9013445616241,-77.0440497439329,vehicle,minor_or_property,2021,2021-10-30 18:50:00,6,0,0,0,0,0,0,Ward 2,True,Impact Zone (17th-22nd St)
38.89612012650432,-77.02997220893742,vehicle,minor_or_property,2021,2021-10-28 22:50:00,1,0,0,0,0,0,0,Ward 2,False,Rest of Corridor
38.89958428700169,-77.04427723665228,vehicle,minor_or_property,2021,2021-11-01 19:37:00,6,0,0,0,0,0,0,Ward 2,True,Impact Zone (17th-22nd St)
38.90220136157844,-77.04911776356522,vehicle,minor_or_property,2021,2021-11-02 18:40:00,3,0,0,0,0,0,0,Ward 2,True,Impact Zone (17th-22nd St)
38.89307715083813,-77.0210300799889,vehicle,minor_or_property,2021,2021-11-02 11:00:00,9,0,0,0,0,0,0,Ward 2,False,Rest of Corridor
38.89203778018975,-77.01402427171493,vehicle,minor_or_property,2021,2021-11-01 00:25:00,15,0,0,0,0,0,0,Ward 2,False,Rest of Corridor
38.90293747835681,-77.04881963175569,vehicle,minor_or_property,2021,2021-11-03 17:00:00,5,0,0,0,0,0,0,Ward 2,True,Impact Zone (17th-22nd St)
38.90134338102978,-77.0454849961192,vehicle,minor_or_property,2021,2021-11-08 18:50:00,6,0,0,0,0,0,0,Ward 2,True,Impact Zone (17th-22nd St)
38.90355761528016,-77.05475005300629,vehicle,minor_or_property,2021,2021-11-07 22:30:00,3,0,0,0,0,0,0,Ward 2,False,Rest of Corridor
38.90186695249349,-77.05074257892684,vehicle,minor_or_property,2021,2021-11-10 23:10:00,5,0,0,0,0,0,0,Ward 2,False,Rest of Corridor
38.90306567840678,-77.05021728522689,vehicle,minor_or_property,2021,2021-11-10 14:30:00,5,0,0,0,0,0,0,Ward 2,True,Impact Zone (17th-22nd St)
38.89623947724568,-77.03247042576785,vehicle,minor_or_property,2021,2021-11-16 18:03:00,14,0,0,0,0,0,0,Ward 2,False,Rest of Corridor
38.8950072560744,-77.02802769331497,vehicle,minor_or_property,2021,2021-11-20 08:50:00,12,0,0,0,0,0,0,Ward 2,False,Rest of Corridor
38.90279393779351,-77.05087089509838,vehicle,minor_or_property,2021,2021-11-20 00:17:00,6,0,0,0,0,0,0,Ward 2,False,Rest of Corridor
38.89612012650432,-77.02997220893742,vehicle,minor_or_property,2021,2021-11-21 19:24:00,1,0,0,0,0,0,0,Ward 2,False,Rest of Corridor
38.90400972974714,-77.05330183522541,vehicle,minor_or_property,2021,2021-11-16 15:00:00,3,0,0,0,0,0,0,Ward 2,False,Rest of Corridor
38.89832306467488,-77.04007867504089,vehicle,minor_or_property,2021,2021-11-26 07:40:00,4,0,0,0,0,0,0,Ward 2,True,Impact Zone (17th-22nd St)
38.89365345209729,-77.02505029278406,vehicle,minor_or_property,2021,2021-12-02 01:25:00,11,0,0,0,0,0,0,Ward 2,False,Rest of Corridor
38.90297493202976,-77.05138928436196,vehicle,minor_or_property,2021,2021-11-30 20:25:00,2,0,0,0,0,0,0,Ward 2,False,Rest of Corridor
38.90159685014576,-77.04743076894036,vehicle,minor_or_property,2021,2021-11-29 13:58:00,3,0,0,0,0,0,0,Ward 2,True,Impact Zone (17th-22nd St)
38.90070128556118,-77.04603083258863,vehicle,minor_or_property,2021,2021-12-04 22:00:00,6,0,0,0,0,0,0,Ward 2,True,Impact Zone (17th-22nd St)
38.89413671933712,-77.02811908512203,vehicle,minor_or_property,2021,2021-12-05 02:45:00,12,0,0,0,0,0,0,Ward 2,False,Rest of Corridor
38.902792858741606,-77.04881832226555,vehicle,minor_or_property,2021,2021-12-07 16:25:00,5,0,0,0,0,0,0,Ward 2,True,Impact Zone (17th-22nd St)
38.89930419827532,-77.04084232781497,vehicle,minor_or_property,2021,2021-12-08 16:58:00,4,0,0,0,0,0,0,Ward 2,True,Impact Zone (17th-22nd St)
38.89393584648554,-77.02172080182773,vehicle,minor_or_property,2021,2021-12-10 22:02:00,9,0,0,0,0,0,0,Ward 6,False,Rest of Corridor
38.90545090011165,-77.05916822704384,vehicle,minor_or_property,2021,2021-11-26 18:50:00,1,0,0,0,0,0,0,Ward 2,False,Rest of Corridor
38.8935950501992,-77.0219170171282,vehicle,minor_or_property,2021,2021-12-10 22:00:00,9,0,0,0,0,0,0,Ward 6,False,Rest of Corridor
38.900575579013655,-77.04450657324317,vehicle,minor_or_property,2021,2021-12-16 13:05:00,6,0,0,0,0,0,0,Ward 2,True,Impact Zone (17th-22nd St)
38.90021969733366,-77.04204342513054,vehicle,minor_or_property,2021,2021-12-16 10:04:00,4,0,0,0,0,0,0,Ward 2,True,Impact Zone (17th-22nd St)
38.89367478906318,-77.02319331874058,vehicle,minor_or_property,2021,2021-12-14 03:56:00,10,0,0,0,0,0,0,Ward 2,False,Rest of Corridor
38.900239151561394,-77.04262572774984,vehicle,minor_or_property,2021,2021-12-19 16:30:00,4,0,0,0,0,0,0,Ward 2,True,Impact Zone (17th-22nd St)
38.89612012650432,-77.02997220893742,vehicle,minor_or_property,2021,2021-12-27 16:55:00,1,0,0,0,0,0,0,Ward 2,False,Rest of Corridor
38.90253377013588,-77.05011429462617,vehicle,minor_or_property,2021,2021-12-29 12:15:00,5,0,0,0,0,0,0,Ward 2,True,Impact Zone (17th-22nd St)
38.898322984631534,-77.04085581855149,vehicle,minor_or_property,2022,2022-01-08 07:55:00,4,0,0,0,0,0,0,Ward 2,True,Impact Zone (17th-22nd St)
38.89313315107231,-77.01992717339851,vehicle,minor_or_property,2022,2022-01-12 13:03:00,9,0,0,0,0,0,0,Ward 6,False,Rest of Corridor
38.90537208347024,-77.05811445116635,vehicle,minor_or_property,2022,2022-01-10 10:43:00,1,0,0,0,0,0,0,Ward 2,False,Rest of Corridor
38.90400543273152,-77.05330190118738,vehicle,minor_or_property,2022,2022-01-10 15:45:00,3,0,0,0,0,0,0,Ward 2,False,Rest of Corridor
38.90319506949362,-77.0520196946654,vehicle,minor_or_property,2022,2022-01-10 19:20:00,2,0,0,0,0,0,0,Ward 2,False,Rest of Corridor
38.900701999893855,-77.04733166450755,vehicle,minor_or_property,2022,2022-01-13 11:38:00,3,0,0,0,0,0,0,Ward 2,True,Impact Zone (17th-22nd St)
38.90278870210112,-77.04951228635895,vehicle,minor_or_property,2022,2022-01-15 19:55:00,5,0,0,0,0,0,0,Ward 2,True,Impact Zone (17th-22nd St)
38.89431778836691,-77.02811579053134,vehicle,minor_or_property,2022,2022-01-19 23:00:00,12,0,0,0,0,0,0,Ward 2,False,Rest of Corridor
38.90144102400771,-77.04698378880771,vehicle,minor_or_property,2022,2022-01-14 12:15:00,3,0,0,0,0,0,0,Ward 2,True,Impact Zone (17th-22nd St)
38.902135881152766,-77.05141758192454,vehicle,minor_or_property,2022,2022-01-28 06:15:00,5,0,0,0,0,0,0,Ward 2,False,Rest of Corridor
38.90332401069346,-77.04939403879656,vehicle,minor_or_property,2022,2022-01-31 13:30:00,5,0,0,0,0,0,0,Ward 2,True,Impact Zone (17th-22nd St)
38.89538432921228,-77.02938058771117,vehicle,minor_or_property,2022,2022-02-02 14:20:00,12,0,0,0,0,0,0,Ward 2,False,Rest of Corridor
38.90537062649792,-77.05916857550015,vehicle,minor_or_property,2022,2022-02-01 15:00:00,1,0,0,0,0,0,0,Ward 2,False,Rest of Corridor
38.89313315107231,-77.01992717339851,vehicle,minor_or_property,2022,2022-02-10 07:30:00,9,0,0,0,0,0,0,Ward 6,False,Rest of Corridor
38.90159685014576,-77.04743076894036,vehicle,minor_or_property,2022,2022-02-08 13:06:00,3,0,0,0,0,0,0,Ward 2,True,Impact Zone (17th-22nd St)
38.90508542339248,-77.05810690820847,vehicle,minor_or_property,2022,2022-02-08 14:27:00,1,0,0,0,0,0,0,Ward 2,False,Rest of Corridor
38.90279293911112,-77.05086803528138,vehicle,minor_or_property,2022,2022-02-11 11:35:00,6,0,0,0,0,0,0,Ward 2,False,Rest of Corridor
38.89875099068212,-77.03908999800288,vehicle,minor_or_property,2022,2022-02-12 14:25:00,6,0,0,0,0,0,0,Ward 2,True,Impact Zone (17th-22nd St)
38.903539724589976,-77.05011367558939,vehicle,minor_or_property,2022,2022-02-11 20:15:00,5,0,0,0,0,0,0,Ward 2,True,Impact Zone (17th-22nd St)
38.90297493202976,-77.05138928436196,vehicle,minor_or_property,2022,2022-02-16 00:59:00,2,0,0,0,0,0,0,Ward 2,False,Rest of Corridor
38.90279393779351,-77.05087089509838,vehicle,minor_or_property,2022,2022-02-07 14:00:00,6,0,0,0,0,0,0,Ward 2,False,Rest of Corridor
38.90070128556118,-77.04603083258863,vehicle,minor_or_property,2022,2022-02-17 22:00:00,6,0,0,0,0,0,0,Ward 2,True,Impact Zone (17th-22nd St)
38.89393584648554,-77.02172080182773,vehicle,minor_or_property,2022,2022-02-22 06:30:00,9,0,0,0,0,0,0,Ward 6,False,Rest of Corridor
38.90400576604056,-77.05330190143644,vehicle,minor_or_property,2022,2022-02-22 17:05:00,3,0,0,0,0,0,0,Ward 2,False,Rest of Corridor
38.89926622743106,-77.04346520892318,vehicle,minor_or_property,2022,2022-02-22 19:55:00,4,0,0,0,0,0,0,Ward 2,True,Impact Zone (17th-22nd St)
38.903747385228925,-77.05235264578415,vehicle,minor_or_property,2022,2022-02-23 17:35:00,2,0,0,0,0,0,0,Ward 2,False,Rest of Corridor
38.89702888377953,-77.03196821127743,vehicle,minor_or_property,2022,2022-02-23 16:55:00,14,0,0,0,0,0,0,Ward 2,False,Rest of Corridor
38.8950072560744,-77.02802769331497,vehicle,minor_or_property,2022,2022-02-26 23:25:00,12,0,0,0,0,0,0,Ward 2,False,Rest of Corridor
38.903800659339545,-77.05376379986785,vehicle,minor_or_property,2022,2022-02-27 06:25:00,3,0,0,0,0,0,0,Ward 2,False,Rest of Corridor
38.89367478906318,-77.02319331874058,vehicle,minor_or_property,2022,2022-02-25 19:14:00,10,0,0,0,0,0,0,Ward 2,False,Rest of Corridor
38.90215934862599,-77.0492199582507,vehicle,minor_or_property,2022,2022-02-28 02:15:00,1,0,0,0,0,0,0,Ward 2,True,Impact Zone (17th-22nd St)
38.90021878347613,-77.0417027768722,vehicle,minor_or_property,2022,2022-02-28 16:11:00,4,0,0,0,0,0,0,Ward 2,True,Impact Zone (17th-22nd St)
38.90134336066536,-77.0454910254666,vehicle,minor_or_property,2022,2022-03-04 21:33:00,6,0,0,0,0,0,0,Ward 2,True,Impact Zone (17th-22nd St)
38.89240221706982,-77.01589837470372,vehicle,minor_or_property,2022,2022-03-05 18:59:00,8,0,0,0,0,0,0,Ward 6,False,Rest of Corridor
38.90524577878464,-77.05811155822899,vehicle,minor_or_property,2022,2022-03-03 14:55:00,1,0,0,0,0,0,0,Ward 2,False,Rest of Corridor
38.90505668562351,-77.05743513522471,vehicle,minor_or_property,2022,2022-03-04 11:18:00,1,0,0,0,0,0,0,Ward 2,False,Rest of Corridor
38.89240221706982,-77.01589837470372,vehicle,minor_or_property,2022,2022-03-07 22:05:00,8,0,0,0,0,0,0,Ward 6,False,Rest of Corridor
38.89240221706982,-77.01589837470372,vehicle,minor_or_property,2022,2022-03-07 04:00:00,8,0,0,0,0,0,0,Ward 6,False,Rest of Corridor
38.89388478701613,-77.0239773985007,vehicle,minor_or_property,2022,2022-02-19 06:33:00,11,0,0,0,0,0,0,Ward 2,False,Rest of Corridor
38.902790822867935,-77.04881828628614,vehicle,minor_or_property,2022,2022-03-10 21:56:00,5,0,0,0,0,0,0,Ward 2,True,Impact Zone (17th-22nd St)
38.89371867451541,-77.02334568775424,vehicle,minor_or_property,2022,2022-03-18 12:45:00,10,0,0,0,0,0,0,Ward 2,False,Rest of Corridor
38.89549614572982,-77.02704908810568,vehicle,minor_or_property,2022,2022-03-18 16:15:00,11,0,0,0,0,0,0,Ward 2,False,Rest of Corridor
38.89550770278223,-77.03167481252439,vehicle,minor_or_property,2022,2022-03-19 11:00:00,14,0,0,0,0,0,0,Ward 2,False,Rest of Corridor
38.89612012650432,-77.02997220893742,vehicle,minor_or_property,2022,2022-03-27 14:02:00,1,0,0,0,0,0,0,Ward 2,False,Rest of Corridor
38.903186540890815,-77.0495271002224,vehicle,minor_or_property,2022,2022-03-26 10:45:00,5,0,0,0,0,0,0,Ward 2,True,Impact Zone (17th-22nd St)
38.90400972974714,-77.05330183522541,vehicle,minor_or_property,2022,2022-03-25 15:20:00,3,0,0,0,0,0,0,Ward 2,False,Rest of Corridor
38.90371300140389,-77.05350354037058,vehicle,minor_or_property,2022,2022-03-29 08:15:00,3,0,0,0,0,0,0,Ward 2,False,Rest of Corridor
38.90505713524178,-77.05743676117778,vehicle,minor_or_property,2022,2022-03-05 23:30:00,1,0,0,0,0,0,0,Ward 2,False,Rest of Corridor
38.89875100036168,-77.03908799213713,vehicle,minor_or_property,2022,2022-04-03 23:30:00,6,0,0,0,0,0,0,Ward 2,True,Impact Zone (17th-22nd St)
38.90490674527428,-77.05810171294982,vehicle,minor_or_property,2022,2022-04-02 13:48:00,1,0,0,0,0,0,0,Ward 2,False,Rest of Corridor
38.90132600185265,-77.04665517638877,vehicle,minor_or_property,2022,2022-04-12 18:00:00,3,0,0,0,0,0,0,Ward 2,True,Impact Zone (17th-22nd St)
38.89464189667551,-77.03135120174998,vehicle,minor_or_property,2022,2022-04-10 08:57:00,14,0,0,0,0,0,0,Ward 2,False,Rest of Corridor
38.89312815142637,-77.01992717200189,vehicle,minor_or_property,2022,2022-04-16 13:10:00,9,0,0,0,0,0,0,Ward 6,False,Rest of Corridor
38.90133180474639,-77.04490426804907,vehicle,minor_or_property,2022,2022-04-16 16:01:00,7,0,0,0,0,0,0,Ward 2,True,Impact Zone (17th-22nd St)
38.90028810013266,-77.04368206685147,vehicle,minor_or_property,2022,2022-04-17 01:15:00,6,0,0,0,0,0,0,Ward 2,True,Impact Zone (17th-22nd St)
38.89240221706982,-77.01589837470372,vehicle,minor_or_property,2022,2022-04-16 14:15:00,8,0,0,0,0,0,0,Ward 6,False,Rest of Corridor
38.905493848415006,-77.05811639502994,vehicle,minor_or_property,2022,2022-04-19 03:23:00,1,0,0,0,0,0,0,Ward 2,False,Rest of Corridor
38.90374779215135,-77.05141611532162,vehicle,minor_or_property,2022,2022-04-20 21:05:00,2,0,0,0,0,0,0,Ward 2,False,Rest of Corridor
38.89464381039959,-77.02669461074827,vehicle,minor_or_property,2022,2022-04-21 15:42:00,14,0,0,0,0,0,0,Ward 2,False,Rest of Corridor
38.903539724589976,-77.05011367558939,vehicle,minor_or_property,2022,2022-04-27 11:17:00,5,0,0,0,0,0,0,Ward 2,True,Impact Zone (17th-22nd St)
38.89470045461595,-77.02507029151685,vehicle,minor_or_property,2022,2022-04-30 01:33:00,11,0,0,0,0,0,0,Ward 2,False,Rest of Corridor
38.90278870210112,-77.04951228635895,vehicle,minor_or_property,2022,2022-04-30 02:25:00,5,0,0,0,0,0,0,Ward 2,True,Impact Zone (17th-22nd St)
38.89204678939621,-77.01424072580507,vehicle,minor_or_property,2022,2022-04-27 14:45:00,15,0,0,0,0,0,0,Ward 2,False,Rest of Corridor
38.89653320700657,-77.03196982203339,vehicle,minor_or_property,2022,2022-04-26 17:45:00,14,0,0,0,0,0,0,Ward 2,False,Rest of Corridor
38.89474451278887,-77.0270564111452,vehicle,minor_or_property,2022,2022-04-29 21:14:00,15,0,0,0,0,0,0,Ward 2,False,Rest of Corridor
38.89240221706982,-77.01589837470372,vehicle,minor_or_property,2022,2022-05-05 02:00:00,8,0,0,0,0,0,0,Ward 6,False,Rest of Corridor
38.89612012650432,-77.02997220893742,vehicle,minor_or_property,2022,2022-05-05 11:59:00,1,0,0,0,0,0,0,Ward 2,False,Rest of Corridor
38.90522678038569,-77.05917000106558,vehicle,minor_or_property,2022,2022-05-05 20:10:00,1,0,0,0,0,0,0,Ward 2,False,Rest of Corridor
38.9020955605044,-77.04883343161055,vehicle,minor_or_property,2022,2022-05-08 15:12:00,2,0,0,0,0,0,0,Ward 2,True,Impact Zone (17th-22nd St)
38.903235465444766,-77.05213538024458,vehicle,minor_or_property,2022,2022-05-11 18:45:00,2,0,0,0,0,0,0,Ward 2,False,Rest of Corridor
38.8995064631474,-77.03945277529124,vehicle,minor_or_property,2022,2022-05-12 12:38:00,4,0,0,0,0,0,0,Ward 2,True,Impact Zone (17th-22nd St)
38.89240221706982,-77.01589837470372,vehicle,minor_or_property,2022,2022-05-16 16:00:00,8,0,0,0,0,0,0,Ward 6,False,Rest of Corridor
38.89521564674664,-77.02876842362211,vehicle,minor_or_property,2022,2022-05-12 18:15:00,12,0,0,0,0,0,0,Ward 2,False,Rest of Corridor
38.90206378707588,-77.05141800262572,vehicle,minor_or_property,2022,2022-05-13 12:24:00,5,0,0,0,0,0,0,Ward 2,False,Rest of Corridor
38.90134338102978,-77.0454849961192,vehicle,minor_or_property,2022,2022-05-17 21:20:00,6,0,0,0,0,0,0,Ward 2,True,Impact Zone (17th-22nd St)
38.89240221706982,-77.01589837470372,vehicle,minor_or_property,2022,2022-05-21 21:20:00,8,0,0,0,0,0,0,Ward 6,False,Rest of Corridor
38.89612012650432,-77.02997220893742,vehicle,minor_or_property,2022,2022-05-10 19:50:00,1,0,0,0,0,0,0,Ward 2,False,Rest of Corridor
38.902985017692565,-77.05141815944152,vehicle,minor_or_property,2022,2022-05-27 18:30:00,2,0,0,0,0,0,0,Ward 2,False,Rest of Corridor
38.8950072560744,-77.02802769331497,vehicle,minor_or_property,2022,2022-05-31 21:55:00,12,0,0,0,0,0,0,Ward 2,False,Rest of Corridor
38.895506447116695,-77.03195227816309,vehicle,minor_or_property,2022,2022-05-22 08:20:00,16,0,0,0,0,0,0,Ward 2,False,Rest of Corridor
38.90400972974714,-77.05330183522541,vehicle,minor_or_property,2022,2022-06-02 18:05:00,3,0,0,0,0,0,0,Ward 2,False,Rest of Corridor
38.902135881152766,-77.05141758192454,vehicle,minor_or_property,2022,2022-06-03 12:15:00,5,0,0,0,0,0,0,Ward 2,False,Rest of Corridor
38.89240221706982,-77.01589837470372,vehicle,minor_or_property,2022,2022-05-21 16:01:00,8,0,0,0,0,0,0,Ward 6,False,Rest of Corridor
38.90220201844187,-77.04911953941466,vehicle,minor_or_property,2022,2022-06-04 12:00:00,3,0,0,0,0,0,0,Ward 2,True,Impact Zone (17th-22nd St)
38.89283244820594,-77.02294029152293,vehicle,minor_or_property,2022,2022-06-06 18:10:00,7,0,0,0,0,0,0,Ward 2,False,Rest of Corridor
38.90547888564957,-77.0581161753149,vehicle,minor_or_property,2022,2022-06-12 00:08:00,1,0,0,0,0,0,0,Ward 2,False,Rest of Corridor
38.90509936812363,-77.05810731155535,vehicle,minor_or_property,2022,2022-06-12 16:45:00,1,0,0,0,0,0,0,Ward 2,False,Rest of Corridor
38.89240221706982,-77.01589837470372,vehicle,minor_or_property,2022,2022-06-11 02:57:00,8,0,0,0,0,0,0,Ward 6,False,Rest of Corridor
38.902135881152766,-77.05141758192454,vehicle,minor_or_property,2022,2022-06-14 13:30:00,5,0,0,0,0,0,0,Ward 2,False,Rest of Corridor
38.90278870210112,-77.04951228635895,vehicle,minor_or_property,2022,2022-06-14 20:55:00,5,0,0,0,0,0,0,Ward 2,True,Impact Zone (17th-22nd St)
38.90513908355727,-77.05773056374387,vehicle,minor_or_property,2022,2022-06-10 16:30:00,1,0,0,0,0,0,0,Ward 2,False,Rest of Corridor
38.90347372919616,-77.05011409037273,vehicle,minor_or_property,2022,2022-06-15 12:05:00,5,0,0,0,0,0,0,Ward 2,True,Impact Zone (17th-22nd St)
38.89550770278223,-77.03167481252439,vehicle,minor_or_property,2022,2022-06-07 13:30:00,14,0,0,0,0,0,0,Ward 2,False,Rest of Corridor
38.90517054798563,-77.05784337774176,vehicle,minor_or_property,2022,2022-06-16 14:00:00,1,0,0,0,0,0,0,Ward 2,False,Rest of Corridor
38.90225611635904,-77.0466514615498,vehicle,minor_or_property,2022,2022-06-20 23:10:00,3,0,0,0,0,0,0,Ward 2,True,Impact Zone (17th-22nd St)
38.89951206469855,-77.03364175421902,vehicle,minor_or_property,2022,2022-06-18 21:30:00,5,0,0,0,0,0,0,Ward 2,False,Rest of Corridor
38.893884372614544,-77.02397747905187,vehicle,minor_or_property,2022,2022-06-24 20:30:00,11,0,0,0,0,0,0,Ward 2,False,Rest of Corridor
38.89412425759625,-77.02483451821321,vehicle,minor_or_property,2022,2022-06-24 18:00:00,11,0,0,0,0,0,0,Ward 2,False,Rest of Corridor
38.90220201844187,-77.04911953941466,vehicle,minor_or_property,2022,2022-06-16 03:30:00,3,0,0,0,0,0,0,Ward 2,True,Impact Zone (17th-22nd St)
38.90183395624199,-77.05141932412837,vehicle,minor_or_property,2022,2022-06-24 19:25:00,5,0,0,0,0,0,0,Ward 2,False,Rest of Corridor
38.90220201844187,-77.04911953941466,vehicle,minor_or_property,2022,2022-06-30 16:20:00,3,0,0,0,0,0,0,Ward 2,True,Impact Zone (17th-22nd St)
38.89701044903951,-77.02962429624536,vehicle,minor_or_property,2022,2022-06-23 21:50:00,1,0,0,0,0,0,0,Ward 2,False,Rest of Corridor
38.90608509267218,-77.05791878238837,vehicle,minor_or_property,2022,2022-07-05 02:50:00,5,0,0,0,0,0,0,Ward 2,False,Rest of Corridor
38.90220201844187,-77.04911953941466,vehicle,minor_or_property,2022,2022-07-06 23:35:00,3,0,0,0,0,0,0,Ward 2,True,Impact Zone (17th-22nd St)
38.89611712949168,-77.03136831148156,vehicle,minor_or_property,2022,2022-07-08 18:00:00,2,0,0,0,0,0,0,Ward 2,False,Rest of Corridor
38.893884372614544,-77.02397747905187,vehicle,minor_or_property,2022,2022-07-17 03:39:00,11,0,0,0,0,0,0,Ward 2,False,Rest of Corridor
38.89204678939621,-77.01424072580507,vehicle,minor_or_property,2022,2022-07-14 19:50:00,15,0,0,0,0,0,0,Ward 2,False,Rest of Corridor
38.90158725709342,-77.05012556158492,vehicle,minor_or_property,2022,2022-07-19 12:21:00,1,0,0,0,0,0,0,Ward 2,True,Impact Zone (17th-22nd St)
38.89297881937296,-77.02065472989676,vehicle,minor_or_property,2022,2022-07-18 15:48:00,9,0,0,0,0,0,0,Ward 6,False,Rest of Corridor
38.90308379559924,-77.0517010295448,vehicle,minor_or_property,2022,2022-07-20 16:02:00,2,0,0,0,0,0,0,Ward 2,False,Rest of Corridor
38.9060850561462,-77.05793794385748,vehicle,minor_or_property,2022,2022-07-22 02:11:00,5,0,0,0,0,0,0,Ward 2,False,Rest of Corridor
38.90363673756333,-77.05328475905777,vehicle,minor_or_property,2022,2022-07-22 14:20:00,2,0,0,0,0,0,0,Ward 2,False,Rest of Corridor
38.90509936812363,-77.05810731155535,vehicle,minor_or_property,2022,2022-07-22 16:00:00,1,0,0,0,0,0,0,Ward 2,False,Rest of Corridor
38.90346788362182,-77.05141815013187,vehicle,minor_or_property,2022,2022-07-21 17:30:00,2,0,0,0,0,0,0,Ward 2,False,Rest of Corridor
38.89431778836691,-77.02811579053134,vehicle,minor_or_property,2022,2022-07-24 18:30:00,12,0,0,0,0,0,0,Ward 2,False,Rest of Corridor
38.89288577468827,-77.02192441858759,vehicle,minor_or_property,2022,2022-07-26 22:00:00,10,0,0,0,0,0,0,Ward 2,False,Rest of Corridor
38.90070000759779,-77.04577553734448,vehicle,minor_or_property,2022,2022-07-28 16:45:00,6,0,0,0,0,0,0,Ward 2,True,Impact Zone (17th-22nd St)
38.89064258694732,-77.0152022780376,vehicle,minor_or_property,2022,2022-07-28 20:52:00,7,0,0,0,0,0,0,Ward 2,False,Rest of Corridor
38.89653320700657,-77.03196982203339,vehicle,minor_or_property,2022,2022-08-01 17:40:00,14,0,0,0,0,0,0,Ward 2,False,Rest of Corridor
38.893968871163295,-77.0219137545071,vehicle,minor_or_property,2022,2022-08-03 21:45:00,9,0,0,0,0,0,0,Ward 6,False,Rest of Corridor
38.90393756240246,-77.05141558344378,vehicle,minor_or_property,2022,2022-08-02 12:34:00,2,0,0,0,0,0,0,Ward 2,False,Rest of Corridor
38.90545096317015,-77.05916822709615,vehicle,minor_or_property,2022,2022-08-08 02:30:00,1,0,0,0,0,0,0,Ward 2,False,Rest of Corridor
38.89806812189388,-77.03364637605213,vehicle,minor_or_property,2022,2022-08-10 02:30:00,5,0,0,0,0,0,0,Ward 2,False,Rest of Corridor
38.902257107278125,-77.04665146219787,vehicle,minor_or_property,2022,2022-08-12 20:06:00,3,0,0,0,0,0,0,Ward 2,True,Impact Zone (17th-22nd St)
38.903083966548834,-77.05170150234525,vehicle,minor_or_property,2022,2022-08-06 17:00:00,2,0,0,0,0,0,0,Ward 2,False,Rest of Corridor
38.89550642772818,-77.03195729260378,vehicle,minor_or_property,2022,2022-08-14 19:45:00,16,0,0,0,0,0,0,Ward 2,False,Rest of Corridor
38.8949556931289,-77.03077943172256,vehicle,minor_or_property,2022,2022-08-21 19:15:00,14,0,0,0,0,0,0,Ward 2,False,Rest of Corridor
38.90134298334642,-77.0455808200398,vehicle,minor_or_property,2022,2022-08-24 22:30:00,6,0,0,0,0,0,0,Ward 2,True,Impact Zone (17th-22nd St)
38.90319506949362,-77.0520196946654,vehicle,minor_or_property,2022,2022-08-27 14:15:00,2,0,0,0,0,0,0,Ward 2,False,Rest of Corridor
38.90278870210112,-77.04951228635895,vehicle,minor_or_property,2022,2022-08-27 15:05:00,5,0,0,0,0,0,0,Ward 2,True,Impact Zone (17th-22nd St)
38.90144186082508,-77.04698617574388,bicycle,major_injury,2022,2022-08-27 04:36:00,3,0,0,0,1,0,0,Ward 2,True,Impact Zone (17th-22nd St)
38.89397379872424,-77.02191384823861,vehicle,minor_or_property,2022,2022-08-17 14:15:00,9,0,0,0,0,0,0,Ward 6,False,Rest of Corridor
38.892388647872345,-77.01854314168797,vehicle,minor_or_property,2022,2022-08-30 21:45:00,17,0,0,0,0,0,0,Ward 6,False,Rest of Corridor
38.90538988031775,-77.05702501480292,vehicle,minor_or_property,2022,2022-08-31 14:00:00,5,0,0,0,0,0,0,Ward 2,False,Rest of Corridor
38.89901840857183,-77.04170748174852,vehicle,minor_or_property,2022,2022-09-03 03:30:00,4,0,0,0,0,0,0,Ward 2,True,Impact Zone (17th-22nd St)
38.89220584098936,-77.01991105329448,vehicle,minor_or_property,2022,2022-09-08 19:40:00,9,0,0,0,0,0,0,Ward 2,False,Rest of Corridor
38.89179045352391,-77.01639022817132,vehicle,minor_or_property,2022,2022-09-11 05:30:00,16,0,0,0,0,0,0,Null,False,Rest of Corridor
38.90071288633399,-77.0449018148579,vehicle,minor_or_property,2022,2022-09-07 17:14:00,7,0,0,0,0,0,0,Ward 2,True,Impact Zone (17th-22nd St)
38.89375769575656,-77.02349553089917,vehicle,minor_or_property,2022,2022-09-18 15:50:00,10,0,0,0,0,0,0,Ward 2,False,Rest of Corridor
38.90220136157844,-77.04911776356522,vehicle,minor_or_property,2022,2022-09-25 15:02:00,3,0,0,0,0,0,0,Ward 2,True,Impact Zone (17th-22nd St)
38.896965074065946,-77.03364835728065,vehicle,minor_or_property,2022,2022-09-25 05:31:00,14,0,0,0,0,0,0,Ward 2,False,Rest of Corridor
38.89893910782111,-77.03979699957205,vehicle,minor_or_property,2022,2022-09-29 19:20:00,4,0,0,0,0,0,0,Ward 2,True,Impact Zone (17th-22nd St)
38.89474746768055,-77.02705577826185,vehicle,minor_or_property,2022,2022-09-26 16:30:00,15,0,0,0,0,0,0,Ward 2,False,Rest of Corridor
38.89413671933712,-77.02811908512203,vehicle,minor_or_property,2022,2022-09-23 01:00:00,12,0,0,0,0,0,0,Ward 2,False,Rest of Corridor
38.90344811103774,-77.05330572729656,vehicle,minor_or_property,2022,2022-10-02 05:47:00,2,0,0,0,0,0,0,Ward 2,False,Rest of Corridor
38.90445494480697,-77.05809257141797,pedestrian,major_injury,2022,2022-10-05 20:46:00,1,0,0,0,0,1,0,Ward 2,False,Rest of Corridor
38.90278870210112,-77.04951228635895,vehicle,minor_or_property,2022,2022-10-01 20:00:00,5,0,0,0,0,0,0,Ward 2,True,Impact Zone (17th-22nd St)
38.90423539703821,-77.05503319226902,vehicle,minor_or_property,2022,2022-10-11 18:00:00,4,0,0,0,0,0,0,Ward 2,False,Rest of Corridor
38.90496952087109,-77.05712261759105,vehicle,minor_or_property,2022,2022-10-08 17:43:00,5,0,0,0,0,0,0,Ward 2,False,Rest of Corridor
38.89179059768381,-77.01639004377452,vehicle,minor_or_property,2022,2022-10-09 17:40:00,16,0,0,0,0,0,0,Ward 6,False,Rest of Corridor
38.89431778836691,-77.02811579053134,vehicle,minor_or_property,2022,2022-10-14 13:20:00,12,0,0,0,0,0,0,Ward 2,False,Rest of Corridor
38.90308379559924,-77.0517010295448,vehicle,minor_or_property,2022,2022-10-12 21:19:00,2,0,0,0,0,0,0,Ward 2,False,Rest of Corridor
38.89375769575656,-77.02349553089917,vehicle,minor_or_property,2022,2022-10-13 00:00:00,10,0,0,0,0,0,0,Ward 2,False,Rest of Corridor
38.89495566610376,-77.03077943171088,vehicle,minor_or_property,2022,2022-10-13 14:36:00,14,0,0,0,0,0,0,Ward 2,False,Rest of Corridor
38.90234653735207,-77.0495088206062,vehicle,minor_or_property,2022,2022-10-14 18:07:00,5,0,0,0,0,0,0,Ward 2,True,Impact Zone (17th-22nd St)
38.90225611635904,-77.0466514615498,vehicle,minor_or_property,2022,2022-10-16 08:20:00,3,0,0,0,0,0,0,Ward 2,True,Impact Zone (17th-22nd St)
38.90199449035018,-77.05012232003342,vehicle,minor_or_property,2022,2022-10-18 11:45:00,1,0,0,0,0,0,0,Ward 2,True,Impact Zone (17th-22nd St)
38.90045478581812,-77.04665397250135,vehicle,minor_or_property,2022,2022-10-20 22:28:00,6,0,0,0,0,0,0,Ward 2,True,Impact Zone (17th-22nd St)
38.90045478581812,-77.04665397250135,vehicle,minor_or_property,2022,2022-10-20 20:00:00,6,0,0,0,0,0,0,Ward 2,True,Impact Zone (17th-22nd St)
38.90158326638164,-77.05012558183749,vehicle,minor_or_property,2022,2022-10-24 10:45:00,1,0,0,0,0,0,0,Ward 2,True,Impact Zone (17th-22nd St)
38.90374779215135,-77.05141611532162,vehicle,minor_or_property,2022,2022-10-25 18:00:00,2,0,0,0,0,0,0,Ward 2,False,Rest of Corridor
38.89550642771244,-77.03195735024106,vehicle,minor_or_property,2022,2022-10-27 11:03:00,16,0,0,0,0,0,0,Ward 2,False,Rest of Corridor
38.90268830059017,-77.05330701558441,vehicle,minor_or_property,2022,2022-10-31 19:16:00,2,0,0,0,0,0,0,Ward 2,False,Rest of Corridor
38.90305030823386,-77.04992751231448,vehicle,minor_or_property,2022,2022-11-03 21:33:00,5,0,0,0,0,0,0,Ward 2,True,Impact Zone (17th-22nd St)
38.89640098658676,-77.03340284120411,vehicle,minor_or_property,2022,2022-11-05 17:12:00,14,0,0,0,0,0,0,Ward 2,False,Rest of Corridor
38.90509936812363,-77.05810731155535,vehicle,minor_or_property,2022,2022-11-05 00:00:00,1,0,0,0,0,0,0,Ward 2,False,Rest of Corridor
38.90409155039291,-77.05465201792329,pedestrian,major_injury,2022,2022-11-05 20:30:00,3,0,0,0,0,1,0,Ward 2,False,Rest of Corridor
38.893506355454726,-77.02261703346545,vehicle,minor_or_property,2022,2022-11-11 00:20:00,7,0,0,0,0,0,0,Ward 2,False,Rest of Corridor
38.89832599346724,-77.03289377026927,vehicle,minor_or_property,2022,2022-11-09 16:55:00,5,0,0,0,0,0,0,Ward 2,False,Rest of Corridor
38.90493195028351,-77.05810244827907,vehicle,minor_or_property,2022,2022-11-17 15:01:00,1,0,0,0,0,0,0,Ward 2,False,Rest of Corridor
38.89613803812383,-77.02917766705724,vehicle,minor_or_property,2022,2022-11-15 23:28:00,1,0,0,0,0,0,0,Ward 2,False,Rest of Corridor
38.89700740419764,-77.02962435261942,vehicle,minor_or_property,2022,2022-11-15 22:55:00,1,0,0,0,0,0,0,Ward 2,False,Rest of Corridor
38.8995064631474,-77.03945277529124,vehicle,minor_or_property,2022,2022-11-18 19:00:00,4,0,0,0,0,0,0,Ward 2,True,Impact Zone (17th-22nd St)
38.90220201844187,-77.04911953941466,vehicle,minor_or_property,2022,2022-11-17 16:00:00,3,0,0,0,0,0,0,Ward 2,True,Impact Zone (17th-22nd St)
38.90287877096483,-77.04881946475922,vehicle,minor_or_property,2022,2022-11-18 11:30:00,5,0,0,0,0,0,0,Ward 2,True,Impact Zone (17th-22nd St)
38.893884372614544,-77.02397747905187,vehicle,minor_or_property,2022,2022-11-19 23:55:00,11,0,0,0,0,0,0,Ward 2,False,Rest of Corridor
38.90186695249349,-77.05074257892684,vehicle,minor_or_property,2022,2022-11-22 17:35:00,5,0,0,0,0,0,0,Ward 2,False,Rest of Corridor
38.89671603673282,-77.03365202088291,vehicle,minor_or_property,2022,2022-12-01 13:00:00,14,0,0,0,0,0,0,Ward 2,False,Rest of Corridor
38.89633347438379,-77.03281130520404,vehicle,minor_or_property,2022,2022-12-07 21:35:00,14,0,0,0,0,0,0,Ward 2,False,Rest of Corridor
38.900239151561394,-77.04262572774984,vehicle,minor_or_property,2022,2022-12-07 12:37:00,4,0,0,0,0,0,0,Ward 2,True,Impact Zone (17th-22nd St)
38.90447379008284,-77.05809297874977,vehicle,minor_or_property,2022,2022-12-04 11:20:00,1,0,0,0,0,0,0,Ward 2,False,Rest of Corridor
38.89480521885512,-77.02365999089612,vehicle,minor_or_property,2022,2022-11-28 15:15:00,10,0,0,0,0,0,0,Ward 6,False,Rest of Corridor
38.90388642754683,-77.05401842097837,vehicle,minor_or_property,2022,2022-12-10 00:13:00,3,0,0,0,0,0,0,Ward 2,False,Rest of Corridor
38.90279393779351,-77.05087089509838,vehicle,minor_or_property,2022,2022-12-07 21:58:00,6,0,0,0,0,0,0,Ward 2,False,Rest of Corridor
38.89875100036168,-77.03908799213713,vehicle,minor_or_property,2022,2022-12-07 02:30:00,6,0,0,0,0,0,0,Ward 2,True,Impact Zone (17th-22nd St)
38.90180631778472,-77.04803516243102,vehicle,minor_or_property,2022,2022-12-08 18:45:00,3,0,0,0,0,0,0,Ward 2,True,Impact Zone (17th-22nd St)
38.89464381039959,-77.02669461074827,vehicle,minor_or_property,2022,2022-12-08 23:55:00,14,0,0,0,0,0,0,Ward 2,False,Rest of Corridor
38.89997443266503,-77.04490779427425,vehicle,minor_or_property,2022,2022-12-08 21:30:00,6,0,0,0,0,0,0,Ward 2,True,Impact Zone (17th-22nd St)
38.89240221706982,-77.01589837470372,vehicle,minor_or_property,2022,2022-12-14 22:44:00,8,0,0,0,0,0,0,Ward 6,False,Rest of Corridor
38.9011469381695,-77.04614491683566,vehicle,minor_or_property,2022,2022-12-18 20:00:00,6,0,0,0,0,0,0,Ward 2,True,Impact Zone (17th-22nd St)
38.89633347438379,-77.03281130520404,vehicle,minor_or_property,2022,2022-12-18 09:00:00,14,0,0,0,0,0,0,Ward 2,False,Rest of Corridor
38.893506355454726,-77.02261703346545,vehicle,minor_or_property,2022,2022-12-18 01:25:00,7,0,0,0,0,0,0,Ward 2,False,Rest of Corridor
38.903800659339545,-77.05376379986785,vehicle,minor_or_property,2022,2022-12-15 22:40:00,3,0,0,0,0,0,0,Ward 2,False,Rest of Corridor
38.89633347438379,-77.03281130520404,vehicle,minor_or_property,2022,2022-12-15 21:25:00,14,0,0,0,0,0,0,Ward 2,False,Rest of Corridor
38.90278870210112,-77.04951228635895,vehicle,minor_or_property,2022,2022-12-13 15:02:00,5,0,0,0,0,0,0,Ward 2,True,Impact Zone (17th-22nd St)
38.90022013583179,-77.04090988892756,vehicle,minor_or_property,2022,2022-12-16 14:37:00,4,0,0,0,0,0,0,Ward 2,True,Impact Zone (17th-22nd St)
38.89930419827532,-77.04084232781497,vehicle,minor_or_property,2022,2022-12-21 13:58:00,4,0,0,0,0,0,0,Ward 2,True,Impact Zone (17th-22nd St)
38.89875100036168,-77.03908799213713,vehicle,minor_or_property,2022,2022-12-21 19:29:00,6,0,0,0,0,0,0,Ward 2,True,Impact Zone (17th-22nd St)
38.90490674527428,-77.05810171294982,vehicle,minor_or_property,2022,2022-12-19 19:00:00,1,0,0,0,0,0,0,Ward 2,False,Rest of Corridor
38.90159685014576,-77.04743076894036,vehicle,minor_or_property,2022,2022-12-19 21:00:00,3,0,0,0,0,0,0,Ward 2,True,Impact Zone (17th-22nd St)
38.89875100036168,-77.03908799213713,vehicle,minor_or_property,2022,2022-12-19 14:55:00,6,0,0,0,0,0,0,Ward 2,True,Impact Zone (17th-22nd St)
38.89240221706982,-77.01589837470372,vehicle,minor_or_property,2022,2022-12-20 15:10:00,8,0,0,0,0,0,0,Ward 6,False,Rest of Corridor
38.89413671933712,-77.02811908512203,vehicle,minor_or_property,2022,2022-12-26 22:10:00,12,0,0,0,0,0,0,Ward 2,False,Rest of Corridor
38.89413671933712,-77.02811908512203,vehicle,minor_or_property,2023,2023-01-01 10:00:00,12,0,0,0,0,0,0,Ward 2,False,Rest of Corridor
38.90220201844187,-77.04911953941466,vehicle,minor_or_property,2023,2023-01-03 15:23:00,3,0,0,0,0,0,0,Ward 2,True,Impact Zone (17th-22nd St)
38.89240221706982,-77.01589837470372,vehicle,minor_or_property,2023,2023-01-02 15:01:00,8,0,0,0,0,0,0,Ward 6,False,Rest of Corridor
38.90186695249349,-77.05074257892684,vehicle,minor_or_property,2022,2022-12-30 20:36:00,5,0,0,0,0,0,0,Ward 2,False,Rest of Corridor
38.89365345209729,-77.02505029278406,vehicle,minor_or_property,2023,2023-01-01 00:17:00,11,0,0,0,0,0,0,Ward 2,False,Rest of Corridor
38.8950072560744,-77.02802769331497,vehicle,minor_or_property,2022,2022-01-01 03:30:00,12,0,0,0,0,0,0,Ward 2,False,Rest of Corridor
38.90220201844187,-77.04911953941466,vehicle,minor_or_property,2023,2023-01-04 16:25:00,3,0,0,0,0,0,0,Ward 2,True,Impact Zone (17th-22nd St)
38.89613816370496,-77.02903520937772,vehicle,minor_or_property,2023,2023-01-04 22:28:00,1,0,0,0,0,0,0,Ward 2,False,Rest of Corridor
38.89613816370496,-77.02903520937772,vehicle,minor_or_property,2023,2023-01-04 21:00:00,1,0,0,0,0,0,0,Ward 2,False,Rest of Corridor
38.89367478906318,-77.02319331874058,vehicle,minor_or_property,2023,2023-01-09 21:20:00,10,0,0,0,0,0,0,Ward 2,False,Rest of Corridor
38.89413671933712,-77.02811908512203,vehicle,minor_or_property,2023,2023-01-10 23:30:00,12,0,0,0,0,0,0,Ward 2,False,Rest of Corridor
38.90539071806049,-77.05702508464705,vehicle,minor_or_property,2023,2023-01-02 00:00:00,5,0,0,0,0,0,0,Ward 2,False,Rest of Corridor
38.90186695249349,-77.05074257892684,vehicle,minor_or_property,2023,2023-01-09 14:57:00,5,0,0,0,0,0,0,Ward 2,False,Rest of Corridor
38.893968871163295,-77.0219137545071,vehicle,minor_or_property,2023,2023-01-11 12:30:00,9,0,0,0,0,0,0,Ward 6,False,Rest of Corridor
38.89189219426773,-77.01626008996008,vehicle,minor_or_property,2023,2023-01-12 15:42:00,16,0,0,0,0,0,0,Ward 6,False,Rest of Corridor
38.89240221706982,-77.01589837470372,vehicle,minor_or_property,2023,2023-01-14 02:52:00,8,0,0,0,0,0,0,Ward 6,False,Rest of Corridor
38.90279393779351,-77.05087089509838,vehicle,minor_or_property,2023,2023-01-15 20:05:00,6,0,0,0,0,0,0,Ward 2,False,Rest of Corridor
38.89931507902948,-77.03364113102288,vehicle,minor_or_property,2023,2023-01-15 21:25:00,5,0,0,0,0,0,0,Ward 2,False,Rest of Corridor
38.89810011060997,-77.03364632197335,vehicle,minor_or_property,2023,2023-01-15 06:43:00,5,0,0,0,0,0,0,Ward 2,False,Rest of Corridor
38.90180631778472,-77.04803516243102,vehicle,minor_or_property,2023,2023-01-20 22:57:00,3,0,0,0,0,0,0,Ward 2,True,Impact Zone (17th-22nd St)
38.89203978905553,-77.01402428363672,vehicle,minor_or_property,2023,2023-01-20 16:49:00,15,0,0,0,0,0,0,Ward 2,False,Rest of Corridor
38.90134229758764,-77.04574501879567,vehicle,minor_or_property,2023,2023-01-21 21:00:00,6,0,0,0,0,0,0,Ward 2,True,Impact Zone (17th-22nd St)
38.89832305533428,-77.04007964338135,vehicle,minor_or_property,2023,2023-01-23 19:00:00,4,0,0,0,0,0,0,Ward 2,True,Impact Zone (17th-22nd St)
38.90220201844187,-77.04911953941466,vehicle,minor_or_property,2023,2023-01-25 13:30:00,3,0,0,0,0,0,0,Ward 2,True,Impact Zone (17th-22nd St)
38.89313315107231,-77.01992717339851,vehicle,minor_or_property,2023,2023-01-25 23:15:00,9,0,0,0,0,0,0,Ward 6,False,Rest of Corridor
38.90279393779351,-77.05087089509838,vehicle,minor_or_property,2023,2023-02-02 02:00:00,6,0,0,0,0,0,0,Ward 2,False,Rest of Corridor
38.89296034576299,-77.02058920475065,vehicle,minor_or_property,2023,2023-02-04 22:03:00,9,0,0,0,0,0,0,Ward 2,False,Rest of Corridor
38.8962901071371,-77.0326540257865,vehicle,minor_or_property,2023,2023-02-06 17:08:00,14,0,0,0,0,0,0,Ward 2,False,Rest of Corridor
38.89203978905553,-77.01402428363672,vehicle,minor_or_property,2023,2023-02-08 21:00:00,15,0,0,0,0,0,0,Ward 2,False,Rest of Corridor
38.89204678939621,-77.01424072580507,vehicle,minor_or_property,2023,2023-02-08 21:30:00,15,0,0,0,0,0,0,Ward 2,False,Rest of Corridor
38.90220201844187,-77.04911953941466,vehicle,minor_or_property,2023,2023-02-06 22:04:00,3,0,0,0,0,0,0,Ward 2,True,Impact Zone (17th-22nd St)
38.90158326638164,-77.05012558183749,vehicle,minor_or_property,2023,2023-02-07 01:00:00,1,0,0,0,0,0,0,Ward 2,True,Impact Zone (17th-22nd St)
38.893968871163295,-77.0219137545071,vehicle,minor_or_property,2023,2023-02-07 16:33:00,9,0,0,0,0,0,0,Ward 6,False,Rest of Corridor
38.90279393779351,-77.05087089509838,vehicle,minor_or_property,2023,2023-02-06 03:40:00,6,0,0,0,0,0,0,Ward 2,False,Rest of Corridor
38.90220201844187,-77.04911953941466,vehicle,minor_or_property,2023,2023-02-10 20:08:00,3,0,0,0,0,0,0,Ward 2,True,Impact Zone (17th-22nd St)
38.90158326638164,-77.05012558183749,vehicle,minor_or_property,2023,2023-02-10 15:30:00,1,0,0,0,0,0,0,Ward 2,True,Impact Zone (17th-22nd St)
38.90505713524178,-77.05743676117778,vehicle,minor_or_property,2023,2023-02-13 16:40:00,1,0,0,0,0,0,0,Ward 2,False,Rest of Corridor
38.90021969733366,-77.04204342513054,vehicle,minor_or_property,2022,2022-02-14 21:20:00,4,0,0,0,0,0,0,Ward 2,True,Impact Zone (17th-22nd St)
38.90158326638164,-77.05012558183749,vehicle,minor_or_property,2023,2023-02-18 00:14:00,1,0,0,0,0,0,0,Ward 2,True,Impact Zone (17th-22nd St)
38.90539071806049,-77.05702508464705,vehicle,minor_or_property,2023,2023-02-21 21:21:00,5,0,0,0,0,0,0,Ward 2,False,Rest of Corridor
38.89307715083813,-77.0210300799889,vehicle,minor_or_property,2023,2023-02-22 21:11:00,9,0,0,0,0,0,0,Ward 2,False,Rest of Corridor
38.90359803556103,-77.05011394713314,vehicle,minor_or_property,2023,2023-02-28 11:30:00,5,0,0,0,0,0,0,Ward 2,True,Impact Zone (17th-22nd St)
38.90127520748897,-77.0465101619725,vehicle,minor_or_property,2023,2023-02-28 17:11:00,6,0,0,0,0,0,0,Ward 2,True,Impact Zone (17th-22nd St)
38.90505713524178,-77.05743676117778,vehicle,minor_or_property,2023,2023-02-27 21:00:00,1,0,0,0,0,0,0,Ward 2,False,Rest of Corridor
38.90158326638164,-77.05012558183749,vehicle,minor_or_property,2023,2023-02-28 01:34:00,1,0,0,0,0,0,0,Ward 2,True,Impact Zone (17th-22nd St)
38.89464381039959,-77.02669461074827,vehicle,minor_or_property,2023,2023-03-03 04:25:00,14,0,0,0,0,0,0,Ward 2,False,Rest of Corridor
38.89208110942328,-77.01545989995107,vehicle,minor_or_property,2023,2023-03-01 14:11:00,8,0,0,0,0,0,0,Ward 2,False,Rest of Corridor
38.89512063649321,-77.02599738105259,vehicle,minor_or_property,2023,2023-03-01 15:37:00,14,0,0,0,0,0,0,Ward 2,False,Rest of Corridor
38.89204744700742,-77.01424072593633,vehicle,minor_or_property,2023,2023-03-04 05:11:00,15,0,0,0,0,0,0,Ward 2,False,Rest of Corridor
38.89475694033399,-77.0281034794998,vehicle,minor_or_property,2023,2023-03-07 22:00:00,12,0,0,0,0,0,0,Ward 2,False,Rest of Corridor
38.89313315107231,-77.01992717339851,vehicle,minor_or_property,2023,2023-03-05 22:14:00,9,0,0,0,0,0,0,Ward 6,False,Rest of Corridor
38.90158326638164,-77.05012558183749,vehicle,minor_or_property,2023,2023-03-07 07:14:00,1,0,0,0,0,0,0,Ward 2,True,Impact Zone (17th-22nd St)
38.89208110942328,-77.01545989995107,vehicle,minor_or_property,2023,2023-03-07 15:04:00,8,0,0,0,0,0,0,Ward 2,False,Rest of Corridor
38.90542643352761,-77.05916802228273,vehicle,minor_or_property,2023,2023-03-10 20:50:00,1,0,0,0,0,0,0,Ward 2,False,Rest of Corridor
38.895340958250685,-77.02705048171791,vehicle,minor_or_property,2023,2023-03-12 06:00:00,11,0,0,0,0,0,0,Ward 2,False,Rest of Corridor
38.9051284106375,-77.05810815377609,vehicle,minor_or_property,2023,2023-03-14 17:20:00,1,0,0,0,0,0,0,Ward 2,False,Rest of Corridor
38.89375769575656,-77.02349553089917,vehicle,minor_or_property,2023,2023-03-16 18:03:00,10,0,0,0,0,0,0,Ward 2,False,Rest of Corridor
38.90022013583179,-77.04090988892756,vehicle,minor_or_property,2023,2023-03-16 17:05:00,4,0,0,0,0,0,0,Ward 2,True,Impact Zone (17th-22nd St)
38.9021978678185,-77.05141723463655,vehicle,minor_or_property,2023,2023-03-20 01:35:00,5,0,0,0,0,0,0,Ward 2,False,Rest of Corridor
38.89613816370496,-77.02903520937772,vehicle,minor_or_property,2023,2023-03-19 14:35:00,1,0,0,0,0,0,0,Ward 2,False,Rest of Corridor
38.89431778836691,-77.02811579053134,vehicle,minor_or_property,2023,2023-03-23 12:00:00,12,0,0,0,0,0,0,Ward 2,False,Rest of Corridor
38.90158326638164,-77.05012558183749,vehicle,minor_or_property,2023,2023-03-22 21:35:00,1,0,0,0,0,0,0,Ward 2,True,Impact Zone (17th-22nd St)
38.90099891972479,-77.04490196032827,vehicle,minor_or_property,2023,2023-03-21 15:30:00,7,0,0,0,0,0,0,Ward 2,True,Impact Zone (17th-22nd St)
38.89464381039959,-77.02669461074827,vehicle,minor_or_property,2023,2023-03-25 19:27:00,14,0,0,0,0,0,0,Ward 2,False,Rest of Corridor
38.90220201844187,-77.04911953941466,vehicle,minor_or_property,2023,2023-03-23 09:15:00,3,0,0,0,0,0,0,Ward 2,True,Impact Zone (17th-22nd St)
38.89189219426773,-77.01626008996008,vehicle,minor_or_property,2023,2023-03-23 10:36:00,16,0,0,0,0,0,0,Ward 6,False,Rest of Corridor
38.90293911485154,-77.05128667643383,vehicle,minor_or_property,2023,2023-03-21 16:30:00,2,0,0,0,0,0,0,Ward 2,False,Rest of Corridor
38.89189219426773,-77.01626008996008,vehicle,minor_or_property,2023,2023-03-26 19:20:00,16,0,0,0,0,0,0,Ward 6,False,Rest of Corridor
38.899013408927416,-77.04170749035332,vehicle,minor_or_property,2023,2023-03-27 12:38:00,4,0,0,0,0,0,0,Ward 2,True,Impact Zone (17th-22nd St)
38.905518785970855,-77.05917038165221,vehicle,minor_or_property,2023,2023-03-29 19:50:00,1,0,0,0,0,0,0,Ward 2,False,Rest of Corridor
38.9051284106375,-77.05810815377609,vehicle,minor_or_property,2023,2023-03-26 23:00:00,1,0,0,0,0,0,0,Ward 2,False,Rest of Corridor
38.8950072560744,-77.02802769331497,vehicle,minor_or_property,2023,2023-04-01 01:30:00,12,0,0,0,0,0,0,Ward 2,False,Rest of Corridor
38.89888359407705,-77.03346134410117,vehicle,minor_or_property,2023,2023-04-04 10:04:00,5,0,0,0,0,0,0,Ward 2,False,Rest of Corridor
38.8995064631474,-77.03945277529124,vehicle,minor_or_property,2023,2023-04-04 15:00:00,4,0,0,0,0,0,0,Ward 2,True,Impact Zone (17th-22nd St)
38.89204678939621,-77.01424072580507,vehicle,minor_or_property,2023,2023-04-05 21:21:00,15,0,0,0,0,0,0,Ward 2,False,Rest of Corridor
38.89550770278223,-77.03167481252439,vehicle,minor_or_property,2023,2023-04-05 20:05:00,14,0,0,0,0,0,0,Ward 2,False,Rest of Corridor
38.899013408927416,-77.04170749035332,vehicle,minor_or_property,2023,2023-04-04 23:01:00,4,0,0,0,0,0,0,Ward 2,True,Impact Zone (17th-22nd St)
38.89550770278223,-77.03167481252439,vehicle,minor_or_property,2023,2023-04-04 21:45:00,14,0,0,0,0,0,0,Ward 2,False,Rest of Corridor
38.89480521885512,-77.02365999089612,vehicle,minor_or_property,2023,2023-04-08 22:20:00,10,0,0,0,0,0,0,Ward 6,False,Rest of Corridor
38.89204678939621,-77.01424072580507,vehicle,minor_or_property,2023,2023-04-05 12:24:00,15,0,0,0,0,0,0,Ward 2,False,Rest of Corridor
38.89204678939621,-77.01424072580507,vehicle,minor_or_property,2023,2023-04-04 20:13:00,15,0,0,0,0,0,0,Ward 2,False,Rest of Corridor
38.89467845826397,-77.02810829006157,vehicle,minor_or_property,2023,2023-04-08 10:55:00,12,0,0,0,0,0,0,Ward 2,False,Rest of Corridor
38.89978604911767,-77.04490958934966,vehicle,minor_or_property,2023,2023-04-14 20:22:00,6,0,0,0,0,0,0,Ward 2,True,Impact Zone (17th-22nd St)
38.89955283580343,-77.04156390018247,vehicle,minor_or_property,2023,2023-04-14 22:54:00,3,0,0,0,0,0,0,Ward 2,True,Impact Zone (17th-22nd St)
38.89464189667551,-77.03135120174998,vehicle,minor_or_property,2023,2023-04-13 18:40:00,14,0,0,0,0,0,0,Ward 2,False,Rest of Corridor
38.8920832740634,-77.01953167979903,vehicle,minor_or_property,2023,2023-04-17 23:20:00,9,0,0,0,0,0,0,Ward 2,False,Rest of Corridor
38.89208110942328,-77.01545989995107,vehicle,minor_or_property,2023,2023-04-19 10:55:00,8,0,0,0,0,0,0,Ward 2,False,Rest of Corridor
38.89203978905553,-77.01402428363672,vehicle,minor_or_property,2023,2023-03-20 22:28:00,15,0,0,0,0,0,0,Ward 2,False,Rest of Corridor
38.89467845826397,-77.02810829006157,vehicle,minor_or_property,2023,2023-04-22 03:20:00,12,0,0,0,0,0,0,Ward 2,False,Rest of Corridor
38.89955283580343,-77.04156390018247,vehicle,minor_or_property,2023,2023-04-20 20:02:00,3,0,0,0,0,0,0,Ward 2,True,Impact Zone (17th-22nd St)
38.89204678939621,-77.01424072580507,vehicle,minor_or_property,2023,2023-04-15 19:40:00,15,0,0,0,0,0,0,Ward 2,False,Rest of Corridor
38.902532051220085,-77.05210770471453,vehicle,minor_or_property,2023,2023-04-20 19:24:00,2,0,0,0,0,0,0,Ward 2,False,Rest of Corridor
38.89512063649321,-77.02599738105259,vehicle,minor_or_property,2023,2023-04-24 11:45:00,14,0,0,0,0,0,0,Ward 2,False,Rest of Corridor
38.90186695249349,-77.05074257892684,vehicle,minor_or_property,2023,2023-04-24 20:30:00,5,0,0,0,0,0,0,Ward 2,False,Rest of Corridor
38.90420253313479,-77.05494052086152,vehicle,minor_or_property,2023,2023-04-28 03:18:00,4,0,0,0,0,0,0,Ward 2,False,Rest of Corridor
38.90099891972479,-77.04490196032827,vehicle,minor_or_property,2023,2023-04-19 21:00:00,7,0,0,0,0,0,0,Ward 2,True,Impact Zone (17th-22nd St)
38.89203978905553,-77.01402428363672,vehicle,minor_or_property,2023,2023-04-26 20:55:00,15,0,0,0,0,0,0,Ward 2,False,Rest of Corridor
38.9021978678185,-77.05141723463655,vehicle,minor_or_property,2023,2023-04-29 01:57:00,5,0,0,0,0,0,0,Ward 2,False,Rest of Corridor
38.90052684359346,-77.04665422713978,vehicle,minor_or_property,2023,2023-05-04 12:45:00,6,0,0,0,0,0,0,Ward 2,True,Impact Zone (17th-22nd St)
38.90220201844187,-77.04911953941466,vehicle,minor_or_property,2023,2023-05-02 15:15:00,3,0,0,0,0,0,0,Ward 2,True,Impact Zone (17th-22nd St)
38.89611400154633,-77.03170951458792,vehicle,minor_or_property,2023,2023-05-06 20:25:00,2,0,0,0,0,0,0,Ward 2,False,Rest of Corridor
38.89204678939621,-77.01424072580507,vehicle,minor_or_property,2023,2023-05-05 14:05:00,15,0,0,0,0,0,0,Ward 2,False,Rest of Corridor
38.90158326638164,-77.05012558183749,vehicle,minor_or_property,2023,2023-05-09 21:45:00,1,0,0,0,0,0,0,Ward 2,True,Impact Zone (17th-22nd St)
38.90028976489431,-77.04368684056377,vehicle,minor_or_property,2023,2023-05-05 15:10:00,6,0,0,0,0,0,0,Ward 2,True,Impact Zone (17th-22nd St)
38.89204678939621,-77.01424072580507,vehicle,minor_or_property,2023,2023-05-06 00:21:00,15,0,0,0,0,0,0,Ward 2,False,Rest of Corridor
38.89204678939621,-77.01424072580507,vehicle,minor_or_property,2023,2023-05-11 16:50:00,15,0,0,0,0,0,0,Ward 2,False,Rest of Corridor
38.90134300332872,-77.04557578213581,vehicle,minor_or_property,2023,2023-05-14 20:00:00,6,0,0,0,0,0,0,Ward 2,True,Impact Zone (17th-22nd St)
38.899013408927416,-77.04170749035332,vehicle,minor_or_property,2023,2023-05-15 14:07:00,4,0,0,0,0,0,0,Ward 2,True,Impact Zone (17th-22nd St)
38.90116704231444,-77.04490306913009,vehicle,minor_or_property,2023,2023-05-16 15:19:00,7,0,0,0,0,0,0,Ward 2,True,Impact Zone (17th-22nd St)
38.90537204081467,-77.05916856514439,vehicle,minor_or_property,2023,2023-05-16 13:01:00,1,0,0,0,0,0,0,Ward 2,False,Rest of Corridor
38.89375769575656,-77.02349553089917,vehicle,minor_or_property,2023,2023-05-16 19:30:00,10,0,0,0,0,0,0,Ward 2,False,Rest of Corridor
38.9007025756153,-77.04762182093079,vehicle,minor_or_property,2023,2023-05-20 18:30:00,3,0,0,0,0,0,0,Ward 2,True,Impact Zone (17th-22nd St)
38.9000373276096,-77.04297168378298,vehicle,minor_or_property,2023,2023-05-19 00:00:00,4,0,0,0,0,0,0,Ward 2,True,Impact Zone (17th-22nd St)
38.90308379559924,-77.0517010295448,vehicle,minor_or_property,2023,2023-05-20 23:00:00,2,0,0,0,0,0,0,Ward 2,False,Rest of Corridor
38.90308379559924,-77.0517010295448,vehicle,minor_or_property,2023,2023-05-25 20:50:00,2,0,0,0,0,0,0,Ward 2,False,Rest of Corridor
38.8920832740634,-77.01953167979903,vehicle,minor_or_property,2023,2023-05-25 11:45:00,9,0,0,0,0,0,0,Ward 2,False,Rest of Corridor
38.896965074065946,-77.03364835728065,vehicle,major_injury,2023,2023-05-29 05:02:00,14,0,0,0,0,0,1,Ward 2,False,Rest of Corridor
38.90052684359346,-77.04665422713978,vehicle,minor_or_property,2023,2023-06-01 19:50:00,6,0,0,0,0,0,0,Ward 2,True,Impact Zone (17th-22nd St)
38.89611400154633,-77.03170951458792,vehicle,minor_or_property,2023,2023-06-07 21:05:00,2,0,0,0,0,0,0,Ward 2,False,Rest of Corridor
38.8995064631474,-77.03945277529124,vehicle,minor_or_property,2023,2023-06-06 10:50:00,4,0,0,0,0,0,0,Ward 2,True,Impact Zone (17th-22nd St)
38.90555697168206,-77.057034394726,vehicle,minor_or_property,2023,2023-06-10 04:09:00,5,0,0,0,0,0,0,Ward 2,False,Rest of Corridor
38.9021978678185,-77.05141723463655,vehicle,major_injury,2023,2023-06-08 12:10:00,5,0,0,0,0,0,1,Ward 2,False,Rest of Corridor
38.8950072560744,-77.02802769331497,vehicle,minor_or_property,2023,2023-06-13 00:20:00,12,0,0,0,0,0,0,Ward 2,False,Rest of Corridor
38.902135881152766,-77.05141758192454,vehicle,minor_or_property,2023,2023-06-05 16:45:00,5,0,0,0,0,0,0,Ward 2,False,Rest of Corridor
38.89611400154633,-77.03170951458792,vehicle,minor_or_property,2023,2023-06-11 21:05:00,2,0,0,0,0,0,0,Ward 2,False,Rest of Corridor
38.903858404960665,-77.05393521931443,vehicle,minor_or_property,2023,2023-05-21 17:00:00,3,0,0,0,0,0,0,Ward 2,False,Rest of Corridor
38.90021969733366,-77.04204342513054,vehicle,minor_or_property,2023,2023-06-13 07:30:00,4,0,0,0,0,0,0,Ward 2,True,Impact Zone (17th-22nd St)
38.90371843506121,-77.0535196732349,vehicle,minor_or_property,2023,2023-06-14 04:00:00,3,0,0,0,0,0,0,Ward 2,False,Rest of Corridor
38.8950072560744,-77.02802769331497,vehicle,minor_or_property,2023,2023-06-18 19:10:00,12,0,0,0,0,0,0,Ward 2,False,Rest of Corridor
38.89611400154633,-77.03170951458792,vehicle,minor_or_property,2023,2023-06-08 21:30:00,2,0,0,0,0,0,0,Ward 2,False,Rest of Corridor
38.89815626466692,-77.03947353958077,vehicle,minor_or_property,2023,2023-06-13 03:00:00,6,0,0,0,0,0,0,Ward 2,True,Impact Zone (17th-22nd St)
38.89393584648554,-77.02172080182773,vehicle,minor_or_property,2023,2023-06-21 16:00:00,9,0,0,0,0,0,0,Ward 6,False,Rest of Corridor
38.9021978678185,-77.05141723463655,vehicle,minor_or_property,2023,2023-06-22 04:00:00,5,0,0,0,0,0,0,Ward 2,False,Rest of Corridor
38.89375769575656,-77.02349553089917,pedestrian,major_injury,2023,2023-06-28 09:40:00,10,0,0,0,0,1,0,Ward 2,False,Rest of Corridor
38.89893910782111,-77.03979699957205,vehicle,minor_or_property,2023,2023-06-26 18:35:00,4,0,0,0,0,0,0,Ward 2,True,Impact Zone (17th-22nd St)
38.89475694033399,-77.0281034794998,vehicle,minor_or_property,2023,2023-06-30 04:50:00,12,0,0,0,0,0,0,Ward 2,False,Rest of Corridor
38.893604610814826,-77.01962191599878,vehicle,minor_or_property,2023,2023-07-09 18:30:00,9,0,0,0,0,0,0,Ward 6,False,Rest of Corridor
38.895512869420486,-77.03279969999973,vehicle,minor_or_property,2023,2023-07-12 14:15:00,15,0,0,0,0,0,0,Ward 2,False,Rest of Corridor
38.89611400154633,-77.03170951458792,vehicle,minor_or_property,2023,2023-07-11 13:48:00,2,0,0,0,0,0,0,Ward 2,False,Rest of Corridor
38.90297787523729,-77.05050685839323,vehicle,minor_or_property,2023,2023-07-11 22:00:00,5,0,0,0,0,0,0,Ward 2,True,Impact Zone (17th-22nd St)
38.90445094304751,-77.05329725361882,vehicle,minor_or_property,2023,2023-07-05 15:00:00,3,0,0,0,0,0,0,Ward 2,False,Rest of Corridor
38.90505713524178,-77.05743676117778,vehicle,minor_or_property,2023,2023-07-18 14:25:00,1,0,0,0,0,0,0,Ward 2,False,Rest of Corridor
38.89997443266503,-77.04490779427425,vehicle,minor_or_property,2023,2023-07-18 13:40:00,6,0,0,0,0,0,0,Ward 2,True,Impact Zone (17th-22nd St)
38.90279025534164,-77.04881828589774,vehicle,minor_or_property,2023,2023-07-12 21:20:00,5,0,0,0,0,0,0,Ward 2,True,Impact Zone (17th-22nd St)
38.9000373276096,-77.04297168378298,vehicle,minor_or_property,2023,2023-07-16 09:00:00,4,0,0,0,0,0,0,Ward 2,True,Impact Zone (17th-22nd St)
38.90220201844187,-77.04911953941466,vehicle,minor_or_property,2023,2023-07-17 05:10:00,3,0,0,0,0,0,0,Ward 2,True,Impact Zone (17th-22nd St)
38.89702888377953,-77.03196821127743,vehicle,minor_or_property,2023,2023-07-20 20:55:00,14,0,0,0,0,0,0,Ward 2,False,Rest of Corridor
38.89611400154633,-77.03170951458792,vehicle,minor_or_property,2023,2023-07-17 13:30:00,2,0,0,0,0,0,0,Ward 2,False,Rest of Corridor
38.89512063649321,-77.02599738105259,vehicle,minor_or_property,2023,2023-07-20 11:00:00,14,0,0,0,0,0,0,Ward 2,False,Rest of Corridor
38.89955283580343,-77.04156390018247,vehicle,minor_or_property,2023,2023-07-23 03:51:00,3,0,0,0,0,0,0,Ward 2,True,Impact Zone (17th-22nd St)
38.90118525233063,-77.04346308116831,vehicle,minor_or_property,2023,2023-07-19 13:30:00,6,0,0,0,0,0,0,Ward 2,True,Impact Zone (17th-22nd St)
38.895340958250685,-77.02705048171791,vehicle,minor_or_property,2023,2023-07-22 16:00:00,11,0,0,0,0,0,0,Ward 2,False,Rest of Corridor
38.905872289107855,-77.05703838230629,vehicle,minor_or_property,2023,2023-07-26 19:00:00,5,0,0,0,0,0,0,Ward 2,False,Rest of Corridor
38.89467845826397,-77.02810829006157,vehicle,minor_or_property,2023,2023-07-26 21:01:00,12,0,0,0,0,0,0,Ward 2,False,Rest of Corridor
38.89296034576299,-77.02058920475065,vehicle,minor_or_property,2023,2023-07-25 17:10:00,9,0,0,0,0,0,0,Ward 2,False,Rest of Corridor
38.90044133522767,-77.04170221528882,vehicle,minor_or_property,2023,2023-07-27 13:56:00,4,0,0,0,0,0,0,Ward 2,True,Impact Zone (17th-22nd St)
38.89955283580343,-77.04156390018247,vehicle,minor_or_property,2023,2023-07-30 03:08:00,3,0,0,0,0,0,0,Ward 2,True,Impact Zone (17th-22nd St)
38.89611400154633,-77.03170951458792,vehicle,minor_or_property,2023,2023-07-30 09:34:00,2,0,0,0,0,0,0,Ward 2,False,Rest of Corridor
38.89613637484463,-77.02934442422483,vehicle,minor_or_property,2023,2023-07-27 23:30:00,1,0,0,0,0,0,0,Ward 2,False,Rest of Corridor
38.90513938720568,-77.05702056032509,vehicle,minor_or_property,2023,2023-07-31 21:54:00,5,0,0,0,0,0,0,Ward 2,False,Rest of Corridor
38.89475694033399,-77.0281034794998,vehicle,minor_or_property,2023,2023-08-04 19:30:00,12,0,0,0,0,0,0,Ward 2,False,Rest of Corridor
38.90493195028351,-77.05810244827907,vehicle,minor_or_property,2023,2023-08-03 18:00:00,1,0,0,0,0,0,0,Ward 2,False,Rest of Corridor
38.89611400154633,-77.03170951458792,vehicle,minor_or_property,2023,2023-08-04 07:40:00,2,0,0,0,0,0,0,Ward 2,False,Rest of Corridor
38.90539071806049,-77.05702508464705,vehicle,minor_or_property,2023,2023-08-07 20:06:00,5,0,0,0,0,0,0,Ward 2,False,Rest of Corridor
38.90070000759779,-77.04577553734448,vehicle,minor_or_property,2023,2023-08-08 14:00:00,6,0,0,0,0,0,0,Ward 2,True,Impact Zone (17th-22nd St)
38.89467845826397,-77.02810829006157,vehicle,minor_or_property,2023,2023-08-09 20:15:00,12,0,0,0,0,0,0,Ward 2,False,Rest of Corridor
38.90127520748897,-77.0465101619725,vehicle,minor_or_property,2023,2023-08-12 19:18:00,6,0,0,0,0,0,0,Ward 2,True,Impact Zone (17th-22nd St)
38.90496952087109,-77.05712261759105,vehicle,minor_or_property,2023,2023-08-13 04:00:00,5,0,0,0,0,0,0,Ward 2,False,Rest of Corridor
38.89470045461595,-77.02507029151685,vehicle,minor_or_property,2023,2023-08-16 19:55:00,11,0,0,0,0,0,0,Ward 2,False,Rest of Corridor
38.89464381039959,-77.02669461074827,vehicle,minor_or_property,2023,2023-08-19 19:44:00,14,0,0,0,0,0,0,Ward 2,False,Rest of Corridor
38.90308379559924,-77.0517010295448,vehicle,minor_or_property,2023,2023-08-20 03:32:00,2,0,0,0,0,0,0,Ward 2,False,Rest of Corridor
38.89875100036168,-77.03908799213713,vehicle,minor_or_property,2023,2023-08-22 15:30:00,6,0,0,0,0,0,0,Ward 2,True,Impact Zone (17th-22nd St)
38.89512063649321,-77.02599738105259,pedestrian,fatal,2023,2023-08-17 00:52:00,14,0,0,1,0,0,0,Ward 2,False,Rest of Corridor
38.89189219426773,-77.01626008996008,vehicle,minor_or_property,2023,2023-08-23 13:41:00,16,0,0,0,0,0,0,Ward 6,False,Rest of Corridor
38.8923880626612,-77.01854104362818,vehicle,minor_or_property,2023,2023-08-23 13:15:00,17,0,0,0,0,0,0,Ward 6,False,Rest of Corridor
38.9021978678185,-77.05141723463655,vehicle,minor_or_property,2023,2023-08-09 04:00:00,5,0,0,0,0,0,0,Ward 2,False,Rest of Corridor
38.89905362374162,-77.03296559120461,vehicle,minor_or_property,2023,2023-01-27 21:08:00,5,0,0,0,0,0,0,Ward 2,False,Rest of Corridor
38.89297881937296,-77.02065472989676,vehicle,minor_or_property,2023,2023-08-25 18:00:00,9,0,0,0,0,0,0,Ward 6,False,Rest of Corridor
38.89893910782111,-77.03979699957205,vehicle,minor_or_property,2023,2023-08-25 20:06:00,4,0,0,0,0,0,0,Ward 2,True,Impact Zone (17th-22nd St)
38.902532051220085,-77.05210770471453,vehicle,minor_or_property,2023,2023-08-29 14:00:00,2,0,0,0,0,0,0,Ward 2,False,Rest of Corridor
38.90513020804087,-77.05769872491774,vehicle,minor_or_property,2023,2023-09-01 20:20:00,1,0,0,0,0,0,0,Ward 2,False,Rest of Corridor
38.90186695249349,-77.05074257892684,vehicle,minor_or_property,2023,2023-09-03 14:00:00,5,0,0,0,0,0,0,Ward 2,False,Rest of Corridor
38.896138429052485,-77.02839555605881,vehicle,minor_or_property,2023,2023-09-07 13:15:00,12,0,0,0,0,0,0,Ward 2,False,Rest of Corridor
38.90547091692762,-77.0570302100324,vehicle,minor_or_property,2023,2023-09-10 07:40:00,5,0,0,0,0,0,0,Ward 2,False,Rest of Corridor
38.89208110942328,-77.01545989995107,vehicle,minor_or_property,2023,2023-09-07 19:05:00,8,0,0,0,0,0,0,Ward 2,False,Rest of Corridor
38.90220201844187,-77.04911953941466,vehicle,minor_or_property,2023,2023-09-08 13:41:00,3,0,0,0,0,0,0,Ward 2,True,Impact Zone (17th-22nd St)
38.905422363098914,-77.05702776163407,vehicle,minor_or_property,2023,2023-09-12 12:00:00,5,0,0,0,0,0,0,Ward 2,False,Rest of Corridor
38.89550770278223,-77.03167481252439,vehicle,minor_or_property,2023,2023-09-08 16:00:00,14,0,0,0,0,0,0,Ward 2,False,Rest of Corridor
38.89521564674664,-77.02876842362211,vehicle,minor_or_property,2023,2023-09-15 12:45:00,12,0,0,0,0,0,0,Ward 2,False,Rest of Corridor
38.903021346085886,-77.05041063618145,vehicle,minor_or_property,2023,2023-09-16 14:05:00,5,0,0,0,0,0,0,Ward 2,True,Impact Zone (17th-22nd St)
38.90371843506121,-77.0535196732349,vehicle,minor_or_property,2023,2023-09-16 04:05:00,3,0,0,0,0,0,0,Ward 2,False,Rest of Corridor
38.89124044820701,-77.01663828489757,vehicle,minor_or_property,2023,2023-09-19 18:00:00,16,0,0,0,0,0,0,Ward 2,False,Rest of Corridor
38.893968871163295,-77.0219137545071,vehicle,minor_or_property,2023,2023-09-22 23:09:00,9,0,0,0,0,0,0,Ward 6,False,Rest of Corridor
38.90116704231444,-77.04490306913009,vehicle,minor_or_property,2023,2023-09-23 20:20:00,7,0,0,0,0,0,0,Ward 2,True,Impact Zone (17th-22nd St)
38.901727417611525,-77.04780570415538,vehicle,minor_or_property,2023,2023-09-22 11:20:00,3,0,0,0,0,0,0,Ward 2,True,Impact Zone (17th-22nd St)
38.90297493202976,-77.05138928436196,vehicle,minor_or_property,2023,2023-09-26 14:40:00,2,0,0,0,0,0,0,Ward 2,False,Rest of Corridor
38.90286229787357,-77.05106667743385,vehicle,minor_or_property,2023,2023-09-24 05:00:00,2,0,0,0,0,0,0,Ward 2,False,Rest of Corridor
38.90028976489431,-77.04368684056377,vehicle,minor_or_property,2023,2023-09-26 11:00:00,6,0,0,0,0,0,0,Ward 2,True,Impact Zone (17th-22nd St)
38.90359803556103,-77.05011394713314,vehicle,minor_or_property,2023,2023-09-27 19:20:00,5,0,0,0,0,0,0,Ward 2,True,Impact Zone (17th-22nd St)
38.90186695249349,-77.05074257892684,vehicle,minor_or_property,2023,2023-07-15 04:00:00,5,0,0,0,0,0,0,Ward 2,False,Rest of Corridor
38.89955283580343,-77.04156390018247,vehicle,minor_or_property,2023,2023-10-01 03:10:00,3,0,0,0,0,0,0,Ward 2,True,Impact Zone (17th-22nd St)
38.90506622726593,-77.05916452994265,vehicle,minor_or_property,2023,2023-09-30 15:10:00,1,0,0,0,0,0,0,Ward 2,False,Rest of Corridor
38.90572110226013,-77.05703769647775,vehicle,minor_or_property,2023,2023-10-01 07:49:00,5,0,0,0,0,0,0,Ward 2,False,Rest of Corridor
38.90127520748897,-77.0465101619725,vehicle,minor_or_property,2023,2023-09-29 19:50:00,6,0,0,0,0,0,0,Ward 2,True,Impact Zone (17th-22nd St)
38.90094965170136,-77.04665242857733,vehicle,minor_or_property,2023,2023-09-30 15:59:00,6,0,0,0,0,0,0,Ward 2,True,Impact Zone (17th-22nd St)
38.89623947724568,-77.03247042576785,vehicle,major_injury,2023,2023-10-03 16:13:00,14,0,0,0,0,0,1,Ward 2,False,Rest of Corridor
38.89611400154633,-77.03170951458792,vehicle,minor_or_property,2023,2023-10-03 23:53:00,2,0,0,0,0,0,0,Ward 2,False,Rest of Corridor
38.89893910782111,-77.03979699957205,vehicle,minor_or_property,2023,2023-10-02 10:00:00,4,0,0,0,0,0,0,Ward 2,True,Impact Zone (17th-22nd St)
38.89926622743106,-77.04346520892318,vehicle,minor_or_property,2023,2023-10-02 19:10:00,4,0,0,0,0,0,0,Ward 2,True,Impact Zone (17th-22nd St)
38.90359803556103,-77.05011394713314,vehicle,minor_or_property,2023,2023-10-03 01:42:00,5,0,0,0,0,0,0,Ward 2,True,Impact Zone (17th-22nd St)
38.90186695249349,-77.05074257892684,vehicle,minor_or_property,2023,2023-10-05 22:00:00,5,0,0,0,0,0,0,Ward 2,False,Rest of Corridor
38.89467845826397,-77.02810829006157,vehicle,minor_or_property,2023,2023-10-04 21:50:00,12,0,0,0,0,0,0,Ward 2,False,Rest of Corridor
38.90539071806049,-77.05702508464705,vehicle,minor_or_property,2023,2023-10-04 21:23:00,5,0,0,0,0,0,0,Ward 2,False,Rest of Corridor
38.90545728761535,-77.0570295419773,vehicle,minor_or_property,2023,2023-10-07 08:00:00,5,0,0,0,0,0,0,Ward 2,False,Rest of Corridor
38.90070000759779,-77.04577553734448,vehicle,minor_or_property,2023,2023-10-08 08:00:00,6,0,0,0,0,0,0,Ward 2,True,Impact Zone (17th-22nd St)
38.90158326638164,-77.05012558183749,vehicle,minor_or_property,2023,2023-10-13 02:55:00,1,0,0,0,0,0,0,Ward 2,True,Impact Zone (17th-22nd St)
38.900884297090414,-77.0453921423394,vehicle,minor_or_property,2023,2023-10-10 19:40:00,6,0,0,0,0,0,0,Ward 2,True,Impact Zone (17th-22nd St)
38.89204678939621,-77.01424072580507,vehicle,minor_or_property,2023,2023-10-14 21:19:00,15,0,0,0,0,0,0,Ward 2,False,Rest of Corridor
38.90134229758764,-77.04574501879567,vehicle,minor_or_property,2023,2023-10-18 13:40:00,6,0,0,0,0,0,0,Ward 2,True,Impact Zone (17th-22nd St)
38.90288718726142,-77.05330666848796,vehicle,minor_or_property,2023,2023-10-21 00:00:00,2,0,0,0,0,0,0,Ward 2,False,Rest of Corridor
38.89878958436708,-77.03364407644688,vehicle,minor_or_property,2023,2023-10-25 04:05:00,5,0,0,0,0,0,0,Ward 2,False,Rest of Corridor
38.90281718117341,-77.04881863865708,vehicle,minor_or_property,2023,2023-10-29 05:05:00,5,0,0,0,0,0,0,Ward 2,True,Impact Zone (17th-22nd St)
38.90282694824717,-77.05096544207385,vehicle,minor_or_property,2023,2023-10-31 01:10:00,6,0,0,0,0,0,0,Ward 2,False,Rest of Corridor
38.89611400154633,-77.03170951458792,vehicle,minor_or_property,2023,2023-10-31 11:30:00,2,0,0,0,0,0,0,Ward 2,False,Rest of Corridor
38.90021969733366,-77.04204342513054,vehicle,minor_or_property,2023,2023-11-03 22:28:00,4,0,0,0,0,0,0,Ward 2,True,Impact Zone (17th-22nd St)
38.902135881152766,-77.05141758192454,vehicle,minor_or_property,2023,2023-11-05 04:57:00,5,0,0,0,0,0,0,Ward 2,False,Rest of Corridor
38.90319506949362,-77.0520196946654,vehicle,minor_or_property,2023,2023-11-01 15:30:00,2,0,0,0,0,0,0,Ward 2,False,Rest of Corridor
38.89208110942328,-77.01545989995107,vehicle,minor_or_property,2023,2023-11-07 23:40:00,8,0,0,0,0,0,0,Ward 2,False,Rest of Corridor
38.89375769575656,-77.02349553089917,vehicle,minor_or_property,2023,2023-11-14 17:56:00,10,0,0,0,0,0,0,Ward 2,False,Rest of Corridor
38.893604610814826,-77.01962191599878,vehicle,minor_or_property,2023,2023-11-16 22:20:00,9,0,0,0,0,0,0,Ward 6,False,Rest of Corridor
38.903021346085886,-77.05041063618145,vehicle,minor_or_property,2023,2023-11-18 00:00:00,5,0,0,0,0,0,0,Ward 2,True,Impact Zone (17th-22nd St)
38.90393656247531,-77.05141558272301,vehicle,minor_or_property,2023,2023-11-16 20:04:00,2,0,0,0,0,0,0,Ward 2,False,Rest of Corridor
38.90286872106975,-77.04958135246508,vehicle,minor_or_property,2023,2023-11-06 20:30:00,5,0,0,0,0,0,0,Ward 2,True,Impact Zone (17th-22nd St)
38.89375769575656,-77.02349553089917,vehicle,minor_or_property,2023,2023-11-19 23:05:00,10,0,0,0,0,0,0,Ward 2,False,Rest of Corridor
38.901738592851565,-77.0478378069271,vehicle,minor_or_property,2023,2023-11-18 13:50:00,3,0,0,0,0,0,0,Ward 2,True,Impact Zone (17th-22nd St)
38.89550770278223,-77.03167481252439,vehicle,minor_or_property,2023,2023-11-28 13:50:00,14,0,0,0,0,0,0,Ward 2,False,Rest of Corridor
38.90297493202976,-77.05138928436196,vehicle,minor_or_property,2023,2023-11-28 05:00:00,2,0,0,0,0,0,0,Ward 2,False,Rest of Corridor
38.893604610814826,-77.01962191599878,vehicle,minor_or_property,2023,2023-12-01 00:40:00,9,0,0,0,0,0,0,Ward 6,False,Rest of Corridor
38.90190164195055,-77.04602698428032,vehicle,minor_or_property,2023,2023-11-28 22:07:00,6,0,0,0,0,0,0,Ward 2,True,Impact Zone (17th-22nd St)
38.90545728761535,-77.0570295419773,vehicle,minor_or_property,2023,2023-11-29 12:15:00,5,0,0,0,0,0,0,Ward 2,False,Rest of Corridor
38.89832112941772,-77.04033591959946,vehicle,minor_or_property,2023,2023-12-01 14:54:00,4,0,0,0,0,0,0,Ward 2,True,Impact Zone (17th-22nd St)
38.89613637484463,-77.02934442422483,vehicle,minor_or_property,2023,2023-12-01 22:00:00,1,0,0,0,0,0,0,Ward 2,False,Rest of Corridor
38.89464381039959,-77.02669461074827,vehicle,minor_or_property,2023,2023-12-01 21:50:00,14,0,0,0,0,0,0,Ward 2,False,Rest of Corridor
38.89203978905553,-77.01402428363672,vehicle,minor_or_property,2024,2024-12-05 22:00:00,15,0,0,0,0,0,0,Ward 2,False,Rest of Corridor
38.89877777944034,-77.03390705910746,vehicle,minor_or_property,2023,2023-12-06 23:40:00,5,0,0,0,0,0,0,Ward 2,False,Rest of Corridor
38.90225611635904,-77.0466514615498,vehicle,minor_or_property,2023,2023-12-09 06:45:00,3,0,0,0,0,0,0,Ward 2,True,Impact Zone (17th-22nd St)
38.90539071806049,-77.05702508464705,pedestrian,major_injury,2023,2023-11-27 23:10:00,5,0,0,0,0,2,0,Ward 2,False,Rest of Corridor
38.89204678939621,-77.01424072580507,vehicle,minor_or_property,2023,2023-12-07 23:30:00,15,0,0,0,0,0,0,Ward 2,False,Rest of Corridor
38.90360707217329,-77.05141714370554,vehicle,minor_or_property,2023,2023-12-16 20:30:00,2,0,0,0,0,0,0,Ward 2,False,Rest of Corridor
38.9000373276096,-77.04297168378298,vehicle,minor_or_property,2023,2023-12-07 09:13:00,4,0,0,0,0,0,0,Ward 2,True,Impact Zone (17th-22nd St)
38.89955283580343,-77.04156390018247,vehicle,minor_or_property,2023,2023-12-21 01:14:00,3,0,0,0,0,0,0,Ward 2,True,Impact Zone (17th-22nd St)
38.90220201844187,-77.04911953941466,vehicle,minor_or_property,2023,2023-12-21 04:18:00,3,0,0,0,0,0,0,Ward 2,True,Impact Zone (17th-22nd St)
38.9000373276096,-77.04297168378298,vehicle,minor_or_property,2023,2023-12-14 22:00:00,4,0,0,0,0,0,0,Ward 2,True,Impact Zone (17th-22nd St)
38.90505713524178,-77.05743676117778,vehicle,minor_or_property,2023,2023-12-20 18:00:00,1,0,0,0,0,0,0,Ward 2,False,Rest of Corridor
38.89208110942328,-77.01545989995107,vehicle,minor_or_property,2023,2023-12-20 19:45:00,8,0,0,0,0,0,0,Ward 2,False,Rest of Corridor
38.89475694033399,-77.0281034794998,vehicle,minor_or_property,2023,2023-12-23 04:36:00,12,0,0,0,0,0,0,Ward 2,False,Rest of Corridor
38.89955283580343,-77.04156390018247,vehicle,minor_or_property,2023,2023-11-13 04:20:00,3,0,0,0,0,0,0,Ward 2,True,Impact Zone (17th-22nd St)
38.89375769575656,-77.02349553089917,vehicle,minor_or_property,2023,2023-12-27 22:50:00,10,0,0,0,0,0,0,Ward 2,False,Rest of Corridor
38.9021978678185,-77.05141723463655,vehicle,minor_or_property,2023,2023-12-27 21:22:00,5,0,0,0,0,0,0,Ward 2,False,Rest of Corridor
38.90012839484184,-77.04323560800779,vehicle,minor_or_property,2023,2023-12-19 23:00:00,4,0,0,0,0,0,0,Ward 2,True,Impact Zone (17th-22nd St)
38.89612189271618,-77.02993484882813,vehicle,minor_or_property,2024,2024-01-01 07:20:00,1,0,0,0,0,0,0,Ward 2,False,Rest of Corridor
38.90308379559924,-77.0517010295448,vehicle,minor_or_property,2024,2024-01-02 13:25:00,2,0,0,0,0,0,0,Ward 2,False,Rest of Corridor
38.89475694033399,-77.0281034794998,vehicle,minor_or_property,2024,2024-01-02 13:00:00,12,0,0,0,0,0,0,Ward 2,False,Rest of Corridor
38.90158326638164,-77.05012558183749,vehicle,minor_or_property,2024,2024-01-02 15:20:00,1,0,0,0,0,0,0,Ward 2,True,Impact Zone (17th-22nd St)
38.8935950501992,-77.0219170171282,vehicle,minor_or_property,2024,2024-01-03 16:36:00,9,0,0,0,0,0,0,Ward 6,False,Rest of Corridor
38.89208110942328,-77.01545989995107,vehicle,minor_or_property,2023,2023-12-29 19:25:00,8,0,0,0,0,0,0,Ward 2,False,Rest of Corridor
38.8935950501992,-77.0219170171282,vehicle,minor_or_property,2024,2024-01-07 21:45:00,9,0,0,0,0,0,0,Ward 6,False,Rest of Corridor
38.9000373276096,-77.04297168378298,vehicle,minor_or_property,2024,2024-01-09 13:50:00,4,0,0,0,0,0,0,Ward 2,True,Impact Zone (17th-22nd St)
38.896965074065946,-77.03364835728065,vehicle,minor_or_property,2024,2024-01-14 19:28:00,14,0,0,0,0,0,0,Ward 2,False,Rest of Corridor
38.89464381039959,-77.02669461074827,vehicle,minor_or_property,2024,2024-01-13 08:18:00,14,0,0,0,0,0,0,Ward 2,False,Rest of Corridor
38.8935950501992,-77.0219170171282,vehicle,minor_or_property,2024,2024-01-18 13:00:00,9,0,0,0,0,0,0,Ward 6,False,Rest of Corridor
38.905486194734046,-77.05703094858032,vehicle,minor_or_property,2024,2024-01-18 23:45:00,5,0,0,0,0,0,0,Ward 2,False,Rest of Corridor
38.90431046286045,-77.05524483997651,vehicle,minor_or_property,2024,2024-01-21 03:58:00,5,0,0,0,0,0,0,Ward 2,False,Rest of Corridor
38.90371843506121,-77.0535196732349,vehicle,minor_or_property,2024,2024-01-21 13:30:00,3,0,0,0,0,0,0,Ward 2,False,Rest of Corridor
38.89393584648554,-77.02172080182773,vehicle,minor_or_property,2024,2024-01-23 15:00:00,9,0,0,0,0,0,0,Ward 6,False,Rest of Corridor
38.90420253313479,-77.05494052086152,vehicle,minor_or_property,2024,2024-01-19 23:07:00,4,0,0,0,0,0,0,Ward 2,False,Rest of Corridor
38.90158326638164,-77.05012558183749,vehicle,minor_or_property,2024,2024-01-20 00:00:00,1,0,0,0,0,0,0,Ward 2,True,Impact Zone (17th-22nd St)
38.90158326638164,-77.05012558183749,vehicle,minor_or_property,2024,2024-01-21 16:25:00,1,0,0,0,0,0,0,Ward 2,True,Impact Zone (17th-22nd St)
38.901727417611525,-77.04780570415538,vehicle,minor_or_property,2024,2024-01-25 19:02:00,3,0,0,0,0,0,0,Ward 2,True,Impact Zone (17th-22nd St)
38.893604610814826,-77.01962191599878,vehicle,minor_or_property,2024,2024-01-23 08:00:00,9,0,0,0,0,0,0,Ward 6,False,Rest of Corridor
38.9025337647335,-77.04997970967136,vehicle,minor_or_property,2024,2024-01-25 00:30:00,5,0,0,0,0,0,0,Ward 2,True,Impact Zone (17th-22nd St)
38.90297493202976,-77.05138928436196,pedestrian,major_injury,2024,2024-01-29 11:30:00,2,0,0,0,0,1,0,Ward 2,False,Rest of Corridor
38.899013408927416,-77.04170749035332,vehicle,minor_or_property,2024,2024-01-29 14:40:00,4,0,0,0,0,0,0,Ward 2,True,Impact Zone (17th-22nd St)
38.90052684359346,-77.04665422713978,vehicle,minor_or_property,2024,2024-02-01 15:38:00,6,0,0,0,0,0,0,Ward 2,True,Impact Zone (17th-22nd St)
38.89475694033399,-77.0281034794998,vehicle,minor_or_property,2024,2024-01-31 18:05:00,12,0,0,0,0,0,0,Ward 2,False,Rest of Corridor
38.89810011060997,-77.03364632197335,vehicle,minor_or_property,2024,2024-02-01 04:55:00,5,0,0,0,0,0,0,Ward 2,False,Rest of Corridor
38.90118525233063,-77.04346308116831,vehicle,minor_or_property,2024,2024-02-03 09:00:00,6,0,0,0,0,0,0,Ward 2,True,Impact Zone (17th-22nd St)
38.90052684359346,-77.04665422713978,vehicle,minor_or_property,2024,2024-02-05 00:53:00,6,0,0,0,0,0,0,Ward 2,True,Impact Zone (17th-22nd St)
38.90538857758658,-77.05811481047725,vehicle,minor_or_property,2024,2024-02-03 00:59:00,1,0,0,0,0,0,0,Ward 2,False,Rest of Corridor
38.90253265558348,-77.05230748437573,vehicle,minor_or_property,2024,2024-02-05 11:36:00,2,0,0,0,0,0,0,Ward 2,False,Rest of Corridor
38.90400972974714,-77.05330183522541,vehicle,minor_or_property,2024,2024-01-30 22:00:00,3,0,0,0,0,0,0,Ward 2,False,Rest of Corridor
38.89464381039959,-77.02669461074827,vehicle,minor_or_property,2024,2024-02-07 10:40:00,14,0,0,0,0,0,0,Ward 2,False,Rest of Corridor
38.90021969733366,-77.04204342513054,vehicle,major_injury,2024,2024-02-07 05:00:00,4,0,0,0,0,0,1,Ward 2,True,Impact Zone (17th-22nd St)
38.89550770278223,-77.03167481252439,vehicle,minor_or_property,2024,2024-02-07 13:25:00,14,0,0,0,0,0,0,Ward 2,False,Rest of Corridor
38.8935950501992,-77.0219170171282,vehicle,minor_or_property,2024,2024-02-05 21:38:00,9,0,0,0,0,0,0,Ward 6,False,Rest of Corridor
38.90374180916722,-77.05507579081558,vehicle,minor_or_property,2024,2024-02-06 20:45:00,4,0,0,0,0,0,0,Ward 2,False,Rest of Corridor
38.89375769575656,-77.02349553089917,vehicle,minor_or_property,2024,2024-02-07 14:57:00,10,0,0,0,0,0,0,Ward 2,False,Rest of Corridor
38.89204678939621,-77.01424072580507,vehicle,minor_or_property,2024,2024-02-08 08:24:00,15,0,0,0,0,0,0,Ward 2,False,Rest of Corridor
38.89538432921228,-77.02938058771117,vehicle,minor_or_property,2024,2024-02-01 12:00:00,12,0,0,0,0,0,0,Ward 2,False,Rest of Corridor
38.90371843506121,-77.0535196732349,pedestrian,major_injury,2024,2024-02-10 16:01:00,3,0,0,0,0,1,0,Ward 2,False,Rest of Corridor
38.89945231376131,-77.03945313729741,vehicle,minor_or_property,2024,2024-02-08 17:15:00,4,0,0,0,0,0,0,Ward 2,True,Impact Zone (17th-22nd St)
38.90052014043082,-77.04170203079538,vehicle,minor_or_property,2024,2024-02-06 14:40:00,4,0,0,0,0,0,0,Ward 2,True,Impact Zone (17th-22nd St)
38.9000373276096,-77.04297168378298,vehicle,minor_or_property,2024,2024-02-12 23:12:00,4,0,0,0,0,0,0,Ward 2,True,Impact Zone (17th-22nd St)
38.89517844893615,-77.024980292057,vehicle,minor_or_property,2024,2024-02-13 16:01:00,11,0,0,0,0,0,0,Ward 2,False,Rest of Corridor
38.89613339004325,-77.0296418573822,vehicle,minor_or_property,2024,2024-02-13 14:40:00,1,0,0,0,0,0,0,Ward 2,False,Rest of Corridor
38.89365345209729,-77.02505029278406,vehicle,minor_or_property,2024,2024-02-12 05:15:00,11,0,0,0,0,0,0,Ward 2,False,Rest of Corridor
38.90116704231444,-77.04490306913009,vehicle,minor_or_property,2024,2024-02-12 21:38:00,7,0,0,0,0,0,0,Ward 2,True,Impact Zone (17th-22nd St)
38.9011469381695,-77.04614491683566,vehicle,minor_or_property,2024,2024-02-14 17:10:00,6,0,0,0,0,0,0,Ward 2,True,Impact Zone (17th-22nd St)
38.90539071806049,-77.05702508464705,vehicle,minor_or_property,2024,2024-02-14 15:10:00,5,0,0,0,0,0,0,Ward 2,False,Rest of Corridor
38.89930419827532,-77.04084232781497,vehicle,minor_or_property,2024,2024-02-15 01:32:00,4,0,0,0,0,0,0,Ward 2,True,Impact Zone (17th-22nd St)
38.90158326638164,-77.05012558183749,vehicle,minor_or_property,2024,2024-02-20 14:35:00,1,0,0,0,0,0,0,Ward 2,True,Impact Zone (17th-22nd St)
38.90371843506121,-77.0535196732349,vehicle,minor_or_property,2024,2024-02-21 07:44:00,3,0,0,0,0,0,0,Ward 2,False,Rest of Corridor
38.89550770278223,-77.03167481252439,vehicle,minor_or_property,2024,2024-02-26 01:07:00,14,0,0,0,0,0,0,Ward 2,False,Rest of Corridor
38.90489065639789,-77.05916067197582,vehicle,minor_or_property,2024,2024-02-27 13:00:00,1,0,0,0,0,0,0,Ward 2,False,Rest of Corridor
38.90070000759779,-77.04577553734448,vehicle,minor_or_property,2024,2024-02-16 13:00:00,6,0,0,0,0,0,0,Ward 2,True,Impact Zone (17th-22nd St)
38.89467845826397,-77.02810829006157,vehicle,minor_or_property,2024,2024-02-29 21:00:00,12,0,0,0,0,0,0,Ward 2,False,Rest of Corridor
38.89464381039959,-77.02669461074827,vehicle,minor_or_property,2024,2024-02-29 23:48:00,14,0,0,0,0,0,0,Ward 2,False,Rest of Corridor
38.89550770278223,-77.03167481252439,vehicle,minor_or_property,2024,2024-02-29 21:47:00,14,0,0,0,0,0,0,Ward 2,False,Rest of Corridor
38.90158326638164,-77.05012558183749,vehicle,minor_or_property,2024,2024-02-28 17:55:00,1,0,0,0,0,0,0,Ward 2,True,Impact Zone (17th-22nd St)
38.89550770278223,-77.03167481252439,vehicle,minor_or_property,2024,2024-02-28 21:19:00,14,0,0,0,0,0,0,Ward 2,False,Rest of Corridor
38.90547091692762,-77.0570302100324,vehicle,minor_or_property,2024,2024-02-29 00:30:00,5,0,0,0,0,0,0,Ward 2,False,Rest of Corridor
38.893604610814826,-77.01962191599878,vehicle,minor_or_property,2024,2024-03-01 21:00:00,9,0,0,0,0,0,0,Ward 6,False,Rest of Corridor
38.89550770278223,-77.03167481252439,vehicle,minor_or_property,2024,2024-03-04 02:43:00,14,0,0,0,0,0,0,Ward 2,False,Rest of Corridor
38.90297493202976,-77.05138928436196,vehicle,minor_or_property,2024,2024-03-06 17:35:00,2,0,0,0,0,0,0,Ward 2,False,Rest of Corridor
38.89464381039959,-77.02669461074827,vehicle,minor_or_property,2024,2024-02-28 22:10:00,14,0,0,0,0,0,0,Ward 2,False,Rest of Corridor
38.90144102400771,-77.04698378880771,vehicle,minor_or_property,2024,2024-03-07 22:40:00,3,0,0,0,0,0,0,Ward 2,True,Impact Zone (17th-22nd St)
38.896965074065946,-77.03364835728065,vehicle,minor_or_property,2024,2024-03-10 16:45:00,14,0,0,0,0,0,0,Ward 2,False,Rest of Corridor
38.9011469381695,-77.04614491683566,vehicle,minor_or_property,2024,2024-03-10 21:00:00,6,0,0,0,0,0,0,Ward 2,True,Impact Zone (17th-22nd St)
38.9051284106375,-77.05810815377609,vehicle,minor_or_property,2024,2024-03-15 06:35:00,1,0,0,0,0,0,0,Ward 2,False,Rest of Corridor
38.89480521885512,-77.02365999089612,vehicle,minor_or_property,2024,2024-03-15 19:20:00,10,0,0,0,0,0,0,Ward 6,False,Rest of Corridor
38.90281585695015,-77.04881862622209,vehicle,minor_or_property,2024,2024-03-18 18:45:00,5,0,0,0,0,0,0,Ward 2,True,Impact Zone (17th-22nd St)
38.90445494480697,-77.05809257141797,vehicle,minor_or_property,2024,2024-03-18 17:00:00,1,0,0,0,0,0,0,Ward 2,False,Rest of Corridor
38.90012839484184,-77.04323560800779,vehicle,minor_or_property,2024,2024-03-21 11:45:00,4,0,0,0,0,0,0,Ward 2,True,Impact Zone (17th-22nd St)
38.90538857758658,-77.05811481047725,vehicle,minor_or_property,2024,2024-03-20 04:00:00,1,0,0,0,0,0,0,Ward 2,False,Rest of Corridor
38.89613637484463,-77.02934442422483,vehicle,minor_or_property,2024,2024-03-20 23:01:00,1,0,0,0,0,0,0,Ward 2,False,Rest of Corridor
38.90118525233063,-77.04346308116831,vehicle,minor_or_property,2024,2024-03-24 22:25:00,6,0,0,0,0,0,0,Ward 2,True,Impact Zone (17th-22nd St)
38.89893910782111,-77.03979699957205,vehicle,minor_or_property,2024,2024-03-22 19:00:00,4,0,0,0,0,0,0,Ward 2,True,Impact Zone (17th-22nd St)
38.90282694824717,-77.05096544207385,vehicle,minor_or_property,2024,2024-03-22 19:30:00,6,0,0,0,0,0,0,Ward 2,False,Rest of Corridor
38.90286872106975,-77.04958135246508,vehicle,minor_or_property,2024,2024-03-22 19:23:00,5,0,0,0,0,0,0,Ward 2,True,Impact Zone (17th-22nd St)
38.90308379559924,-77.0517010295448,vehicle,minor_or_property,2024,2024-03-23 07:15:00,2,0,0,0,0,0,0,Ward 2,False,Rest of Corridor
38.90253377584578,-77.04766832787166,vehicle,minor_or_property,2024,2024-03-26 23:00:00,3,0,0,0,0,0,0,Ward 2,True,Impact Zone (17th-22nd St)
38.89550770278223,-77.03167481252439,vehicle,minor_or_property,2024,2024-03-26 21:43:00,14,0,0,0,0,0,0,Ward 2,False,Rest of Corridor
38.90506767446501,-77.05747451566464,vehicle,minor_or_property,2024,2024-03-26 05:58:00,1,0,0,0,0,0,0,Ward 2,False,Rest of Corridor
38.89431778836691,-77.02811579053134,vehicle,minor_or_property,2024,2024-03-30 02:22:00,12,0,0,0,0,0,0,Ward 2,False,Rest of Corridor
38.89480521885512,-77.02365999089612,vehicle,minor_or_property,2024,2024-03-31 02:26:00,10,0,0,0,0,0,0,Ward 6,False,Rest of Corridor
38.89512063649321,-77.02599738105259,vehicle,minor_or_property,2024,2024-03-30 05:45:00,14,0,0,0,0,0,0,Ward 2,False,Rest of Corridor
38.90021969734195,-77.04204340207403,vehicle,minor_or_property,2024,2024-03-28 22:30:00,4,0,0,0,0,0,0,Ward 2,True,Impact Zone (17th-22nd St)
38.89512063649321,-77.02599738105259,vehicle,minor_or_property,2024,2024-04-03 02:19:00,14,0,0,0,0,0,0,Ward 2,False,Rest of Corridor
38.89613659662951,-77.02932218763078,vehicle,minor_or_property,2024,2024-04-03 13:47:00,1,0,0,0,0,0,0,Ward 2,False,Rest of Corridor
38.89296034576299,-77.02058920475065,vehicle,minor_or_property,2024,2024-04-07 04:38:00,9,0,0,0,0,0,0,Ward 2,False,Rest of Corridor
38.90052014043082,-77.04170203079538,vehicle,minor_or_property,2024,2024-04-08 11:59:00,4,0,0,0,0,0,0,Ward 2,True,Impact Zone (17th-22nd St)
38.8920832740634,-77.01953167979903,vehicle,minor_or_property,2024,2024-04-08 19:00:00,9,0,0,0,0,0,0,Ward 2,False,Rest of Corridor
38.905422363098914,-77.05702776163407,vehicle,minor_or_property,2024,2024-04-12 18:05:00,5,0,0,0,0,0,0,Ward 2,False,Rest of Corridor
38.905518785970855,-77.05917038165221,vehicle,minor_or_property,2024,2024-04-11 14:50:00,1,0,0,0,0,0,0,Ward 2,False,Rest of Corridor
38.90510419708234,-77.0591653108244,vehicle,minor_or_property,2024,2024-04-13 01:10:00,1,0,0,0,0,0,0,Ward 2,False,Rest of Corridor
38.89375769575656,-77.02349553089917,vehicle,minor_or_property,2024,2024-04-13 21:30:00,10,0,0,0,0,0,0,Ward 2,False,Rest of Corridor
38.9021978678185,-77.05141723463655,vehicle,minor_or_property,2024,2024-04-18 13:26:00,5,0,0,0,0,0,0,Ward 2,False,Rest of Corridor
38.90381516099004,-77.05380684786033,vehicle,minor_or_property,2024,2024-04-18 14:15:00,3,0,0,0,0,0,0,Ward 2,False,Rest of Corridor
38.9021978678185,-77.05141723463655,vehicle,minor_or_property,2024,2024-04-17 13:50:00,5,0,0,0,0,0,0,Ward 2,False,Rest of Corridor
38.905486194734046,-77.05703094858032,vehicle,minor_or_property,2024,2024-04-20 20:12:00,5,0,0,0,0,0,0,Ward 2,False,Rest of Corridor
38.90371300140389,-77.05350354037058,vehicle,minor_or_property,2024,2024-04-21 00:54:00,3,0,0,0,0,0,0,Ward 2,False,Rest of Corridor
38.89612012650432,-77.02997220893742,vehicle,minor_or_property,2024,2024-04-18 20:56:00,1,0,0,0,0,0,0,Ward 2,False,Rest of Corridor
38.90253377584578,-77.04766832787166,vehicle,minor_or_property,2024,2024-04-19 19:00:00,3,0,0,0,0,0,0,Ward 2,True,Impact Zone (17th-22nd St)
38.89203978905553,-77.01402428363672,vehicle,minor_or_property,2024,2024-04-22 15:00:00,15,0,0,0,0,0,0,Ward 2,False,Rest of Corridor
38.89550770278223,-77.03167481252439,vehicle,minor_or_property,2024,2024-04-23 00:56:00,14,0,0,0,0,0,0,Ward 2,False,Rest of Corridor
38.89203978905553,-77.01402428363672,vehicle,minor_or_property,2024,2024-04-26 20:12:00,15,0,0,0,0,0,0,Ward 2,False,Rest of Corridor
38.90509936812363,-77.05810731155535,vehicle,major_injury,2024,2024-04-24 15:00:00,1,0,0,0,0,0,1,Ward 2,False,Rest of Corridor
38.89208110942328,-77.01545989995107,vehicle,minor_or_property,2024,2024-04-24 00:30:00,8,0,0,0,0,0,0,Ward 2,False,Rest of Corridor
38.903586036574126,-77.0547502016384,vehicle,minor_or_property,2024,2024-04-29 19:50:00,3,0,0,0,0,0,0,Ward 2,False,Rest of Corridor
38.89296034576299,-77.02058920475065,vehicle,minor_or_property,2024,2024-05-01 19:00:00,9,0,0,0,0,0,0,Ward 2,False,Rest of Corridor
38.90225611635904,-77.0466514615498,vehicle,minor_or_property,2024,2024-05-01 18:35:00,3,0,0,0,0,0,0,Ward 2,True,Impact Zone (17th-22nd St)
38.89475694033399,-77.0281034794998,vehicle,fatal,2024,2024-05-02 14:40:00,12,1,0,0,0,0,0,Ward 2,False,Rest of Corridor
38.89375769575656,-77.02349553089917,vehicle,minor_or_property,2024,2024-05-04 19:50:00,10,0,0,0,0,0,0,Ward 2,False,Rest of Corridor
38.89548223815045,-77.03409932700194,vehicle,fatal,2024,2024-05-05 02:16:00,15,1,0,0,0,0,0,Ward 2,False,Rest of Corridor
38.90538857758658,-77.05811481047725,vehicle,minor_or_property,2024,2024-05-04 07:20:00,1,0,0,0,0,0,0,Ward 2,False,Rest of Corridor
38.89859997598639,-77.03364531273334,vehicle,minor_or_property,2024,2024-05-09 05:55:00,5,0,0,0,0,0,0,Ward 2,False,Rest of Corridor
38.89612012650432,-77.02997220893742,vehicle,minor_or_property,2024,2024-05-05 17:00:00,1,0,0,0,0,0,0,Ward 2,False,Rest of Corridor
38.89810011060997,-77.03364632197335,vehicle,minor_or_property,2024,2024-05-08 19:00:00,5,0,0,0,0,0,0,Ward 2,False,Rest of Corridor
38.89613659662951,-77.02932218763078,vehicle,minor_or_property,2024,2024-05-06 20:10:00,1,0,0,0,0,0,0,Ward 2,False,Rest of Corridor
38.90141845035889,-77.04946829961455,vehicle,minor_or_property,2024,2024-05-11 00:15:00,1,0,0,0,0,0,0,Ward 2,True,Impact Zone (17th-22nd St)
38.89612012650432,-77.02997220893742,vehicle,minor_or_property,2024,2024-05-09 09:00:00,1,0,0,0,0,0,0,Ward 2,False,Rest of Corridor
38.89612012650432,-77.02997220893742,vehicle,minor_or_property,2024,2024-05-13 22:15:00,1,0,0,0,0,0,0,Ward 2,False,Rest of Corridor
38.89612012650432,-77.02997220893742,vehicle,minor_or_property,2024,2024-05-14 19:45:00,1,0,0,0,0,0,0,Ward 2,False,Rest of Corridor
38.90028976489431,-77.04368684056377,vehicle,minor_or_property,2024,2024-05-15 02:37:00,6,0,0,0,0,0,0,Ward 2,True,Impact Zone (17th-22nd St)
38.89204678939621,-77.01424072580507,vehicle,minor_or_property,2024,2024-05-16 19:22:00,15,0,0,0,0,0,0,Ward 2,False,Rest of Corridor
38.9051284106375,-77.05810815377609,vehicle,minor_or_property,2024,2024-05-17 02:00:00,1,0,0,0,0,0,0,Ward 2,False,Rest of Corridor
38.899013408927416,-77.04170749035332,vehicle,minor_or_property,2024,2024-05-15 14:15:00,4,0,0,0,0,0,0,Ward 2,True,Impact Zone (17th-22nd St)
38.89611712949168,-77.03136831148156,vehicle,minor_or_property,2024,2024-05-15 20:55:00,2,0,0,0,0,0,0,Ward 2,False,Rest of Corridor
38.89623947724568,-77.03247042576785,vehicle,minor_or_property,2024,2024-05-16 16:55:00,14,0,0,0,0,0,0,Ward 2,False,Rest of Corridor
38.90297493202976,-77.05138928436196,vehicle,minor_or_property,2024,2024-05-19 21:49:00,2,0,0,0,0,0,0,Ward 2,False,Rest of Corridor
38.901727417611525,-77.04780570415538,vehicle,minor_or_property,2024,2024-05-21 08:50:00,3,0,0,0,0,0,0,Ward 2,True,Impact Zone (17th-22nd St)
38.90308379559924,-77.0517010295448,vehicle,minor_or_property,2024,2024-05-20 09:14:00,2,0,0,0,0,0,0,Ward 2,False,Rest of Corridor
38.900218788568495,-77.0410525846067,vehicle,minor_or_property,2024,2024-05-20 20:15:00,4,0,0,0,0,0,0,Ward 2,True,Impact Zone (17th-22nd St)
38.902534305322725,-77.05266570245135,vehicle,minor_or_property,2024,2024-05-18 05:22:00,2,0,0,0,0,0,0,Ward 2,False,Rest of Corridor
38.90564524308558,-77.0570373591166,vehicle,minor_or_property,2024,2024-05-18 23:00:00,5,0,0,0,0,0,0,Ward 2,False,Rest of Corridor
38.89613339004325,-77.0296418573822,vehicle,minor_or_property,2024,2024-05-18 04:00:00,1,0,0,0,0,0,0,Ward 2,False,Rest of Corridor
38.8950072560744,-77.02802769331497,vehicle,minor_or_property,2024,2024-05-21 20:35:00,12,0,0,0,0,0,0,Ward 2,False,Rest of Corridor
38.90308379559924,-77.0517010295448,vehicle,minor_or_property,2024,2024-05-22 20:50:00,2,0,0,0,0,0,0,Ward 2,False,Rest of Corridor
38.89375769575656,-77.02349553089917,vehicle,minor_or_property,2024,2024-05-22 21:18:00,10,0,0,0,0,0,0,Ward 2,False,Rest of Corridor
38.90159685014576,-77.04743076894036,vehicle,minor_or_property,2024,2024-05-24 05:56:00,3,0,0,0,0,0,0,Ward 2,True,Impact Zone (17th-22nd St)
38.90420253313479,-77.05494052086152,vehicle,minor_or_property,2024,2024-05-25 20:30:00,4,0,0,0,0,0,0,Ward 2,False,Rest of Corridor
38.89512063649321,-77.02599738105259,vehicle,minor_or_property,2024,2024-05-25 19:40:00,14,0,0,0,0,0,0,Ward 2,False,Rest of Corridor
38.89464381039959,-77.02669461074827,vehicle,minor_or_property,2024,2024-05-23 18:50:00,14,0,0,0,0,0,0,Ward 2,False,Rest of Corridor
38.8995064631474,-77.03945277529124,vehicle,minor_or_property,2024,2024-05-24 19:12:00,4,0,0,0,0,0,0,Ward 2,True,Impact Zone (17th-22nd St)
38.89612012650432,-77.02997220893742,vehicle,minor_or_property,2024,2024-05-26 16:00:00,1,0,0,0,0,0,0,Ward 2,False,Rest of Corridor
38.90134229758764,-77.04574501879567,vehicle,minor_or_property,2024,2024-06-02 07:45:00,6,0,0,0,0,0,0,Ward 2,True,Impact Zone (17th-22nd St)
38.90436690414055,-77.0532971792944,vehicle,minor_or_property,2024,2024-05-31 04:30:00,3,0,0,0,0,0,0,Ward 2,False,Rest of Corridor
38.89375769575656,-77.02349553089917,vehicle,minor_or_property,2024,2024-06-02 21:57:00,10,0,0,0,0,0,0,Ward 2,False,Rest of Corridor
38.89204678939621,-77.01424072580507,vehicle,minor_or_property,2024,2024-06-01 15:12:00,15,0,0,0,0,0,0,Ward 2,False,Rest of Corridor
38.89283244820594,-77.02294029152293,vehicle,minor_or_property,2024,2024-06-05 19:20:00,7,0,0,0,0,0,0,Ward 2,False,Rest of Corridor
38.902795683240434,-77.0508758882482,vehicle,minor_or_property,2024,2024-06-04 00:10:00,6,0,0,0,0,0,0,Ward 2,False,Rest of Corridor
38.90186695249349,-77.05074257892684,vehicle,minor_or_property,2024,2024-06-04 17:47:00,5,0,0,0,0,0,0,Ward 2,False,Rest of Corridor
38.89208110942328,-77.01545989995107,vehicle,minor_or_property,2024,2024-06-07 19:15:00,8,0,0,0,0,0,0,Ward 2,False,Rest of Corridor
38.90220201844187,-77.04911953941466,vehicle,minor_or_property,2024,2024-06-13 04:00:00,3,0,0,0,0,0,0,Ward 2,True,Impact Zone (17th-22nd St)
38.90220201844187,-77.04911953941466,vehicle,minor_or_property,2024,2024-06-13 18:00:00,3,0,0,0,0,0,0,Ward 2,True,Impact Zone (17th-22nd St)
38.89611400154633,-77.03170951458792,vehicle,minor_or_property,2024,2024-06-11 22:45:00,2,0,0,0,0,0,0,Ward 2,False,Rest of Corridor
38.8950072560744,-77.02802769331497,vehicle,minor_or_property,2024,2024-06-12 17:30:00,12,0,0,0,0,0,0,Ward 2,False,Rest of Corridor
38.89955283580343,-77.04156390018247,vehicle,minor_or_property,2024,2024-06-15 22:23:00,3,0,0,0,0,0,0,Ward 2,True,Impact Zone (17th-22nd St)
38.89208110942328,-77.01545989995107,vehicle,minor_or_property,2024,2024-06-15 02:38:00,8,0,0,0,0,0,0,Ward 2,False,Rest of Corridor
38.8936044228762,-77.01956083351594,vehicle,minor_or_property,2024,2024-06-15 03:24:00,1,0,0,0,0,0,0,Ward 6,False,Rest of Corridor
38.89612189271618,-77.02993484882813,vehicle,minor_or_property,2024,2024-06-15 10:10:00,1,0,0,0,0,0,0,Ward 2,False,Rest of Corridor
38.8923880626612,-77.01854104362818,vehicle,minor_or_property,2024,2024-06-22 04:25:00,17,0,0,0,0,0,0,Ward 6,False,Rest of Corridor
38.89903295539127,-77.04006507886064,vehicle,minor_or_property,2024,2024-06-21 18:50:00,4,0,0,0,0,0,0,Ward 2,True,Impact Zone (17th-22nd St)
38.89806412217745,-77.03364638569342,vehicle,minor_or_property,2024,2024-06-21 18:25:00,5,0,0,0,0,0,0,Ward 2,False,Rest of Corridor
38.90045478581812,-77.04665397250135,vehicle,minor_or_property,2024,2024-06-20 19:30:00,6,0,0,0,0,0,0,Ward 2,True,Impact Zone (17th-22nd St)
38.902795683240434,-77.0508758882482,vehicle,minor_or_property,2024,2024-06-24 20:47:00,6,0,0,0,0,0,0,Ward 2,False,Rest of Corridor
38.90253377013588,-77.05011429462617,vehicle,minor_or_property,2024,2024-06-27 07:45:00,5,0,0,0,0,0,0,Ward 2,True,Impact Zone (17th-22nd St)
38.89611400154633,-77.03170951458792,vehicle,minor_or_property,2024,2024-06-27 19:47:00,2,0,0,0,0,0,0,Ward 2,False,Rest of Corridor
38.89297881937296,-77.02065472989676,vehicle,minor_or_property,2024,2024-06-27 00:00:00,9,0,0,0,0,0,0,Ward 6,False,Rest of Corridor
38.90542335397234,-77.05702785465881,vehicle,minor_or_property,2024,2024-06-28 04:00:00,5,0,0,0,0,0,0,Ward 2,False,Rest of Corridor
38.89893910782111,-77.03979699957205,vehicle,minor_or_property,2024,2024-07-03 20:45:00,4,0,0,0,0,0,0,Ward 2,True,Impact Zone (17th-22nd St)
38.89313315107231,-77.01992717339851,vehicle,minor_or_property,2024,2024-07-09 13:50:00,9,0,0,0,0,0,0,Ward 6,False,Rest of Corridor
38.89548223815045,-77.03409932700194,vehicle,minor_or_property,2024,2024-07-09 14:45:00,15,0,0,0,0,0,0,Ward 2,False,Rest of Corridor
38.89611400154633,-77.03170951458792,vehicle,minor_or_property,2024,2024-07-09 17:15:00,2,0,0,0,0,0,0,Ward 2,False,Rest of Corridor
38.905422363098914,-77.05702776163407,vehicle,minor_or_property,2024,2024-07-08 21:03:00,5,0,0,0,0,0,0,Ward 2,False,Rest of Corridor
38.9021978678185,-77.05141723463655,vehicle,minor_or_property,2024,2024-07-10 21:00:00,5,0,0,0,0,0,0,Ward 2,False,Rest of Corridor
38.89367478906318,-77.02319331874058,vehicle,minor_or_property,2024,2024-07-10 13:48:00,10,0,0,0,0,0,0,Ward 2,False,Rest of Corridor
38.90220201844187,-77.04911953941466,vehicle,minor_or_property,2024,2024-07-10 17:10:00,3,0,0,0,0,0,0,Ward 2,True,Impact Zone (17th-22nd St)
38.90513938720568,-77.05702056032509,vehicle,minor_or_property,2024,2024-07-09 15:30:00,5,0,0,0,0,0,0,Ward 2,False,Rest of Corridor
38.90505713524178,-77.05743676117778,vehicle,minor_or_property,2024,2024-07-10 15:00:00,1,0,0,0,0,0,0,Ward 2,False,Rest of Corridor
38.90253377013588,-77.05011429462617,vehicle,minor_or_property,2024,2024-07-10 20:50:00,5,0,0,0,0,0,0,Ward 2,True,Impact Zone (17th-22nd St)
38.90547091692762,-77.0570302100324,vehicle,minor_or_property,2024,2024-07-14 03:45:00,5,0,0,0,0,0,0,Ward 2,False,Rest of Corridor
38.89920706810098,-77.04056370796206,vehicle,minor_or_property,2024,2024-07-15 14:00:00,4,0,0,0,0,0,0,Ward 2,True,Impact Zone (17th-22nd St)
38.90116704231444,-77.04490306913009,vehicle,minor_or_property,2024,2024-07-12 19:10:00,7,0,0,0,0,0,0,Ward 2,True,Impact Zone (17th-22nd St)
38.89464381039959,-77.02669461074827,vehicle,minor_or_property,2024,2024-07-17 21:02:00,14,0,0,0,0,0,0,Ward 2,False,Rest of Corridor
38.90297493202976,-77.05138928436196,vehicle,minor_or_property,2024,2024-07-22 00:00:00,2,0,0,0,0,0,0,Ward 2,False,Rest of Corridor
38.90360565785679,-77.05141715421482,vehicle,minor_or_property,2024,2024-07-19 23:05:00,2,0,0,0,0,0,0,Ward 2,False,Rest of Corridor
38.89475694033399,-77.0281034794998,vehicle,minor_or_property,2024,2024-07-22 12:20:00,12,0,0,0,0,0,0,Ward 2,False,Rest of Corridor
38.89431778836691,-77.02811579053134,vehicle,minor_or_property,2024,2024-07-24 20:20:00,12,0,0,0,0,0,0,Ward 2,False,Rest of Corridor
38.89283244820594,-77.02294029152293,vehicle,minor_or_property,2024,2024-07-22 20:00:00,7,0,0,0,0,0,0,Ward 2,False,Rest of Corridor
38.90038844450687,-77.04396956238948,vehicle,minor_or_property,2024,2024-07-23 17:40:00,6,0,0,0,0,0,0,Ward 2,True,Impact Zone (17th-22nd St)
38.89365345209729,-77.02505029278406,vehicle,minor_or_property,2024,2024-07-23 10:40:00,11,0,0,0,0,0,0,Ward 2,False,Rest of Corridor
38.90141845035889,-77.04946829961455,vehicle,minor_or_property,2024,2024-07-25 19:08:00,1,0,0,0,0,0,0,Ward 2,True,Impact Zone (17th-22nd St)
38.89700740419764,-77.02962435261942,vehicle,minor_or_property,2024,2024-07-22 19:13:00,1,0,0,0,0,0,0,Ward 2,False,Rest of Corridor
38.90420253313479,-77.05494052086152,vehicle,minor_or_property,2024,2024-07-26 12:45:00,4,0,0,0,0,0,0,Ward 2,False,Rest of Corridor
38.90118525233063,-77.04346308116831,vehicle,minor_or_property,2024,2024-07-26 04:00:00,6,0,0,0,0,0,0,Ward 2,True,Impact Zone (17th-22nd St)
38.89189219426773,-77.01626008996008,vehicle,minor_or_property,2024,2024-07-30 19:00:00,16,0,0,0,0,0,0,Ward 6,False,Rest of Corridor
38.89550770278223,-77.03167481252439,vehicle,minor_or_property,2024,2024-07-29 01:50:00,14,0,0,0,0,0,0,Ward 2,False,Rest of Corridor
38.89611400154633,-77.03170951458792,vehicle,minor_or_property,2024,2024-07-30 13:18:00,2,0,0,0,0,0,0,Ward 2,False,Rest of Corridor
38.90420253313479,-77.05494052086152,vehicle,minor_or_property,2024,2024-08-02 18:11:00,4,0,0,0,0,0,0,Ward 2,False,Rest of Corridor
38.90506426346311,-77.05916449372667,vehicle,minor_or_property,2024,2024-08-02 18:30:00,1,0,0,0,0,0,0,Ward 2,False,Rest of Corridor
38.89930419827532,-77.04084232781497,vehicle,minor_or_property,2024,2024-08-01 18:38:00,4,0,0,0,0,0,0,Ward 2,True,Impact Zone (17th-22nd St)
38.89480521885512,-77.02365999089612,vehicle,minor_or_property,2024,2024-08-05 15:30:00,10,0,0,0,0,0,0,Ward 6,False,Rest of Corridor
38.90420253313479,-77.05494052086152,vehicle,minor_or_property,2024,2024-08-04 22:27:00,4,0,0,0,0,0,0,Ward 2,False,Rest of Corridor
38.90375477366528,-77.05399193184151,vehicle,minor_or_property,2024,2024-08-06 16:01:00,3,0,0,0,0,0,0,Ward 2,False,Rest of Corridor
38.90510419708234,-77.0591653108244,vehicle,minor_or_property,2024,2024-08-04 16:01:00,1,0,0,0,0,0,0,Ward 2,False,Rest of Corridor
38.89613339004325,-77.0296418573822,vehicle,minor_or_property,2024,2024-08-08 13:19:00,1,0,0,0,0,0,0,Ward 2,False,Rest of Corridor
38.893968871163295,-77.0219137545071,vehicle,minor_or_property,2024,2024-08-09 04:00:00,9,0,0,0,0,0,0,Ward 6,False,Rest of Corridor
38.89470045461595,-77.02507029151685,vehicle,minor_or_property,2024,2024-08-09 03:35:00,11,0,0,0,0,0,0,Ward 2,False,Rest of Corridor
38.90028976489431,-77.04368684056377,vehicle,minor_or_property,2024,2024-08-12 16:00:00,6,0,0,0,0,0,0,Ward 2,True,Impact Zone (17th-22nd St)
38.89189219426773,-77.01626008996008,vehicle,minor_or_property,2024,2024-08-16 19:27:00,16,0,0,0,0,0,0,Ward 6,False,Rest of Corridor
38.90371300140389,-77.05350354037058,vehicle,minor_or_property,2024,2024-08-16 20:05:00,3,0,0,0,0,0,0,Ward 2,False,Rest of Corridor
38.89851933304012,-77.03364558595095,vehicle,minor_or_property,2024,2024-08-19 18:36:00,5,0,0,0,0,0,0,Ward 2,False,Rest of Corridor
38.893968871163295,-77.0219137545071,vehicle,minor_or_property,2024,2024-08-20 14:00:00,9,0,0,0,0,0,0,Ward 6,False,Rest of Corridor
38.90192694143246,-77.0483802573267,vehicle,minor_or_property,2024,2024-08-19 03:07:00,3,0,0,0,0,0,0,Ward 2,True,Impact Zone (17th-22nd St)
38.90186695249349,-77.05074257892684,vehicle,minor_or_property,2024,2024-08-22 12:00:00,5,0,0,0,0,0,0,Ward 2,False,Rest of Corridor
38.90507292898848,-77.0581065406303,vehicle,minor_or_property,2024,2024-08-23 14:19:00,1,0,0,0,0,0,0,Ward 2,False,Rest of Corridor
38.89375769575656,-77.02349553089917,vehicle,minor_or_property,2024,2024-08-23 19:43:00,10,0,0,0,0,0,0,Ward 2,False,Rest of Corridor
38.89853583166179,-77.03947476408395,vehicle,major_injury,2024,2024-08-22 15:00:00,6,0,0,0,0,0,1,Ward 2,True,Impact Zone (17th-22nd St)
38.89641107108998,-77.0339818896049,vehicle,minor_or_property,2024,2024-08-21 21:29:00,14,0,0,0,0,0,0,Ward 2,False,Rest of Corridor
38.90220201844187,-77.04911953941466,vehicle,minor_or_property,2024,2024-08-24 01:07:00,3,0,0,0,0,0,0,Ward 2,True,Impact Zone (17th-22nd St)
38.89702888377953,-77.03196821127743,vehicle,minor_or_property,2024,2024-08-27 18:50:00,14,0,0,0,0,0,0,Ward 2,False,Rest of Corridor
38.9051284106375,-77.05810815377609,vehicle,minor_or_property,2024,2024-08-28 21:55:00,1,0,0,0,0,0,0,Ward 2,False,Rest of Corridor
38.90489065639789,-77.05916067197582,vehicle,minor_or_property,2024,2024-08-28 22:56:00,1,0,0,0,0,0,0,Ward 2,False,Rest of Corridor
38.90215934862599,-77.0492199582507,vehicle,minor_or_property,2024,2024-08-27 19:40:00,1,0,0,0,0,0,0,Ward 2,True,Impact Zone (17th-22nd St)
38.90192694143246,-77.0483802573267,vehicle,minor_or_property,2024,2024-08-29 06:08:00,3,0,0,0,0,0,0,Ward 2,True,Impact Zone (17th-22nd St)
38.89521564674664,-77.02876842362211,vehicle,minor_or_property,2024,2024-08-31 10:30:00,12,0,0,0,0,0,0,Ward 2,False,Rest of Corridor
38.90372673847628,-77.05354432803848,vehicle,minor_or_property,2024,2024-08-29 20:45:00,3,0,0,0,0,0,0,Ward 2,False,Rest of Corridor
38.90420251894235,-77.0532987973234,vehicle,minor_or_property,2024,2024-08-29 21:38:00,3,0,0,0,0,0,0,Ward 2,False,Rest of Corridor
38.89893910782111,-77.03979699957205,vehicle,minor_or_property,2024,2024-08-31 23:29:00,4,0,0,0,0,0,0,Ward 2,True,Impact Zone (17th-22nd St)
38.89612012650432,-77.02997220893742,vehicle,minor_or_property,2024,2024-09-02 18:30:00,1,0,0,0,0,0,0,Ward 2,False,Rest of Corridor
38.90220201844187,-77.04911953941466,vehicle,minor_or_property,2024,2024-09-03 11:00:00,3,0,0,0,0,0,0,Ward 2,True,Impact Zone (17th-22nd St)
38.8920832740634,-77.01953167979903,vehicle,minor_or_property,2024,2024-09-03 14:55:00,9,0,0,0,0,0,0,Ward 2,False,Rest of Corridor
38.90371300140389,-77.05350354037058,vehicle,minor_or_property,2024,2024-09-06 21:50:00,3,0,0,0,0,0,0,Ward 2,False,Rest of Corridor
38.90186695249349,-77.05074257892684,vehicle,minor_or_property,2024,2024-09-08 04:23:00,5,0,0,0,0,0,0,Ward 2,False,Rest of Corridor
38.90278870210112,-77.04951228635895,vehicle,minor_or_property,2024,2024-09-11 14:07:00,5,0,0,0,0,0,0,Ward 2,True,Impact Zone (17th-22nd St)
38.89204678939621,-77.01424072580507,vehicle,minor_or_property,2024,2024-09-11 23:00:00,15,0,0,0,0,0,0,Ward 2,False,Rest of Corridor
38.8950072560744,-77.02802769331497,vehicle,minor_or_property,2024,2024-09-15 10:34:00,12,0,0,0,0,0,0,Ward 2,False,Rest of Corridor
38.90510680069841,-77.05761483234173,vehicle,minor_or_property,2024,2024-09-16 18:00:00,1,0,0,0,0,0,0,Ward 2,False,Rest of Corridor
38.90505713524178,-77.05743676117778,vehicle,minor_or_property,2024,2024-09-15 23:09:00,1,0,0,0,0,0,0,Ward 2,False,Rest of Corridor
38.90225611635904,-77.0466514615498,vehicle,minor_or_property,2024,2024-09-14 08:06:00,3,0,0,0,0,0,0,Ward 2,True,Impact Zone (17th-22nd St)
38.90178414813968,-77.0479695734782,vehicle,minor_or_property,2024,2024-09-15 00:50:00,3,0,0,0,0,0,0,Ward 2,True,Impact Zone (17th-22nd St)
38.90497514935725,-77.05475570658015,vehicle,minor_or_property,2024,2024-09-16 18:30:00,4,0,0,0,0,0,0,Ward 2,False,Rest of Corridor
38.90505713524178,-77.05743676117778,vehicle,minor_or_property,2024,2024-09-18 13:11:00,1,0,0,0,0,0,0,Ward 2,False,Rest of Corridor
38.90331835324595,-77.05237278286242,vehicle,minor_or_property,2024,2024-09-19 02:00:00,2,0,0,0,0,0,0,Ward 2,False,Rest of Corridor
38.90186695249349,-77.05074257892684,vehicle,minor_or_property,2024,2024-09-18 13:05:00,5,0,0,0,0,0,0,Ward 2,False,Rest of Corridor
38.89464381039959,-77.02669461074827,vehicle,minor_or_property,2024,2024-09-16 04:00:00,14,0,0,0,0,0,0,Ward 2,False,Rest of Corridor
38.89612012650432,-77.02997220893742,vehicle,minor_or_property,2024,2024-09-17 13:10:00,1,0,0,0,0,0,0,Ward 2,False,Rest of Corridor
38.90253377013588,-77.05011429462617,vehicle,minor_or_property,2024,2024-09-17 21:00:00,5,0,0,0,0,0,0,Ward 2,True,Impact Zone (17th-22nd St)
38.89475694033399,-77.0281034794998,vehicle,minor_or_property,2024,2024-09-17 21:00:00,12,0,0,0,0,0,0,Ward 2,False,Rest of Corridor
38.89613339004325,-77.0296418573822,vehicle,minor_or_property,2024,2024-09-20 17:27:00,1,0,0,0,0,0,0,Ward 2,False,Rest of Corridor
38.89365345209729,-77.02505029278406,vehicle,minor_or_property,2024,2024-09-21 04:45:00,11,0,0,0,0,0,0,Ward 2,False,Rest of Corridor
38.8920832740634,-77.01953167979903,vehicle,minor_or_property,2024,2024-09-19 21:59:00,9,0,0,0,0,0,0,Ward 2,False,Rest of Corridor
38.89204678939621,-77.01424072580507,vehicle,minor_or_property,2024,2024-09-22 09:07:00,15,0,0,0,0,0,0,Ward 2,False,Rest of Corridor
38.89810011060997,-77.03364632197335,vehicle,minor_or_property,2024,2024-09-22 21:00:00,5,0,0,0,0,0,0,Ward 2,False,Rest of Corridor
38.8920832740634,-77.01953167979903,vehicle,minor_or_property,2024,2024-09-24 19:00:00,9,0,0,0,0,0,0,Ward 2,False,Rest of Corridor
38.90028976489431,-77.04368684056377,vehicle,minor_or_property,2024,2024-09-27 10:30:00,6,0,0,0,0,0,0,Ward 2,True,Impact Zone (17th-22nd St)
38.89612012650432,-77.02997220893742,vehicle,minor_or_property,2024,2024-09-28 04:00:00,1,0,0,0,0,0,0,Ward 2,False,Rest of Corridor
38.9021978678185,-77.05141723463655,vehicle,minor_or_property,2024,2024-09-30 12:50:00,5,0,0,0,0,0,0,Ward 2,False,Rest of Corridor
38.89955283580343,-77.04156390018247,vehicle,minor_or_property,2024,2024-10-01 13:40:00,3,0,0,0,0,0,0,Ward 2,True,Impact Zone (17th-22nd St)
38.90346788362182,-77.05141815013187,vehicle,minor_or_property,2024,2024-10-02 17:50:00,2,0,0,0,0,0,0,Ward 2,False,Rest of Corridor
38.899013408927416,-77.04170749035332,vehicle,minor_or_property,2024,2024-09-30 19:26:00,4,0,0,0,0,0,0,Ward 2,True,Impact Zone (17th-22nd St)
38.90297493202976,-77.05138928436196,vehicle,minor_or_property,2024,2024-10-06 00:31:00,2,0,0,0,0,0,0,Ward 2,False,Rest of Corridor
38.90308379559924,-77.0517010295448,vehicle,minor_or_property,2024,2024-10-03 12:40:00,2,0,0,0,0,0,0,Ward 2,False,Rest of Corridor
38.89375769575656,-77.02349553089917,vehicle,minor_or_property,2024,2024-10-05 21:05:00,10,0,0,0,0,0,0,Ward 2,False,Rest of Corridor
38.90371300140389,-77.05350354037058,vehicle,minor_or_property,2024,2024-10-04 20:20:00,3,0,0,0,0,0,0,Ward 2,False,Rest of Corridor
38.90297493202976,-77.05138928436196,vehicle,minor_or_property,2024,2024-10-05 22:30:00,2,0,0,0,0,0,0,Ward 2,False,Rest of Corridor
38.89613339004325,-77.0296418573822,vehicle,minor_or_property,2024,2024-10-07 02:15:00,1,0,0,0,0,0,0,Ward 2,False,Rest of Corridor
38.89893910782111,-77.03979699957205,vehicle,minor_or_property,2024,2024-10-11 14:47:00,4,0,0,0,0,0,0,Ward 2,True,Impact Zone (17th-22nd St)
38.89905362374162,-77.03296559120461,vehicle,minor_or_property,2024,2024-10-11 13:05:00,5,0,0,0,0,0,0,Ward 2,False,Rest of Corridor
38.90495088557243,-77.05810299403745,vehicle,minor_or_property,2024,2024-10-05 00:25:00,1,0,0,0,0,0,0,Ward 2,False,Rest of Corridor
38.892766388604805,-77.01990146941816,vehicle,minor_or_property,2024,2024-10-18 09:18:00,1,0,0,0,0,0,0,Ward 2,False,Rest of Corridor
38.89204678939621,-77.01424072580507,vehicle,minor_or_property,2024,2024-10-16 15:01:00,15,0,0,0,0,0,0,Ward 2,False,Rest of Corridor
38.90280553544471,-77.05330681498242,vehicle,minor_or_property,2024,2024-10-17 01:10:00,2,0,0,0,0,0,0,Ward 2,False,Rest of Corridor
38.8923880626612,-77.01854104362818,vehicle,minor_or_property,2024,2024-10-18 09:50:00,17,0,0,0,0,0,0,Ward 6,False,Rest of Corridor
38.89365345209729,-77.02505029278406,vehicle,minor_or_property,2024,2024-10-18 08:35:00,11,0,0,0,0,0,0,Ward 2,False,Rest of Corridor
38.8929857251934,-77.0239742721768,vehicle,minor_or_property,2024,2024-10-20 20:00:00,7,0,0,0,0,0,0,Ward 2,False,Rest of Corridor
38.90572110226013,-77.05703769647775,vehicle,minor_or_property,2024,2024-10-22 13:00:00,5,0,0,0,0,0,0,Ward 2,False,Rest of Corridor
38.8923880626612,-77.01854104362818,vehicle,minor_or_property,2024,2024-10-18 10:05:00,17,0,0,0,0,0,0,Ward 6,False,Rest of Corridor
38.90373913898219,-77.05540750696176,vehicle,minor_or_property,2024,2024-10-25 21:00:00,4,0,0,0,0,0,0,Ward 2,False,Rest of Corridor
38.90479488012249,-77.05661429215746,vehicle,minor_or_property,2024,2024-10-25 22:20:00,5,0,0,0,0,0,0,Ward 2,False,Rest of Corridor
38.89208363301862,-77.01991328998633,vehicle,minor_or_property,2024,2024-10-26 15:02:00,9,0,0,0,0,0,0,Ward 2,False,Rest of Corridor
38.9051284106375,-77.05810815377609,vehicle,minor_or_property,2024,2024-10-29 22:08:00,1,0,0,0,0,0,0,Ward 2,False,Rest of Corridor
38.90028976489431,-77.04368684056377,vehicle,minor_or_property,2024,2024-10-29 22:42:00,6,0,0,0,0,0,0,Ward 2,True,Impact Zone (17th-22nd St)
38.8935950501992,-77.0219170171282,vehicle,minor_or_property,2024,2024-10-29 22:15:00,9,0,0,0,0,0,0,Ward 6,False,Rest of Corridor
38.89375769575656,-77.02349553089917,vehicle,minor_or_property,2024,2024-10-29 21:30:00,10,0,0,0,0,0,0,Ward 2,False,Rest of Corridor
38.89475694033399,-77.0281034794998,vehicle,minor_or_property,2024,2024-11-01 03:15:00,12,0,0,0,0,0,0,Ward 2,False,Rest of Corridor
38.8920832740634,-77.01953167979903,vehicle,minor_or_property,2024,2024-10-31 18:07:00,9,0,0,0,0,0,0,Ward 2,False,Rest of Corridor
38.90021969733366,-77.04204342513054,vehicle,minor_or_property,2024,2024-10-02 13:40:00,4,0,0,0,0,0,0,Ward 2,True,Impact Zone (17th-22nd St)
38.9051284106375,-77.05810815377609,vehicle,minor_or_property,2024,2024-10-30 11:00:00,1,0,0,0,0,0,0,Ward 2,False,Rest of Corridor
38.902534305322725,-77.05266570245135,vehicle,minor_or_property,2024,2024-11-04 03:50:00,2,0,0,0,0,0,0,Ward 2,False,Rest of Corridor
38.89612012650432,-77.02997220893742,vehicle,minor_or_property,2024,2024-11-01 18:59:00,1,0,0,0,0,0,0,Ward 2,False,Rest of Corridor
38.89208110942328,-77.01545989995107,vehicle,minor_or_property,2024,2024-11-01 23:00:00,8,0,0,0,0,0,0,Ward 2,False,Rest of Corridor
38.8950072560744,-77.02802769331497,vehicle,minor_or_property,2024,2024-11-02 08:30:00,12,0,0,0,0,0,0,Ward 2,False,Rest of Corridor
38.89480521885512,-77.02365999089612,vehicle,minor_or_property,2024,2024-11-05 03:00:00,10,0,0,0,0,0,0,Ward 6,False,Rest of Corridor
38.90021969733366,-77.04204342513054,vehicle,minor_or_property,2024,2024-11-06 21:20:00,4,0,0,0,0,0,0,Ward 2,True,Impact Zone (17th-22nd St)
38.90497514935725,-77.05475570658015,vehicle,minor_or_property,2024,2024-11-11 02:20:00,4,0,0,0,0,0,0,Ward 2,False,Rest of Corridor
38.8962901071371,-77.0326540257865,vehicle,minor_or_property,2024,2024-11-11 02:15:00,14,0,0,0,0,0,0,Ward 2,False,Rest of Corridor
38.89551119944902,-77.0308959259523,vehicle,minor_or_property,2024,2024-11-11 17:38:00,14,0,0,0,0,0,0,Ward 2,False,Rest of Corridor
38.89612012650432,-77.02997220893742,vehicle,minor_or_property,2024,2024-11-16 14:48:00,1,0,0,0,0,0,0,Ward 2,False,Rest of Corridor
38.89649742927576,-77.02963347820935,vehicle,minor_or_property,2021,2021-09-16 14:00:00,1,0,0,0,0,0,0,Ward 2,False,Rest of Corridor
38.89931507902948,-77.03364113102288,vehicle,minor_or_property,2024,2024-11-14 23:30:00,5,0,0,0,0,0,0,Ward 2,False,Rest of Corridor
38.89208110942328,-77.01545989995107,vehicle,minor_or_property,2024,2024-11-15 00:00:00,8,0,0,0,0,0,0,Ward 2,False,Rest of Corridor
38.902135881152766,-77.05141758192454,vehicle,minor_or_property,2024,2024-11-18 22:07:00,5,0,0,0,0,0,0,Ward 2,False,Rest of Corridor
38.9021978678185,-77.05141723463655,vehicle,minor_or_property,2024,2024-11-19 07:00:00,5,0,0,0,0,0,0,Ward 2,False,Rest of Corridor
38.89613339004325,-77.0296418573822,vehicle,minor_or_property,2024,2024-11-21 05:00:00,1,0,0,0,0,0,0,Ward 2,False,Rest of Corridor
38.89365345209729,-77.02505029278406,vehicle,minor_or_property,2024,2024-11-22 22:30:00,11,0,0,0,0,0,0,Ward 2,False,Rest of Corridor
38.89978604911767,-77.04490958934966,vehicle,minor_or_property,2024,2024-11-26 05:15:00,6,0,0,0,0,0,0,Ward 2,True,Impact Zone (17th-22nd St)
38.90344711111055,-77.05330572654928,vehicle,minor_or_property,2024,2024-11-25 18:45:00,2,0,0,0,0,0,0,Ward 2,False,Rest of Corridor
38.89467845826397,-77.02810829006157,vehicle,minor_or_property,2024,2024-11-29 21:20:00,12,0,0,0,0,0,0,Ward 2,False,Rest of Corridor
38.90510419708234,-77.0591653108244,vehicle,minor_or_property,2024,2024-11-30 09:55:00,1,0,0,0,0,0,0,Ward 2,False,Rest of Corridor
38.899013408927416,-77.04170749035332,vehicle,minor_or_property,2024,2024-12-03 22:15:00,4,0,0,0,0,0,0,Ward 2,True,Impact Zone (17th-22nd St)
38.90506426346311,-77.05916449372667,vehicle,minor_or_property,2024,2024-12-03 10:12:00,1,0,0,0,0,0,0,Ward 2,False,Rest of Corridor
38.90355542625583,-77.05475003979724,vehicle,minor_or_property,2024,2024-12-01 15:00:00,3,0,0,0,0,0,0,Ward 2,False,Rest of Corridor
38.89203978905553,-77.01402428363672,vehicle,minor_or_property,2024,2024-12-08 11:50:00,15,0,0,0,0,0,0,Ward 2,False,Rest of Corridor
38.90510419708234,-77.0591653108244,vehicle,minor_or_property,2024,2024-12-10 04:30:00,1,0,0,0,0,0,0,Ward 2,False,Rest of Corridor
38.90186695249349,-77.05074257892684,vehicle,minor_or_property,2024,2024-12-05 22:50:00,5,0,0,0,0,0,0,Ward 2,False,Rest of Corridor
38.89955283580343,-77.04156390018247,vehicle,minor_or_property,2024,2024-12-11 16:50:00,3,0,0,0,0,0,0,Ward 2,True,Impact Zone (17th-22nd St)
38.90308379559924,-77.0517010295448,vehicle,minor_or_property,2024,2024-12-10 05:00:00,2,0,0,0,0,0,0,Ward 2,False,Rest of Corridor
38.89374972410133,-77.02191607331292,vehicle,minor_or_property,2024,2024-12-11 12:15:00,9,0,0,0,0,0,0,Ward 6,False,Rest of Corridor
38.90286872106975,-77.04958135246508,vehicle,minor_or_property,2024,2024-12-15 02:49:00,5,0,0,0,0,0,0,Ward 2,True,Impact Zone (17th-22nd St)
38.89464381039959,-77.02669461074827,vehicle,minor_or_property,2024,2024-12-13 05:22:00,14,0,0,0,0,0,0,Ward 2,False,Rest of Corridor
38.9053707592543,-77.05811442702925,vehicle,minor_or_property,2024,2024-12-13 12:50:00,1,0,0,0,0,0,0,Ward 2,False,Rest of Corridor
38.89611400154633,-77.03170951458792,vehicle,minor_or_property,2024,2024-12-13 20:58:00,2,0,0,0,0,0,0,Ward 2,False,Rest of Corridor
38.8920832740634,-77.01953167979903,vehicle,minor_or_property,2024,2024-12-16 03:00:00,9,0,0,0,0,0,0,Ward 2,False,Rest of Corridor
38.90420251894235,-77.0532987973234,vehicle,minor_or_property,2024,2024-12-11 23:30:00,3,0,0,0,0,0,0,Ward 2,False,Rest of Corridor
38.8920832740634,-77.01953167979903,vehicle,minor_or_property,2024,2024-12-21 21:40:00,9,0,0,0,0,0,0,Ward 2,False,Rest of Corridor
38.90028976489431,-77.04368684056377,vehicle,minor_or_property,2024,2024-12-19 12:30:00,6,0,0,0,0,0,0,Ward 2,True,Impact Zone (17th-22nd St)
38.90253377013588,-77.05011429462617,vehicle,minor_or_property,2024,2024-12-19 05:00:00,5,0,0,0,0,0,0,Ward 2,True,Impact Zone (17th-22nd St)
38.89611400154633,-77.03170951458792,vehicle,minor_or_property,2024,2024-12-23 07:20:00,2,0,0,0,0,0,0,Ward 2,False,Rest of Corridor
38.89495566610376,-77.03077943171088,vehicle,minor_or_property,2024,2024-12-25 05:00:00,14,0,0,0,0,0,0,Ward 2,False,Rest of Corridor
38.90220201844187,-77.04911953941466,vehicle,minor_or_property,2024,2024-12-25 21:34:00,3,0,0,0,0,0,0,Ward 2,True,Impact Zone (17th-22nd St)
38.89375769575656,-77.02349553089917,vehicle,minor_or_property,2024,2024-12-22 17:42:00,10,0,0,0,0,0,0,Ward 2,False,Rest of Corridor
38.9021978678185,-77.05141723463655,vehicle,minor_or_property,2024,2024-12-30 20:40:00,5,0,0,0,0,0,0,Ward 2,False,Rest of Corridor
38.8920832740634,-77.01953167979903,vehicle,minor_or_property,2024,2024-12-27 15:00:00,9,0,0,0,0,0,0,Ward 2,False,Rest of Corridor
38.89463879333279,-77.03196594134194,vehicle,minor_or_property,2025,2025-01-01 21:06:00,14,0,0,0,0,0,0,Ward 2,False,Rest of Corridor
38.90220201844187,-77.04911953941466,vehicle,minor_or_property,2025,2025-01-02 19:20:00,3,0,0,0,0,0,0,Ward 2,True,Impact Zone (17th-22nd St)
38.89204678939621,-77.01424072580507,vehicle,minor_or_property,2025,2025-01-05 07:22:00,15,0,0,0,0,0,0,Ward 2,False,Rest of Corridor
38.90280553544471,-77.05330681498242,vehicle,minor_or_property,2025,2025-01-06 18:35:00,2,0,0,0,0,0,0,Ward 2,False,Rest of Corridor
38.906085212981154,-77.05785778158946,vehicle,minor_or_property,2025,2025-01-11 23:10:00,5,0,0,0,0,0,0,Ward 2,False,Rest of Corridor
38.90253377013588,-77.05011429462617,vehicle,minor_or_property,2025,2025-01-16 16:29:00,5,0,0,0,0,0,0,Ward 2,True,Impact Zone (17th-22nd St)
38.89474451278887,-77.0270564111452,vehicle,minor_or_property,2025,2025-01-15 05:00:00,15,0,0,0,0,0,0,Ward 2,False,Rest of Corridor
38.89495566610376,-77.03077943171088,vehicle,minor_or_property,2025,2025-01-14 17:49:00,14,0,0,0,0,0,0,Ward 2,False,Rest of Corridor
38.89204678939621,-77.01424072580507,vehicle,minor_or_property,2025,2025-01-14 23:25:00,15,0,0,0,0,0,0,Ward 2,False,Rest of Corridor
38.90144102400771,-77.04698378880771,vehicle,minor_or_property,2025,2025-01-14 23:40:00,3,0,0,0,0,0,0,Ward 2,True,Impact Zone (17th-22nd St)
38.89375769575656,-77.02349553089917,vehicle,minor_or_property,2025,2025-01-20 01:24:00,10,0,0,0,0,0,0,Ward 2,False,Rest of Corridor
38.90420253313479,-77.05494052086152,vehicle,minor_or_property,2025,2025-01-19 07:59:00,4,0,0,0,0,0,0,Ward 2,False,Rest of Corridor
38.8935950501992,-77.0219170171282,vehicle,minor_or_property,2025,2025-01-19 14:55:00,9,0,0,0,0,0,0,Ward 6,False,Rest of Corridor
38.89204678939621,-77.01424072580507,vehicle,minor_or_property,2025,2025-01-17 14:30:00,15,0,0,0,0,0,0,Ward 2,False,Rest of Corridor
38.89189219426773,-77.01626008996008,vehicle,minor_or_property,2025,2025-01-17 22:20:00,16,0,0,0,0,0,0,Ward 6,False,Rest of Corridor
38.89208110942328,-77.01545989995107,vehicle,minor_or_property,2025,2025-01-18 00:52:00,8,0,0,0,0,0,0,Ward 2,False,Rest of Corridor
38.90134229758764,-77.04574501879567,vehicle,minor_or_property,2025,2025-01-18 06:10:00,6,0,0,0,0,0,0,Ward 2,True,Impact Zone (17th-22nd St)
38.89204678939621,-77.01424072580507,vehicle,minor_or_property,2025,2025-01-21 13:26:00,15,0,0,0,0,0,0,Ward 2,False,Rest of Corridor
38.90281718117341,-77.04881863865708,vehicle,minor_or_property,2025,2025-01-23 19:45:00,5,0,0,0,0,0,0,Ward 2,True,Impact Zone (17th-22nd St)
38.90028976489431,-77.04368684056377,vehicle,minor_or_property,2025,2025-01-28 17:00:00,6,0,0,0,0,0,0,Ward 2,True,Impact Zone (17th-22nd St)
38.89955283580343,-77.04156390018247,vehicle,minor_or_property,2025,2025-01-28 09:30:00,3,0,0,0,0,0,0,Ward 2,True,Impact Zone (17th-22nd St)
38.90253377013588,-77.05011429462617,vehicle,minor_or_property,2025,2025-01-27 06:30:00,5,0,0,0,0,0,0,Ward 2,True,Impact Zone (17th-22nd St)
38.90021969734195,-77.04204340207403,vehicle,minor_or_property,2025,2025-01-30 22:50:00,4,0,0,0,0,0,0,Ward 2,True,Impact Zone (17th-22nd St)
38.90400543273152,-77.05330190118738,vehicle,minor_or_property,2025,2025-02-04 16:50:00,3,0,0,0,0,0,0,Ward 2,False,Rest of Corridor
38.90134156273212,-77.0459189474979,vehicle,minor_or_property,2025,2025-02-02 06:00:00,6,0,0,0,0,0,0,Ward 2,True,Impact Zone (17th-22nd St)
38.89613339004325,-77.0296418573822,vehicle,minor_or_property,2025,2025-02-08 22:40:00,1,0,0,0,0,0,0,Ward 2,False,Rest of Corridor
38.894756607018834,-77.02810350242319,vehicle,minor_or_property,2025,2025-02-10 02:00:00,12,0,0,0,0,0,0,Ward 2,False,Rest of Corridor
38.90108144981988,-77.0482787760317,vehicle,minor_or_property,2025,2025-02-07 12:25:00,3,0,0,0,0,0,0,Ward 2,True,Impact Zone (17th-22nd St)
38.90289411195975,-77.0507230307163,vehicle,minor_or_property,2025,2025-01-29 17:50:00,5,0,0,0,0,0,0,Ward 2,False,Rest of Corridor
38.90526132233804,-77.0557742985728,vehicle,minor_or_property,2025,2025-01-27 21:30:00,5,0,0,0,0,0,0,Ward 2,False,Rest of Corridor
38.902868522974025,-77.04958114481151,vehicle,minor_or_property,2025,2025-02-13 23:00:00,5,0,0,0,0,0,0,Ward 2,True,Impact Zone (17th-22nd St)
38.90095721927669,-77.04560156666072,vehicle,minor_or_property,2025,2025-02-14 09:42:00,6,0,0,0,0,0,0,Ward 2,True,Impact Zone (17th-22nd St)
38.89409222261726,-77.02113241838093,vehicle,minor_or_property,2025,2025-02-14 15:39:00,9,0,0,0,0,0,0,Ward 6,False,Rest of Corridor
38.902159824742746,-77.04922310587229,vehicle,minor_or_property,2025,2025-02-18 19:57:00,1,0,0,0,0,0,0,Ward 2,True,Impact Zone (17th-22nd St)
38.90499326926477,-77.05810422757968,vehicle,minor_or_property,2025,2025-02-17 05:30:00,1,0,0,0,0,0,0,Ward 2,False,Rest of Corridor
38.9006988245699,-77.04642215946932,vehicle,minor_or_property,2025,2025-02-16 18:07:00,6,0,0,0,0,0,0,Ward 2,True,Impact Zone (17th-22nd St)
38.90095721927669,-77.04560156666072,vehicle,minor_or_property,2025,2025-02-21 20:00:00,6,0,0,0,0,0,0,Ward 2,True,Impact Zone (17th-22nd St)
38.89359470788114,-77.02191701702303,vehicle,minor_or_property,2025,2025-02-20 10:45:00,9,0,0,0,0,0,0,Ward 6,False,Rest of Corridor
38.90522678038569,-77.05917000106558,vehicle,minor_or_property,2025,2025-02-24 15:01:00,1,0,0,0,0,0,0,Ward 2,False,Rest of Corridor
38.89208110942328,-77.01545989995107,vehicle,minor_or_property,2025,2025-02-26 05:00:00,8,0,0,0,0,0,0,Ward 2,False,Rest of Corridor
38.89495566610376,-77.03077943171088,vehicle,minor_or_property,2025,2025-02-28 17:54:00,14,0,0,0,0,0,0,Ward 2,False,Rest of Corridor
38.89815626466692,-77.03947353958077,vehicle,minor_or_property,2025,2025-02-27 23:30:00,6,0,0,0,0,0,0,Ward 2,True,Impact Zone (17th-22nd St)
38.89548223815045,-77.03409932700194,vehicle,minor_or_property,2025,2025-02-27 23:05:00,15,0,0,0,0,0,0,Ward 2,False,Rest of Corridor
38.89464189667551,-77.03135120174998,vehicle,minor_or_property,2025,2025-03-02 07:41:00,14,0,0,0,0,0,0,Ward 2,False,Rest of Corridor
38.90186695249349,-77.05074257892684,vehicle,minor_or_property,2025,2025-03-03 21:40:00,5,0,0,0,0,0,0,Ward 2,False,Rest of Corridor
38.89204678939621,-77.01424072580507,vehicle,minor_or_property,2025,2025-03-07 21:27:00,15,0,0,0,0,0,0,Ward 2,False,Rest of Corridor
38.8950072560744,-77.02802769331497,vehicle,minor_or_property,2025,2025-03-08 01:29:00,12,0,0,0,0,0,0,Ward 2,False,Rest of Corridor
38.8923880626612,-77.01854104362818,vehicle,minor_or_property,2025,2025-03-10 20:00:00,17,0,0,0,0,0,0,Ward 6,False,Rest of Corridor
38.89464381039959,-77.02669461074827,vehicle,minor_or_property,2025,2025-03-12 20:40:00,14,0,0,0,0,0,0,Ward 2,False,Rest of Corridor
38.902795683240434,-77.0508758882482,vehicle,minor_or_property,2025,2025-03-12 12:40:00,6,0,0,0,0,0,0,Ward 2,False,Rest of Corridor
38.89204678939621,-77.01424072580507,vehicle,minor_or_property,2025,2025-03-14 20:58:00,15,0,0,0,0,0,0,Ward 2,False,Rest of Corridor
38.89189219426773,-77.01626008996008,vehicle,minor_or_property,2025,2025-03-14 21:15:00,16,0,0,0,0,0,0,Ward 6,False,Rest of Corridor
38.89521564674664,-77.02876842362211,vehicle,minor_or_property,2025,2025-02-27 18:37:00,12,0,0,0,0,0,0,Ward 2,False,Rest of Corridor
38.8935950501992,-77.0219170171282,vehicle,minor_or_property,2025,2025-03-17 12:30:00,9,0,0,0,0,0,0,Ward 6,False,Rest of Corridor
38.90404539343382,-77.05451308296018,vehicle,minor_or_property,2025,2025-03-18 22:00:00,3,0,0,0,0,0,0,Ward 2,False,Rest of Corridor
38.89204678939621,-77.01424072580507,vehicle,minor_or_property,2025,2025-03-09 21:35:00,15,0,0,0,0,0,0,Ward 2,False,Rest of Corridor
38.89464381039959,-77.02669461074827,vehicle,minor_or_property,2025,2025-03-19 04:00:00,14,0,0,0,0,0,0,Ward 2,False,Rest of Corridor
38.89124044820701,-77.01663828489757,bicycle,major_injury,2025,2025-03-19 04:00:00,16,0,0,0,1,0,0,Ward 2,False,Rest of Corridor
38.90099891972479,-77.04490196032827,vehicle,minor_or_property,2025,2025-03-19 12:38:00,7,0,0,0,0,0,0,Ward 2,True,Impact Zone (17th-22nd St)
38.89375769575656,-77.02349553089917,vehicle,minor_or_property,2025,2025-03-18 02:00:00,10,0,0,0,0,0,0,Ward 2,False,Rest of Corridor
38.905795113459725,-77.05811901550138,vehicle,minor_or_property,2025,2025-03-22 15:43:00,1,0,0,0,0,0,0,Ward 2,False,Rest of Corridor
38.89550770278223,-77.03167481252439,vehicle,minor_or_property,2025,2025-03-20 21:44:00,14,0,0,0,0,0,0,Ward 2,False,Rest of Corridor
38.89375769575656,-77.02349553089917,vehicle,minor_or_property,2025,2025-03-19 14:40:00,10,0,0,0,0,0,0,Ward 2,False,Rest of Corridor
38.90279393779351,-77.05087089509838,vehicle,minor_or_property,2025,2025-03-25 21:30:00,6,0,0,0,0,0,0,Ward 2,False,Rest of Corridor
38.89189219426773,-77.01626008996008,vehicle,minor_or_property,2025,2025-03-26 12:43:00,16,0,0,0,0,0,0,Ward 6,False,Rest of Corridor
38.89960175414323,-77.04170731559238,vehicle,minor_or_property,2025,2025-03-27 21:00:00,4,0,0,0,0,0,0,Ward 2,True,Impact Zone (17th-22nd St)
38.90118525233063,-77.04346308116831,vehicle,minor_or_property,2025,2025-03-27 23:43:00,6,0,0,0,0,0,0,Ward 2,True,Impact Zone (17th-22nd St)
38.90116704231444,-77.04490306913009,vehicle,minor_or_property,2025,2025-04-01 20:39:00,7,0,0,0,0,0,0,Ward 2,True,Impact Zone (17th-22nd St)
38.89960175414323,-77.04170731559238,vehicle,minor_or_property,2025,2025-04-01 20:30:00,4,0,0,0,0,0,0,Ward 2,True,Impact Zone (17th-22nd St)
38.89911494894849,-77.03278677333346,vehicle,minor_or_property,2025,2025-03-31 15:00:00,5,0,0,0,0,0,0,Ward 2,False,Rest of Corridor
38.89375769575656,-77.02349553089917,vehicle,minor_or_property,2025,2025-03-31 18:38:00,10,0,0,0,0,0,0,Ward 2,False,Rest of Corridor
38.90420253313479,-77.05494052086152,vehicle,minor_or_property,2025,2025-03-31 18:00:00,4,0,0,0,0,0,0,Ward 2,False,Rest of Corridor
38.89960175414323,-77.04170731559238,vehicle,minor_or_property,2025,2025-04-03 21:00:00,4,0,0,0,0,0,0,Ward 2,True,Impact Zone (17th-22nd St)
38.89931507902948,-77.03364113102288,vehicle,minor_or_property,2025,2025-04-04 14:15:00,5,0,0,0,0,0,0,Ward 2,False,Rest of Corridor
38.89475694033399,-77.0281034794998,vehicle,minor_or_property,2025,2025-04-03 15:19:00,12,0,0,0,0,0,0,Ward 2,False,Rest of Corridor
38.90220201844187,-77.04911953941466,vehicle,minor_or_property,2025,2025-04-02 14:45:00,3,0,0,0,0,0,0,Ward 2,True,Impact Zone (17th-22nd St)
38.90360565785679,-77.05141715421482,vehicle,minor_or_property,2025,2025-04-03 04:00:00,2,0,0,0,0,0,0,Ward 2,False,Rest of Corridor
38.90293747835681,-77.04881963175569,vehicle,minor_or_property,2025,2025-04-07 19:30:00,5,0,0,0,0,0,0,Ward 2,True,Impact Zone (17th-22nd St)
38.9000373276096,-77.04297168378298,vehicle,minor_or_property,2025,2025-04-05 23:05:00,4,0,0,0,0,0,0,Ward 2,True,Impact Zone (17th-22nd St)
38.89208110942328,-77.01545989995107,vehicle,minor_or_property,2025,2025-04-10 13:30:00,8,0,0,0,0,0,0,Ward 2,False,Rest of Corridor
38.90118525233063,-77.04346308116831,vehicle,minor_or_property,2025,2025-04-09 22:58:00,6,0,0,0,0,0,0,Ward 2,True,Impact Zone (17th-22nd St)
38.89550770278223,-77.03167481252439,vehicle,minor_or_property,2025,2025-04-11 18:13:00,14,0,0,0,0,0,0,Ward 2,False,Rest of Corridor
38.89470045461595,-77.02507029151685,vehicle,minor_or_property,2025,2025-04-13 06:30:00,11,0,0,0,0,0,0,Ward 2,False,Rest of Corridor
38.90371300140389,-77.05350354037058,vehicle,minor_or_property,2025,2025-04-13 15:09:00,3,0,0,0,0,0,0,Ward 2,False,Rest of Corridor
38.89550770278223,-77.03167481252439,vehicle,minor_or_property,2025,2025-04-12 16:35:00,14,0,0,0,0,0,0,Ward 2,False,Rest of Corridor
38.89548223815045,-77.03409932700194,vehicle,major_injury,2025,2025-04-14 18:25:00,15,0,0,0,0,0,1,Ward 2,False,Rest of Corridor
38.89517744900732,-77.02498029170684,vehicle,minor_or_property,2025,2025-04-16 07:43:00,11,0,0,0,0,0,0,Ward 2,False,Rest of Corridor
38.893968871163295,-77.0219137545071,vehicle,minor_or_property,2025,2025-04-16 18:45:00,9,0,0,0,0,0,0,Ward 6,False,Rest of Corridor
38.90323694092135,-77.052139623892,vehicle,minor_or_property,2025,2025-04-17 19:55:00,2,0,0,0,0,0,0,Ward 2,False,Rest of Corridor
38.89296034576299,-77.02058920475065,vehicle,minor_or_property,2025,2025-04-19 18:59:00,9,0,0,0,0,0,0,Ward 2,False,Rest of Corridor
38.90045478581812,-77.04665397250135,vehicle,minor_or_property,2025,2025-04-20 23:00:00,6,0,0,0,0,0,0,Ward 2,True,Impact Zone (17th-22nd St)
38.899013408927416,-77.04170749035332,vehicle,minor_or_property,2025,2025-04-18 19:05:00,4,0,0,0,0,0,0,Ward 2,True,Impact Zone (17th-22nd St)
38.893604610814826,-77.01962191599878,vehicle,minor_or_property,2025,2025-04-18 20:56:00,9,0,0,0,0,0,0,Ward 6,False,Rest of Corridor
38.90041089614896,-77.04403385782308,vehicle,minor_or_property,2025,2025-04-21 21:27:00,6,0,0,0,0,0,0,Ward 2,True,Impact Zone (17th-22nd St)
38.8950072560744,-77.02802769331497,vehicle,minor_or_property,2025,2025-04-21 21:50:00,12,0,0,0,0,0,0,Ward 2,False,Rest of Corridor
38.90099891972479,-77.04490196032827,vehicle,minor_or_property,2025,2025-04-22 08:30:00,7,0,0,0,0,0,0,Ward 2,True,Impact Zone (17th-22nd St)
38.8962901071371,-77.0326540257865,vehicle,minor_or_property,2025,2025-04-26 16:45:00,14,0,0,0,0,0,0,Ward 2,False,Rest of Corridor
38.90186695249349,-77.05074257892684,vehicle,minor_or_property,2025,2025-04-25 17:45:00,5,0,0,0,0,0,0,Ward 2,False,Rest of Corridor
38.90547091692762,-77.0570302100324,vehicle,minor_or_property,2025,2025-04-25 02:30:00,5,0,0,0,0,0,0,Ward 2,False,Rest of Corridor
38.90127520748897,-77.0465101619725,vehicle,minor_or_property,2025,2025-04-26 23:00:00,6,0,0,0,0,0,0,Ward 2,True,Impact Zone (17th-22nd St)
38.89208110942328,-77.01545989995107,vehicle,minor_or_property,2025,2025-04-29 20:00:00,8,0,0,0,0,0,0,Ward 2,False,Rest of Corridor
38.90220201844187,-77.04911953941466,vehicle,minor_or_property,2025,2025-04-29 18:01:00,3,0,0,0,0,0,0,Ward 2,True,Impact Zone (17th-22nd St)
38.90538857758658,-77.05811481047725,vehicle,minor_or_property,2025,2025-04-28 03:00:00,1,0,0,0,0,0,0,Ward 2,False,Rest of Corridor
38.89330256558507,-77.02192139978463,vehicle,minor_or_property,2025,2025-04-30 18:25:00,7,0,0,0,0,0,0,Ward 6,False,Rest of Corridor
38.89189219426773,-77.01626008996008,vehicle,minor_or_property,2025,2025-04-29 15:17:00,16,0,0,0,0,0,0,Ward 6,False,Rest of Corridor
38.90583435501758,-77.05703821362128,vehicle,minor_or_property,2025,2025-05-04 21:09:00,5,0,0,0,0,0,0,Ward 2,False,Rest of Corridor
38.89203978905553,-77.01402428363672,vehicle,minor_or_property,2025,2025-04-27 08:30:00,15,0,0,0,0,0,0,Ward 2,False,Rest of Corridor
38.89203978905553,-77.01402428363672,vehicle,minor_or_property,2025,2025-05-08 20:30:00,15,0,0,0,0,0,0,Ward 2,False,Rest of Corridor
38.90094965170136,-77.04665242857733,vehicle,minor_or_property,2025,2025-05-07 21:20:00,6,0,0,0,0,0,0,Ward 2,True,Impact Zone (17th-22nd St)
38.90044133522767,-77.04170221528882,vehicle,minor_or_property,2025,2025-05-10 22:20:00,4,0,0,0,0,0,0,Ward 2,True,Impact Zone (17th-22nd St)
38.89203978905553,-77.01402428363672,vehicle,minor_or_property,2025,2025-05-09 05:20:00,15,0,0,0,0,0,0,Ward 2,False,Rest of Corridor
38.89653320700657,-77.03196982203339,vehicle,minor_or_property,2025,2025-05-08 14:38:00,14,0,0,0,0,0,0,Ward 2,False,Rest of Corridor
38.90308379559924,-77.0517010295448,vehicle,minor_or_property,2025,2025-05-13 15:20:00,2,0,0,0,0,0,0,Ward 2,False,Rest of Corridor
38.89189219426773,-77.01626008996008,vehicle,minor_or_property,2025,2025-05-13 20:20:00,16,0,0,0,0,0,0,Ward 6,False,Rest of Corridor
38.899013408927416,-77.04170749035332,vehicle,minor_or_property,2025,2025-05-13 22:32:00,4,0,0,0,0,0,0,Ward 2,True,Impact Zone (17th-22nd St)
38.90489065639789,-77.05916067197582,vehicle,minor_or_property,2025,2025-05-16 12:55:00,1,0,0,0,0,0,0,Ward 2,False,Rest of Corridor
38.90493195028351,-77.05810244827907,vehicle,minor_or_property,2025,2025-05-17 13:37:00,1,0,0,0,0,0,0,Ward 2,False,Rest of Corridor
38.902649242539226,-77.05184089112389,vehicle,minor_or_property,2025,2025-05-16 17:57:00,2,0,0,0,0,0,0,Ward 2,False,Rest of Corridor
38.89296034576299,-77.02058920475065,vehicle,minor_or_property,2025,2025-05-15 13:03:00,9,0,0,0,0,0,0,Ward 2,False,Rest of Corridor
38.90099891972479,-77.04490196032827,vehicle,minor_or_property,2025,2025-05-17 20:58:00,7,0,0,0,0,0,0,Ward 2,True,Impact Zone (17th-22nd St)
38.89888359407705,-77.03346134410117,vehicle,minor_or_property,2025,2025-05-17 21:43:00,5,0,0,0,0,0,0,Ward 2,False,Rest of Corridor
38.89911494894849,-77.03278677333346,vehicle,minor_or_property,2025,2025-05-18 20:35:00,5,0,0,0,0,0,0,Ward 2,False,Rest of Corridor
38.89208110942328,-77.01545989995107,vehicle,minor_or_property,2025,2025-05-11 23:55:00,8,0,0,0,0,0,0,Ward 2,False,Rest of Corridor
38.89464381039959,-77.02669461074827,vehicle,minor_or_property,2025,2025-05-23 19:45:00,14,0,0,0,0,0,0,Ward 2,False,Rest of Corridor
38.89203978905553,-77.01402428363672,vehicle,minor_or_property,2025,2025-05-24 01:00:00,15,0,0,0,0,0,0,Ward 2,False,Rest of Corridor
38.89189219426773,-77.01626008996008,vehicle,minor_or_property,2025,2025-05-26 08:57:00,16,0,0,0,0,0,0,Ward 6,False,Rest of Corridor
38.9014174504313,-77.04946829892108,vehicle,minor_or_property,2025,2025-05-17 22:45:00,1,0,0,0,0,0,0,Ward 2,True,Impact Zone (17th-22nd St)
38.89203978905553,-77.01402428363672,vehicle,minor_or_property,2025,2025-05-29 00:16:00,15,0,0,0,0,0,0,Ward 2,False,Rest of Corridor
38.90278870210112,-77.04951228635895,vehicle,minor_or_property,2025,2025-06-02 18:30:00,5,0,0,0,0,0,0,Ward 2,True,Impact Zone (17th-22nd St)
38.905790322285945,-77.05703801700128,vehicle,minor_or_property,2025,2025-06-03 15:35:00,5,0,0,0,0,0,0,Ward 2,False,Rest of Corridor
38.89393584648554,-77.02172080182773,vehicle,minor_or_property,2025,2025-06-03 21:30:00,9,0,0,0,0,0,0,Ward 6,False,Rest of Corridor
38.900239151561394,-77.04262572774984,vehicle,minor_or_property,2025,2025-06-04 14:31:00,4,0,0,0,0,0,0,Ward 2,True,Impact Zone (17th-22nd St)
38.89375769575656,-77.02349553089917,vehicle,minor_or_property,2025,2025-06-09 08:25:00,10,0,0,0,0,0,0,Ward 2,False,Rest of Corridor
38.90253265558348,-77.05230748437573,vehicle,minor_or_property,2025,2025-06-08 23:25:00,2,0,0,0,0,0,0,Ward 2,False,Rest of Corridor
38.89640161761281,-77.03330665508463,vehicle,minor_or_property,2025,2025-06-10 17:52:00,14,0,0,0,0,0,0,Ward 2,False,Rest of Corridor
38.90517117745699,-77.05784562641372,vehicle,minor_or_property,2025,2025-06-15 04:00:00,1,0,0,0,0,0,0,Ward 2,False,Rest of Corridor
38.90021969733366,-77.04204342513054,vehicle,minor_or_property,2025,2025-06-13 15:30:00,4,0,0,0,0,0,0,Ward 2,True,Impact Zone (17th-22nd St)
38.89375769575656,-77.02349553089917,vehicle,minor_or_property,2025,2025-06-13 23:32:00,10,0,0,0,0,0,0,Ward 2,False,Rest of Corridor
38.90318376517901,-77.0495297844848,vehicle,minor_or_property,2025,2025-06-17 23:00:00,5,0,0,0,0,0,0,Ward 2,True,Impact Zone (17th-22nd St)
38.899013408927416,-77.04170749035332,vehicle,minor_or_property,2025,2025-06-22 17:23:00,4,0,0,0,0,0,0,Ward 2,True,Impact Zone (17th-22nd St)
38.90526132233804,-77.0557742985728,vehicle,minor_or_property,2025,2025-06-21 21:50:00,5,0,0,0,0,0,0,Ward 2,False,Rest of Corridor
38.90118525233063,-77.04346308116831,vehicle,minor_or_property,2025,2025-06-20 01:00:00,6,0,0,0,0,0,0,Ward 2,True,Impact Zone (17th-22nd St)
38.89613339004325,-77.0296418573822,vehicle,minor_or_property,2025,2025-06-20 12:40:00,1,0,0,0,0,0,0,Ward 2,False,Rest of Corridor
38.89955283580343,-77.04156390018247,vehicle,minor_or_property,2025,2025-06-20 17:50:00,3,0,0,0,0,0,0,Ward 2,True,Impact Zone (17th-22nd St)
38.90506767446501,-77.05747451566464,vehicle,minor_or_property,2025,2025-06-23 16:40:00,1,0,0,0,0,0,0,Ward 2,False,Rest of Corridor
38.89203978905553,-77.01402428363672,vehicle,minor_or_property,2025,2025-06-28 02:00:00,15,0,0,0,0,0,0,Ward 2,False,Rest of Corridor
38.89512063649321,-77.02599738105259,vehicle,minor_or_property,2025,2025-06-27 15:30:00,14,0,0,0,0,0,0,Ward 2,False,Rest of Corridor
38.89550770278223,-77.03167481252439,vehicle,minor_or_property,2025,2025-06-27 20:30:00,14,0,0,0,0,0,0,Ward 2,False,Rest of Corridor
38.89307715083813,-77.0210300799889,vehicle,minor_or_property,2025,2025-06-25 11:45:00,9,0,0,0,0,0,0,Ward 2,False,Rest of Corridor
38.89203978905553,-77.01402428363672,vehicle,minor_or_property,2025,2025-06-26 20:30:00,15,0,0,0,0,0,0,Ward 2,False,Rest of Corridor
38.90011385557112,-77.04490649866453,vehicle,minor_or_property,2025,2025-07-01 22:02:00,6,0,0,0,0,0,0,Ward 2,True,Impact Zone (17th-22nd St)
38.905422363098914,-77.05702776163407,vehicle,minor_or_property,2025,2025-07-05 02:51:00,5,0,0,0,0,0,0,Ward 2,False,Rest of Corridor
38.89464381039959,-77.02669461074827,vehicle,minor_or_property,2025,2025-07-05 07:12:00,14,0,0,0,0,0,0,Ward 2,False,Rest of Corridor
38.90225611635904,-77.0466514615498,vehicle,minor_or_property,2025,2025-07-04 22:54:00,3,0,0,0,0,0,0,Ward 2,True,Impact Zone (17th-22nd St)
38.89611400154633,-77.03170951458792,vehicle,minor_or_property,2025,2025-07-08 13:44:00,2,0,0,0,0,0,0,Ward 2,False,Rest of Corridor
38.89931507902948,-77.03364113102288,vehicle,minor_or_property,2025,2025-07-08 22:20:00,5,0,0,0,0,0,0,Ward 2,False,Rest of Corridor
38.90393656247531,-77.05141558272301,vehicle,minor_or_property,2025,2025-07-08 12:30:00,2,0,0,0,0,0,0,Ward 2,False,Rest of Corridor
38.89550770278223,-77.03167481252439,vehicle,minor_or_property,2025,2025-07-06 11:00:00,14,0,0,0,0,0,0,Ward 2,False,Rest of Corridor
38.89791229513252,-77.03364664838683,vehicle,minor_or_property,2025,2025-07-06 21:35:00,5,0,0,0,0,0,0,Ward 2,False,Rest of Corridor
38.89548223815045,-77.03409932700194,vehicle,minor_or_property,2025,2025-07-10 21:30:00,15,0,0,0,0,0,0,Ward 2,False,Rest of Corridor
38.89365345209729,-77.02505029278406,vehicle,minor_or_property,2025,2025-07-11 17:50:00,11,0,0,0,0,0,0,Ward 2,False,Rest of Corridor
38.90305030823386,-77.04992751231448,vehicle,minor_or_property,2025,2025-07-11 21:02:00,5,0,0,0,0,0,0,Ward 2,True,Impact Zone (17th-22nd St)
38.90220201844187,-77.04911953941466,vehicle,minor_or_property,2025,2025-07-11 18:45:00,3,0,0,0,0,0,0,Ward 2,True,Impact Zone (17th-22nd St)
38.90308379559924,-77.0517010295448,vehicle,minor_or_property,2025,2025-07-09 14:05:00,2,0,0,0,0,0,0,Ward 2,False,Rest of Corridor
38.89204678939621,-77.01424072580507,vehicle,minor_or_property,2025,2025-07-09 23:00:00,15,0,0,0,0,0,0,Ward 2,False,Rest of Corridor
38.89463879333279,-77.03196594134194,vehicle,minor_or_property,2025,2025-07-12 02:05:00,14,0,0,0,0,0,0,Ward 2,False,Rest of Corridor
38.905555971777744,-77.05703434781006,vehicle,minor_or_property,2025,2025-07-13 20:33:00,5,0,0,0,0,0,0,Ward 2,False,Rest of Corridor
38.89612012650432,-77.02997220893742,vehicle,minor_or_property,2025,2025-07-18 16:35:00,1,0,0,0,0,0,0,Ward 2,False,Rest of Corridor
38.89189219426773,-77.01626008996008,vehicle,minor_or_property,2025,2025-07-24 10:37:00,16,0,0,0,0,0,0,Ward 6,False,Rest of Corridor
38.90253377013588,-77.05011429462617,vehicle,minor_or_property,2025,2025-07-23 18:50:00,5,0,0,0,0,0,0,Ward 2,True,Impact Zone (17th-22nd St)
38.89548223815045,-77.03409932700194,vehicle,minor_or_property,2025,2025-07-23 17:40:00,15,0,0,0,0,0,0,Ward 2,False,Rest of Corridor
38.89953767708223,-77.04000910511687,vehicle,minor_or_property,2025,2025-07-25 14:53:00,4,0,0,0,0,0,0,Ward 2,True,Impact Zone (17th-22nd St)
38.90159685014576,-77.04743076894036,vehicle,minor_or_property,2025,2025-07-30 21:07:00,3,0,0,0,0,0,0,Ward 2,True,Impact Zone (17th-22nd St)
38.90538857758658,-77.05811481047725,vehicle,minor_or_property,2025,2025-07-04 22:20:00,1,0,0,0,0,0,0,Ward 2,False,Rest of Corridor
38.90489065639789,-77.05916067197582,vehicle,minor_or_property,2025,2025-07-27 16:36:00,1,0,0,0,0,0,0,Ward 2,False,Rest of Corridor
38.90308379559924,-77.0517010295448,vehicle,minor_or_property,2025,2025-08-06 21:48:00,2,0,0,0,0,0,0,Ward 2,False,Rest of Corridor
38.898821094763015,-77.03946212586052,vehicle,minor_or_property,2025,2025-08-05 22:00:00,4,0,0,0,0,0,0,Ward 2,True,Impact Zone (17th-22nd St)
38.90608475253188,-77.05798703486322,vehicle,minor_or_property,2025,2025-08-03 21:30:00,5,0,0,0,0,0,0,Ward 2,False,Rest of Corridor
38.89464381039959,-77.02669461074827,vehicle,minor_or_property,2025,2025-08-04 03:24:00,14,0,0,0,0,0,0,Ward 2,False,Rest of Corridor
38.89611712949168,-77.03136831148156,vehicle,minor_or_property,2025,2025-08-04 19:20:00,2,0,0,0,0,0,0,Ward 2,False,Rest of Corridor
38.89374972410133,-77.02191607331292,vehicle,minor_or_property,2025,2025-08-09 15:27:00,9,0,0,0,0,0,0,Ward 6,False,Rest of Corridor
38.90159685014576,-77.04743076894036,vehicle,minor_or_property,2025,2025-08-07 15:00:00,3,0,0,0,0,0,0,Ward 2,True,Impact Zone (17th-22nd St)
38.89375769575656,-77.02349553089917,vehicle,minor_or_property,2025,2025-08-08 03:00:00,10,0,0,0,0,0,0,Ward 2,False,Rest of Corridor
38.893604610814826,-77.01962191599878,vehicle,minor_or_property,2025,2025-08-13 12:30:00,9,0,0,0,0,0,0,Ward 6,False,Rest of Corridor
38.89375769575656,-77.02349553089917,vehicle,minor_or_property,2025,2025-07-30 19:15:00,10,0,0,0,0,0,0,Ward 2,False,Rest of Corridor
38.89296034576299,-77.02058920475065,vehicle,minor_or_property,2025,2025-08-09 19:48:00,9,0,0,0,0,0,0,Ward 2,False,Rest of Corridor
38.89955283580343,-77.04156390018247,vehicle,minor_or_property,2025,2025-08-11 21:50:00,3,0,0,0,0,0,0,Ward 2,True,Impact Zone (17th-22nd St)
38.89611400154633,-77.03170951458792,vehicle,minor_or_property,2025,2025-08-15 18:45:00,2,0,0,0,0,0,0,Ward 2,False,Rest of Corridor
38.8920832740634,-77.01953167979903,vehicle,minor_or_property,2025,2025-08-12 15:48:00,9,0,0,0,0,0,0,Ward 2,False,Rest of Corridor
38.893604610814826,-77.01962191599878,vehicle,minor_or_property,2025,2025-08-12 13:40:00,9,0,0,0,0,0,0,Ward 6,False,Rest of Corridor
38.90012839484184,-77.04323560800779,vehicle,minor_or_property,2025,2025-08-17 05:53:00,4,0,0,0,0,0,0,Ward 2,True,Impact Zone (17th-22nd St)
38.90344966781021,-77.0501142463989,vehicle,minor_or_property,2025,2025-08-15 15:09:00,5,0,0,0,0,0,0,Ward 2,True,Impact Zone (17th-22nd St)
38.90489065639789,-77.05916067197582,vehicle,minor_or_property,2025,2025-08-13 21:30:00,1,0,0,0,0,0,0,Ward 2,False,Rest of Corridor
38.89203978905553,-77.01402428363672,vehicle,minor_or_property,2025,2025-08-21 06:00:00,15,0,0,0,0,0,0,Ward 2,False,Rest of Corridor
38.899013408927416,-77.04170749035332,vehicle,minor_or_property,2025,2025-08-18 21:15:00,4,0,0,0,0,0,0,Ward 2,True,Impact Zone (17th-22nd St)
38.89613339004325,-77.0296418573822,vehicle,minor_or_property,2025,2025-08-19 14:45:00,1,0,0,0,0,0,0,Ward 2,False,Rest of Corridor
38.89203978905553,-77.01402428363672,vehicle,minor_or_property,2025,2025-08-19 18:32:00,15,0,0,0,0,0,0,Ward 2,False,Rest of Corridor
38.90099891972479,-77.04490196032827,vehicle,minor_or_property,2025,2025-08-22 11:30:00,7,0,0,0,0,0,0,Ward 2,True,Impact Zone (17th-22nd St)
38.89878957530224,-77.03364427241857,vehicle,minor_or_property,2025,2025-08-25 21:48:00,5,0,0,0,0,0,0,Ward 2,False,Rest of Corridor
38.8920832740634,-77.01953167979903,vehicle,minor_or_property,2025,2025-08-24 18:45:00,9,0,0,0,0,0,0,Ward 2,False,Rest of Corridor
38.90524577878464,-77.05811155822899,vehicle,minor_or_property,2025,2025-08-22 15:55:00,1,0,0,0,0,0,0,Ward 2,False,Rest of Corridor
38.89502639987104,-77.02809846749615,vehicle,minor_or_property,2025,2025-08-06 21:50:00,13,0,0,0,0,0,0,Ward 2,False,Rest of Corridor
38.8920832740634,-77.01953167979903,vehicle,minor_or_property,2025,2025-08-29 11:12:00,9,0,0,0,0,0,0,Ward 2,False,Rest of Corridor
38.90308379559924,-77.0517010295448,vehicle,minor_or_property,2025,2025-09-01 13:15:00,2,0,0,0,0,0,0,Ward 2,False,Rest of Corridor
38.89375769575656,-77.02349553089917,vehicle,minor_or_property,2025,2025-08-30 12:45:00,10,0,0,0,0,0,0,Ward 2,False,Rest of Corridor
38.89203978905553,-77.01402428363672,vehicle,minor_or_property,2025,2025-08-30 14:00:00,15,0,0,0,0,0,0,Ward 2,False,Rest of Corridor
38.90186695249349,-77.05074257892684,vehicle,minor_or_property,2025,2025-08-30 06:00:00,5,0,0,0,0,0,0,Ward 2,False,Rest of Corridor
38.90489065639789,-77.05916067197582,vehicle,minor_or_property,2025,2025-09-03 12:25:00,1,0,0,0,0,0,0,Ward 2,False,Rest of Corridor
38.896965074065946,-77.03364835728065,vehicle,minor_or_property,2025,2025-09-08 11:50:00,14,0,0,0,0,0,0,Ward 2,False,Rest of Corridor
38.90118525233063,-77.04346308116831,vehicle,minor_or_property,2025,2025-09-08 18:40:00,6,0,0,0,0,0,0,Ward 2,True,Impact Zone (17th-22nd St)
38.90344966781021,-77.0501142463989,vehicle,minor_or_property,2025,2025-09-11 18:35:00,5,0,0,0,0,0,0,Ward 2,True,Impact Zone (17th-22nd St)
38.90127520748897,-77.0465101619725,vehicle,minor_or_property,2025,2025-09-11 12:00:00,6,0,0,0,0,0,0,Ward 2,True,Impact Zone (17th-22nd St)
38.90479550989136,-77.0566159758873,vehicle,minor_or_property,2025,2025-09-11 04:00:00,5,0,0,0,0,0,0,Ward 2,False,Rest of Corridor
38.89475694033399,-77.0281034794998,vehicle,minor_or_property,2025,2025-09-09 13:19:00,12,0,0,0,0,0,0,Ward 2,False,Rest of Corridor
38.90568124038771,-77.05703751472275,vehicle,minor_or_property,2025,2025-09-12 02:50:00,5,0,0,0,0,0,0,Ward 2,False,Rest of Corridor
38.89955283580343,-77.04156390018247,vehicle,minor_or_property,2025,2025-09-12 07:00:00,3,0,0,0,0,0,0,Ward 2,True,Impact Zone (17th-22nd St)
38.90308379559924,-77.0517010295448,vehicle,minor_or_property,2025,2025-09-13 01:15:00,2,0,0,0,0,0,0,Ward 2,False,Rest of Corridor
38.89365345209729,-77.02505029278406,vehicle,minor_or_property,2025,2025-09-07 05:50:00,11,0,0,0,0,0,0,Ward 2,False,Rest of Corridor
38.90389459591776,-77.05404267228685,vehicle,minor_or_property,2025,2025-09-17 18:59:00,3,0,0,0,0,0,0,Ward 2,False,Rest of Corridor
38.90220201844187,-77.04911953941466,vehicle,minor_or_property,2025,2025-09-16 04:00:00,3,0,0,0,0,0,0,Ward 2,True,Impact Zone (17th-22nd St)
38.90538871829127,-77.05702491011222,vehicle,minor_or_property,2025,2025-09-17 00:08:00,5,0,0,0,0,0,0,Ward 2,False,Rest of Corridor
38.90374477569202,-77.0507330777328,vehicle,minor_or_property,2025,2025-09-18 21:40:00,5,0,0,0,0,0,0,Ward 2,False,Rest of Corridor
38.8950072560744,-77.02802769331497,vehicle,minor_or_property,2025,2025-09-22 09:50:00,12,0,0,0,0,0,0,Ward 2,False,Rest of Corridor
38.89702888377953,-77.03196821127743,vehicle,minor_or_property,2025,2025-09-25 21:25:00,14,0,0,0,0,0,0,Ward 2,False,Rest of Corridor
38.8935950501992,-77.0219170171282,vehicle,minor_or_property,2025,2025-09-25 18:38:00,9,0,0,0,0,0,0,Ward 6,False,Rest of Corridor
38.89431778836691,-77.02811579053134,vehicle,minor_or_property,2025,2025-09-20 03:00:00,12,0,0,0,0,0,0,Ward 2,False,Rest of Corridor
38.89893910782111,-77.03979699957205,vehicle,minor_or_property,2025,2025-08-05 22:00:00,4,0,0,0,0,0,0,Ward 2,True,Impact Zone (17th-22nd St)
38.90359803556103,-77.05011394713314,vehicle,minor_or_property,2025,2025-09-29 13:25:00,5,0,0,0,0,0,0,Ward 2,True,Impact Zone (17th-22nd St)
38.90505713524178,-77.05743676117778,vehicle,minor_or_property,2025,2025-09-26 19:10:00,1,0,0,0,0,0,0,Ward 2,False,Rest of Corridor
38.89702888377953,-77.03196821127743,vehicle,minor_or_property,2025,2025-09-26 22:21:00,14,0,0,0,0,0,0,Ward 2,False,Rest of Corridor
38.90280843410463,-77.04881852891253,vehicle,minor_or_property,2025,2025-10-01 21:45:00,5,0,0,0,0,0,0,Ward 2,True,Impact Zone (17th-22nd St)
38.90186695249349,-77.05074257892684,vehicle,minor_or_property,2025,2025-09-29 18:20:00,5,0,0,0,0,0,0,Ward 2,False,Rest of Corridor
38.90293911485154,-77.05128667643383,vehicle,minor_or_property,2025,2025-09-30 21:40:00,2,0,0,0,0,0,0,Ward 2,False,Rest of Corridor
38.89208110942328,-77.01545989995107,vehicle,minor_or_property,2025,2025-10-06 12:25:00,8,0,0,0,0,0,0,Ward 2,False,Rest of Corridor
38.90308379559924,-77.0517010295448,vehicle,minor_or_property,2025,2025-10-08 19:15:00,2,0,0,0,0,0,0,Ward 2,False,Rest of Corridor
38.90400972974714,-77.05330183522541,vehicle,minor_or_property,2025,2025-10-07 21:54:00,3,0,0,0,0,0,0,Ward 2,False,Rest of Corridor
38.89307715083813,-77.0210300799889,vehicle,minor_or_property,2025,2025-10-07 23:00:00,9,0,0,0,0,0,0,Ward 2,False,Rest of Corridor
38.90420253313479,-77.05494052086152,vehicle,minor_or_property,2025,2025-10-11 21:20:00,4,0,0,0,0,0,0,Ward 2,False,Rest of Corridor
38.905486194734046,-77.05703094858032,vehicle,minor_or_property,2025,2025-10-10 22:15:00,5,0,0,0,0,0,0,Ward 2,False,Rest of Corridor
38.89611236461422,-77.03196442296344,vehicle,minor_or_property,2025,2025-10-09 00:00:00,14,0,0,0,0,0,0,Ward 2,False,Rest of Corridor
38.90225611635904,-77.0466514615498,vehicle,minor_or_property,2025,2025-10-14 20:20:00,3,0,0,0,0,0,0,Ward 2,True,Impact Zone (17th-22nd St)
38.90038844450687,-77.04396956238948,vehicle,minor_or_property,2025,2025-10-15 11:40:00,6,0,0,0,0,0,0,Ward 2,True,Impact Zone (17th-22nd St)
38.90447379008284,-77.05809297874977,vehicle,minor_or_property,2025,2025-10-17 21:35:00,1,0,0,0,0,0,0,Ward 2,False,Rest of Corridor
38.89204678939621,-77.01424072580507,vehicle,minor_or_property,2025,2025-10-19 05:33:00,15,0,0,0,0,0,0,Ward 2,False,Rest of Corridor
38.905486194734046,-77.05703094858032,vehicle,minor_or_property,2025,2025-10-20 20:30:00,5,0,0,0,0,0,0,Ward 2,False,Rest of Corridor
38.90308379559924,-77.0517010295448,vehicle,minor_or_property,2025,2025-10-25 01:20:00,2,0,0,0,0,0,0,Ward 2,False,Rest of Corridor
38.90359803556103,-77.05011394713314,vehicle,minor_or_property,2025,2025-10-24 23:41:00,5,0,0,0,0,0,0,Ward 2,True,Impact Zone (17th-22nd St)
38.90400972974714,-77.05330183522541,vehicle,minor_or_property,2025,2025-10-30 02:57:00,3,0,0,0,0,0,0,Ward 2,False,Rest of Corridor
38.89955283580343,-77.04156390018247,vehicle,minor_or_property,2025,2025-10-21 10:50:00,3,0,0,0,0,0,0,Ward 2,True,Impact Zone (17th-22nd St)
38.89204678939621,-77.01424072580507,vehicle,minor_or_property,2025,2025-10-28 10:40:00,15,0,0,0,0,0,0,Ward 2,False,Rest of Corridor
38.90564524308558,-77.0570373591166,vehicle,minor_or_property,2025,2025-10-28 16:56:00,5,0,0,0,0,0,0,Ward 2,False,Rest of Corridor
38.89409225867365,-77.02113229159195,vehicle,minor_or_property,2025,2025-11-01 09:00:00,9,0,0,0,0,0,0,Ward 6,False,Rest of Corridor
38.89204678939621,-77.01424072580507,vehicle,minor_or_property,2025,2025-10-31 21:43:00,15,0,0,0,0,0,0,Ward 2,False,Rest of Corridor
38.89296034576299,-77.02058920475065,vehicle,minor_or_property,2025,2025-11-03 13:17:00,9,0,0,0,0,0,0,Ward 2,False,Rest of Corridor
38.89203978905553,-77.01402428363672,vehicle,minor_or_property,2025,2025-10-31 20:27:00,15,0,0,0,0,0,0,Ward 2,False,Rest of Corridor
38.90118525233063,-77.04346308116831,vehicle,minor_or_property,2025,2025-11-04 11:10:00,6,0,0,0,0,0,0,Ward 2,True,Impact Zone (17th-22nd St)
38.90308379559924,-77.0517010295448,vehicle,minor_or_property,2025,2025-11-04 13:42:00,2,0,0,0,0,0,0,Ward 2,False,Rest of Corridor
38.90542643352761,-77.05916802228273,vehicle,minor_or_property,2025,2025-11-06 19:42:00,1,0,0,0,0,0,0,Ward 2,False,Rest of Corridor
38.89832555175187,-77.03279874537718,vehicle,minor_or_property,2025,2025-11-08 21:15:00,5,0,0,0,0,0,0,Ward 2,False,Rest of Corridor
38.9051284106375,-77.05810815377609,vehicle,minor_or_property,2025,2025-11-06 14:39:00,1,0,0,0,0,0,0,Ward 2,False,Rest of Corridor
38.90192694143246,-77.0483802573267,vehicle,minor_or_property,2025,2025-11-07 13:35:00,3,0,0,0,0,0,0,Ward 2,True,Impact Zone (17th-22nd St)
38.90360565785679,-77.05141715421482,vehicle,minor_or_property,2025,2025-11-07 20:25:00,2,0,0,0,0,0,0,Ward 2,False,Rest of Corridor
38.90351575329282,-77.05011382015036,vehicle,minor_or_property,2025,2025-11-10 16:03:00,5,0,0,0,0,0,0,Ward 2,True,Impact Zone (17th-22nd St)
38.89640161761281,-77.03330665508463,vehicle,minor_or_property,2025,2025-11-12 22:50:00,14,0,0,0,0,0,0,Ward 2,False,Rest of Corridor
38.90022013583179,-77.04090988892756,vehicle,minor_or_property,2025,2025-11-15 23:15:00,4,0,0,0,0,0,0,Ward 2,True,Impact Zone (17th-22nd St)
38.90305030823386,-77.04992751231448,vehicle,minor_or_property,2025,2025-11-22 10:05:00,5,0,0,0,0,0,0,Ward 2,True,Impact Zone (17th-22nd St)
38.90288718726142,-77.05330666848796,vehicle,minor_or_property,2025,2025-11-20 15:02:00,2,0,0,0,0,0,0,Ward 2,False,Rest of Corridor
38.89922172811387,-77.04060575917191,vehicle,minor_or_property,2025,2025-11-19 23:30:00,4,0,0,0,0,0,0,Ward 2,True,Impact Zone (17th-22nd St)
38.89375769575656,-77.02349553089917,vehicle,minor_or_property,2025,2025-11-21 22:15:00,10,0,0,0,0,0,0,Ward 2,False,Rest of Corridor
38.90052014043082,-77.04170203079538,vehicle,major_injury,2025,2025-11-26 22:50:00,4,0,0,0,0,0,1,Ward 2,True,Impact Zone (17th-22nd St)
38.89203978905553,-77.01402428363672,vehicle,minor_or_property,2025,2025-11-25 23:00:00,15,0,0,0,0,0,0,Ward 2,False,Rest of Corridor
38.89374972410133,-77.02191607331292,vehicle,minor_or_property,2025,2025-11-25 03:25:00,9,0,0,0,0,0,0,Ward 6,False,Rest of Corridor
38.902792858741606,-77.04881832226555,vehicle,minor_or_property,2025,2025-10-31 22:15:00,5,0,0,0,0,0,0,Ward 2,True,Impact Zone (17th-22nd St)
38.902532051220085,-77.05210770471453,vehicle,minor_or_property,2025,2025-11-29 14:43:00,2,0,0,0,0,0,0,Ward 2,False,Rest of Corridor
38.903021346085886,-77.05041063618145,vehicle,minor_or_property,2025,2025-12-05 20:35:00,5,0,0,0,0,0,0,Ward 2,True,Impact Zone (17th-22nd St)
38.89203978905553,-77.01402428363672,vehicle,minor_or_property,2025,2025-12-05 01:00:00,15,0,0,0,0,0,0,Ward 2,False,Rest of Corridor
38.89805410487137,-77.03364640402414,vehicle,minor_or_property,2025,2025-12-03 21:50:00,5,0,0,0,0,0,0,Ward 2,False,Rest of Corridor
38.90335816405467,-77.05248679674386,vehicle,minor_or_property,2025,2025-12-03 20:30:00,2,0,0,0,0,0,0,Ward 2,False,Rest of Corridor
38.89374972410133,-77.02191607331292,vehicle,minor_or_property,2025,2025-12-11 18:10:00,9,0,0,0,0,0,0,Ward 6,False,Rest of Corridor
38.903021346085886,-77.05041063618145,vehicle,minor_or_property,2025,2025-11-01 21:45:00,5,0,0,0,0,0,0,Ward 2,True,Impact Zone (17th-22nd St)
38.90028976489431,-77.04368684056377,vehicle,minor_or_property,2025,2025-12-11 21:11:00,6,0,0,0,0,0,0,Ward 2,True,Impact Zone (17th-22nd St)
38.90297493202976,-77.05138928436196,vehicle,minor_or_property,2025,2025-12-09 22:01:00,2,0,0,0,0,0,0,Ward 2,False,Rest of Corridor
38.89641107108998,-77.0339818896049,vehicle,minor_or_property,2025,2025-12-10 17:05:00,14,0,0,0,0,0,0,Ward 2,False,Rest of Corridor
38.9051284106375,-77.05810815377609,vehicle,minor_or_property,2025,2025-12-14 04:00:00,1,0,0,0,0,0,0,Ward 2,False,Rest of Corridor
38.90305030823386,-77.04992751231448,vehicle,minor_or_property,2025,2025-12-18 04:13:00,5,0,0,0,0,0,0,Ward 2,True,Impact Zone (17th-22nd St)
38.90134338102978,-77.0454849961192,vehicle,minor_or_property,2025,2025-12-19 12:30:00,6,0,0,0,0,0,0,Ward 2,True,Impact Zone (17th-22nd St)
38.89296034576299,-77.02058920475065,vehicle,minor_or_property,2025,2025-12-18 15:28:00,9,0,0,0,0,0,0,Ward 2,False,Rest of Corridor
38.90420253313479,-77.05494052086152,vehicle,minor_or_property,2025,2025-12-21 17:40:00,4,0,0,0,0,0,0,Ward 2,False,Rest of Corridor
38.90381516099004,-77.05380684786033,vehicle,minor_or_property,2025,2025-12-19 22:36:00,3,0,0,0,0,0,0,Ward 2,False,Rest of Corridor
38.89623947724568,-77.03247042576785,vehicle,minor_or_property,2025,2025-12-20 19:01:00,14,0,0,0,0,0,0,Ward 2,False,Rest of Corridor
38.90041089614896,-77.04403385782308,vehicle,minor_or_property,2025,2025-12-27 05:00:00,6,0,0,0,0,0,0,Ward 2,True,Impact Zone (17th-22nd St)
38.90545090011165,-77.05916822704384,vehicle,minor_or_property,2025,2025-12-25 20:35:00,1,0,0,0,0,0,0,Ward 2,False,Rest of Corridor
38.89877770441499,-77.03391724982244,vehicle,minor_or_property,2025,2025-12-31 20:00:00,5,0,0,0,0,0,0,Ward 2,False,Rest of Corridor
38.90159685014576,-77.04743076894036,vehicle,minor_or_property,2026,2026-01-06 14:50:00,3,0,0,0,0,0,0,Ward 2,True,Impact Zone (17th-22nd St)
38.89431778836691,-77.02811579053134,vehicle,minor_or_property,2026,2026-01-04 22:00:00,12,0,0,0,0,0,0,Ward 2,False,Rest of Corridor
38.90118525233063,-77.04346308116831,vehicle,minor_or_property,2026,2026-01-11 11:25:00,6,0,0,0,0,0,0,Ward 2,True,Impact Zone (17th-22nd St)
38.90045478581812,-77.04665397250135,vehicle,minor_or_property,2026,2026-01-12 01:30:00,6,0,0,0,0,0,0,Ward 2,True,Impact Zone (17th-22nd St)
38.8936057933668,-77.01992667143787,vehicle,minor_or_property,2026,2026-01-12 15:00:00,9,0,0,0,0,0,0,Ward 6,False,Rest of Corridor
38.89208110942328,-77.01545989995107,vehicle,minor_or_property,2026,2026-01-10 03:59:00,8,0,0,0,0,0,0,Ward 2,False,Rest of Corridor
38.90253377013588,-77.05011429462617,vehicle,minor_or_property,2026,2026-01-13 13:40:00,5,0,0,0,0,0,0,Ward 2,True,Impact Zone (17th-22nd St)
38.90420253313479,-77.05494052086152,vehicle,minor_or_property,2026,2026-01-13 14:20:00,4,0,0,0,0,0,0,Ward 2,False,Rest of Corridor
38.89611400154633,-77.03170951458792,vehicle,minor_or_property,2026,2026-01-14 14:12:00,2,0,0,0,0,0,0,Ward 2,False,Rest of Corridor
38.89955283580343,-77.04156390018247,vehicle,minor_or_property,2026,2026-01-13 23:16:00,3,0,0,0,0,0,0,Ward 2,True,Impact Zone (17th-22nd St)
38.89960175414323,-77.04170731559238,vehicle,minor_or_property,2026,2026-01-14 18:11:00,4,0,0,0,0,0,0,Ward 2,True,Impact Zone (17th-22nd St)
38.89464189667551,-77.03135120174998,vehicle,minor_or_property,2026,2026-01-19 21:35:00,14,0,0,0,0,0,0,Ward 2,False,Rest of Corridor
38.89611400154633,-77.03170951458792,vehicle,minor_or_property,2026,2026-01-23 13:05:00,2,0,0,0,0,0,0,Ward 2,False,Rest of Corridor
38.90281718117341,-77.04881863865708,vehicle,minor_or_property,2026,2026-01-29 15:30:00,5,0,0,0,0,0,0,Ward 2,True,Impact Zone (17th-22nd St)
38.90253379873442,-77.0480303261231,vehicle,minor_or_property,2026,2026-01-29 16:47:00,3,0,0,0,0,0,0,Ward 2,True,Impact Zone (17th-22nd St)
38.90282694824717,-77.05096544207385,vehicle,minor_or_property,2026,2026-01-29 05:00:00,6,0,0,0,0,0,0,Ward 2,False,Rest of Corridor
38.89623947724568,-77.03247042576785,vehicle,minor_or_property,2026,2026-01-29 23:00:00,14,0,0,0,0,0,0,Ward 2,False,Rest of Corridor
38.89611400154633,-77.03170951458792,vehicle,minor_or_property,2026,2026-01-28 16:40:00,2,0,0,0,0,0,0,Ward 2,False,Rest of Corridor
38.90539071806049,-77.05702508464705,vehicle,minor_or_property,2026,2026-01-31 17:05:00,5,0,0,0,0,0,0,Ward 2,False,Rest of Corridor
38.90057554301537,-77.04450648099436,vehicle,minor_or_property,2026,2026-02-01 04:27:00,6,0,0,0,0,0,0,Ward 2,True,Impact Zone (17th-22nd St)
38.89623947724568,-77.03247042576785,vehicle,minor_or_property,2026,2026-02-04 20:55:00,14,0,0,0,0,0,0,Ward 2,False,Rest of Corridor
38.89538432921228,-77.02938058771117,vehicle,minor_or_property,2025,2025-11-05 18:55:00,12,0,0,0,0,0,0,Ward 2,False,Rest of Corridor
38.89853583166179,-77.03947476408395,vehicle,minor_or_property,2026,2026-02-03 21:15:00,6,0,0,0,0,0,0,Ward 2,True,Impact Zone (17th-22nd St)
38.90038844450687,-77.04396956238948,vehicle,minor_or_property,2026,2026-02-05 21:00:00,6,0,0,0,0,0,0,Ward 2,True,Impact Zone (17th-22nd St)
38.90220201844187,-77.04911953941466,vehicle,minor_or_property,2026,2026-02-05 22:00:00,3,0,0,0,0,0,0,Ward 2,True,Impact Zone (17th-22nd St)
38.8950072560744,-77.02802769331497,vehicle,minor_or_property,2026,2026-02-05 17:15:00,12,0,0,0,0,0,0,Ward 2,False,Rest of Corridor
38.90186695249349,-77.05074257892684,vehicle,minor_or_property,2026,2026-02-09 14:05:00,5,0,0,0,0,0,0,Ward 2,False,Rest of Corridor
38.9013952244865,-77.04883147651492,vehicle,minor_or_property,2026,2026-02-13 00:32:00,3,0,0,0,0,0,0,Ward 2,True,Impact Zone (17th-22nd St)
38.89611400154633,-77.03170951458792,vehicle,minor_or_property,2026,2026-02-19 04:40:00,2,0,0,0,0,0,0,Ward 2,False,Rest of Corridor
38.9021038004375,-77.05053433452537,vehicle,minor_or_property,2025,2025-10-17 20:00:00,5,0,0,0,0,0,0,Ward 2,True,Impact Zone (17th-22nd St)
38.89653320700657,-77.03196982203339,vehicle,minor_or_property,2026,2026-02-22 03:25:00,14,0,0,0,0,0,0,Ward 2,False,Rest of Corridor
38.89702888377953,-77.03196821127743,vehicle,minor_or_property,2026,2026-02-25 19:11:00,14,0,0,0,0,0,0,Ward 2,False,Rest of Corridor
38.89613339004325,-77.0296418573822,vehicle,minor_or_property,2026,2026-02-26 19:40:00,1,0,0,0,0,0,0,Ward 2,False,Rest of Corridor
38.9014174504313,-77.04946829892108,vehicle,minor_or_property,2026,2026-02-24 20:50:00,1,0,0,0,0,0,0,Ward 2,True,Impact Zone (17th-22nd St)
38.902795683240434,-77.0508758882482,vehicle,minor_or_property,2026,2026-03-01 06:20:00,6,0,0,0,0,0,0,Ward 2,False,Rest of Corridor
38.90253377013588,-77.05011429462617,vehicle,minor_or_property,2026,2026-03-01 08:17:00,5,0,0,0,0,0,0,Ward 2,True,Impact Zone (17th-22nd St)
38.90192694143246,-77.0483802573267,vehicle,minor_or_property,2026,2026-02-27 19:00:00,3,0,0,0,0,0,0,Ward 2,True,Impact Zone (17th-22nd St)
38.89538432921228,-77.02938058771117,vehicle,minor_or_property,2026,2026-02-28 19:50:00,12,0,0,0,0,0,0,Ward 2,False,Rest of Corridor
38.90118525233063,-77.04346308116831,vehicle,minor_or_property,2026,2026-03-03 13:50:00,6,0,0,0,0,0,0,Ward 2,True,Impact Zone (17th-22nd St)
38.893604610814826,-77.01962191599878,vehicle,minor_or_property,2026,2026-03-03 17:25:00,9,0,0,0,0,0,0,Ward 6,False,Rest of Corridor
38.89413671933712,-77.02811908512203,vehicle,minor_or_property,2026,2026-03-05 01:35:00,12,0,0,0,0,0,0,Ward 2,False,Rest of Corridor
38.89203978905553,-77.01402428363672,vehicle,minor_or_property,2026,2026-03-13 22:00:00,15,0,0,0,0,0,0,Ward 2,False,Rest of Corridor
38.89375769575656,-77.02349553089917,vehicle,minor_or_property,2026,2026-03-14 04:10:00,10,0,0,0,0,0,0,Ward 2,False,Rest of Corridor
38.89653320700657,-77.03196982203339,vehicle,minor_or_property,2026,2026-03-17 21:00:00,14,0,0,0,0,0,0,Ward 2,False,Rest of Corridor
38.89475694033399,-77.0281034794998,vehicle,minor_or_property,2026,2026-03-17 18:00:00,12,0,0,0,0,0,0,Ward 2,False,Rest of Corridor
38.89464381039959,-77.02669461074827,vehicle,minor_or_property,2026,2026-03-17 11:30:00,14,0,0,0,0,0,0,Ward 2,False,Rest of Corridor
38.89464381039959,-77.02669461074827,vehicle,minor_or_property,2026,2026-03-17 11:30:00,14,0,0,0,0,0,0,Ward 2,False,Rest of Corridor
38.89875198203422,-77.03881856038682,vehicle,minor_or_property,2026,2026-03-15 07:55:00,6,0,0,0,0,0,0,Ward 2,True,Impact Zone (17th-22nd St)
38.8962901071371,-77.0326540257865,vehicle,minor_or_property,2026,2026-03-18 17:05:00,14,0,0,0,0,0,0,Ward 2,False,Rest of Corridor
38.905422363098914,-77.05702776163407,vehicle,minor_or_property,2026,2026-03-19 00:15:00,5,0,0,0,0,0,0,Ward 2,False,Rest of Corridor
38.90359803556103,-77.05011394713314,vehicle,minor_or_property,2026,2026-03-19 00:50:00,5,0,0,0,0,0,0,Ward 2,True,Impact Zone (17th-22nd St)
38.89853583166179,-77.03947476408395,vehicle,minor_or_property,2026,2026-03-18 15:05:00,6,0,0,0,0,0,0,Ward 2,True,Impact Zone (17th-22nd St)
38.90281718117341,-77.04881863865708,vehicle,minor_or_property,2026,2026-03-23 19:50:00,5,0,0,0,0,0,0,Ward 2,True,Impact Zone (17th-22nd St)
38.89613339004325,-77.0296418573822,vehicle,minor_or_property,2026,2026-03-24 17:25:00,1,0,0,0,0,0,0,Ward 2,False,Rest of Corridor
38.89189219426773,-77.01626008996008,vehicle,minor_or_property,2026,2026-03-20 21:11:00,16,0,0,0,0,0,0,Ward 6,False,Rest of Corridor
38.89702888377953,-77.03196821127743,vehicle,minor_or_property,2026,2026-03-26 02:45:00,14,0,0,0,0,0,0,Ward 2,False,Rest of Corridor
38.902795683240434,-77.0508758882482,vehicle,minor_or_property,2026,2026-03-28 04:00:00,6,0,0,0,0,0,0,Ward 2,False,Rest of Corridor
38.89466599053782,-77.02810888457023,vehicle,minor_or_property,2026,2026-03-28 21:20:00,12,0,0,0,0,0,0,Ward 2,False,Rest of Corridor
38.89203978905553,-77.01402428363672,vehicle,minor_or_property,2026,2026-03-27 22:00:00,15,0,0,0,0,0,0,Ward 2,False,Rest of Corridor
38.89367478906318,-77.02319331874058,vehicle,minor_or_property,2026,2026-03-31 17:50:00,10,0,0,0,0,0,0,Ward 2,False,Rest of Corridor
38.90116704231444,-77.04490306913009,vehicle,minor_or_property,2026,2026-04-03 09:35:00,7,0,0,0,0,0,0,Ward 2,True,Impact Zone (17th-22nd St)
38.89393584648554,-77.02172080182773,vehicle,minor_or_property,2026,2026-04-04 20:48:00,9,0,0,0,0,0,0,Ward 6,False,Rest of Corridor
38.89297881937296,-77.02065472989676,vehicle,minor_or_property,2026,2026-04-04 21:29:00,9,0,0,0,0,0,0,Ward 6,False,Rest of Corridor
38.89189219426773,-77.01626008996008,vehicle,minor_or_property,2026,2026-04-05 03:12:00,16,0,0,0,0,0,0,Ward 6,False,Rest of Corridor
38.90118525233063,-77.04346308116831,vehicle,minor_or_property,2026,2026-04-09 12:10:00,6,0,0,0,0,0,0,Ward 2,True,Impact Zone (17th-22nd St)
38.89189219426773,-77.01626008996008,vehicle,minor_or_property,2026,2026-04-09 20:27:00,16,0,0,0,0,0,0,Ward 6,False,Rest of Corridor
38.89189219426773,-77.01626008996008,vehicle,minor_or_property,2026,2026-04-09 12:30:00,16,0,0,0,0,0,0,Ward 6,False,Rest of Corridor
38.90420253313479,-77.05494052086152,vehicle,minor_or_property,2026,2026-04-13 18:00:00,4,0,0,0,0,0,0,Ward 2,False,Rest of Corridor
38.89203978905553,-77.01402428363672,vehicle,minor_or_property,2026,2026-04-11 18:09:00,15,0,0,0,0,0,0,Ward 2,False,Rest of Corridor
38.89791229513252,-77.03364664838683,vehicle,minor_or_property,2026,2026-04-13 23:30:00,5,0,0,0,0,0,0,Ward 2,False,Rest of Corridor
38.905103863779246,-77.05916529901887,vehicle,minor_or_property,2026,2026-04-13 22:30:00,1,0,0,0,0,0,0,Ward 2,False,Rest of Corridor
38.90542335397234,-77.05702785465881,vehicle,minor_or_property,2026,2026-04-14 12:30:00,5,0,0,0,0,0,0,Ward 2,False,Rest of Corridor
38.89393584648554,-77.02172080182773,vehicle,minor_or_property,2026,2026-04-19 02:20:00,9,0,0,0,0,0,0,Ward 6,False,Rest of Corridor
38.90297493202976,-77.05138928436196,vehicle,minor_or_property,2026,2026-04-20 21:14:00,2,0,0,0,0,0,0,Ward 2,False,Rest of Corridor
38.90118525233063,-77.04346308116831,vehicle,minor_or_property,2026,2026-04-17 13:55:00,6,0,0,0,0,0,0,Ward 2,True,Impact Zone (17th-22nd St)
38.90052014043082,-77.04170203079538,vehicle,minor_or_property,2026,2026-04-23 12:35:00,4,0,0,0,0,0,0,Ward 2,True,Impact Zone (17th-22nd St)
38.90011385557112,-77.04490649866453,vehicle,minor_or_property,2026,2026-04-23 21:00:00,6,0,0,0,0,0,0,Ward 2,True,Impact Zone (17th-22nd St)
38.90118525233063,-77.04346308116831,vehicle,minor_or_property,2026,2026-04-26 03:30:00,6,0,0,0,0,0,0,Ward 2,True,Impact Zone (17th-22nd St)
38.90220201844187,-77.04911953941466,vehicle,minor_or_property,2026,2026-04-27 13:32:00,3,0,0,0,0,0,0,Ward 2,True,Impact Zone (17th-22nd St)
38.90225611635904,-77.0466514615498,vehicle,minor_or_property,2026,2026-04-27 21:45:00,3,0,0,0,0,0,0,Ward 2,True,Impact Zone (17th-22nd St)
38.89475694033399,-77.0281034794998,vehicle,minor_or_property,2026,2026-04-26 19:20:00,12,0,0,0,0,0,0,Ward 2,False,Rest of Corridor
38.9011469381695,-77.04614491683566,vehicle,minor_or_property,2026,2026-04-25 20:17:00,6,0,0,0,0,0,0,Ward 2,True,Impact Zone (17th-22nd St)
38.89367478906318,-77.02319331874058,vehicle,minor_or_property,2026,2026-04-30 17:15:00,10,0,0,0,0,0,0,Ward 2,False,Rest of Corridor
38.90305030823386,-77.04992751231448,vehicle,minor_or_property,2026,2026-04-30 21:50:00,5,0,0,0,0,0,0,Ward 2,True,Impact Zone (17th-22nd St)
38.89611400154633,-77.03170951458792,vehicle,minor_or_property,2026,2026-05-01 13:41:00,2,0,0,0,0,0,0,Ward 2,False,Rest of Corridor
38.89611400154633,-77.03170951458792,vehicle,minor_or_property,2026,2026-05-02 03:00:00,2,0,0,0,0,0,0,Ward 2,False,Rest of Corridor
38.902135881152766,-77.05141758192454,vehicle,minor_or_property,2026,2026-05-05 22:35:00,5,0,0,0,0,0,0,Ward 2,False,Rest of Corridor
38.89911494894849,-77.03278677333346,vehicle,minor_or_property,2026,2026-05-03 20:00:00,5,0,0,0,0,0,0,Ward 2,False,Rest of Corridor
38.9045889149318,-77.05329741435905,vehicle,minor_or_property,2026,2026-05-04 19:40:00,3,0,0,0,0,0,0,Ward 2,False,Rest of Corridor
38.90522678038569,-77.05917000106558,vehicle,minor_or_property,2026,2026-05-01 17:30:00,1,0,0,0,0,0,0,Ward 2,False,Rest of Corridor
38.89911067980968,-77.0394555652099,vehicle,minor_or_property,2026,2026-05-11 21:40:00,4,0,0,0,0,0,0,Ward 2,True,Impact Zone (17th-22nd St)
38.90306567838203,-77.05021734287025,vehicle,minor_or_property,2026,2026-05-05 22:00:00,5,0,0,0,0,0,0,Ward 2,True,Impact Zone (17th-22nd St)
38.9009572822722,-77.04560172809788,vehicle,minor_or_property,2026,2026-05-09 22:00:00,6,0,0,0,0,0,0,Ward 2,True,Impact Zone (17th-22nd St)
38.90374779215135,-77.05141611532162,vehicle,minor_or_property,2026,2026-05-13 02:00:00,2,0,0,0,0,0,0,Ward 2,False,Rest of Corridor
38.8920832740634,-77.01953167979903,vehicle,minor_or_property,2026,2026-05-12 18:09:00,9,0,0,0,0,0,0,Ward 2,False,Rest of Corridor
38.89612003597109,-77.02997396108987,vehicle,minor_or_property,2026,2026-05-18 22:26:00,1,0,0,0,0,0,0,Ward 2,False,Rest of Corridor
38.8920832740634,-77.01953167979903,vehicle,minor_or_property,2026,2026-05-20 11:30:00,9,0,0,0,0,0,0,Ward 2,False,Rest of Corridor
